id,family,subfamily,file,line,symbol_or_selector,property_or_usage,raw_value,current_token_or_formula,classification,closure_state,recommended_action,proof_needed,notes
GVT-0001,colors-theme-semantic-roles,java-constant,src/main/java/qupath/ext/astra/PipelineLauncher.java,155,CONTROL_BORDER,color,#7fa3ad,"private static final String CONTROL_BORDER = ""#7fa3ad"";",tokenized-pass-5,closed-proven,Keep production Java theme values routed through LauncherThemeTokens.,PipelineLauncherTest theme-token source guards plus targeted state screenshots,Theme/state pass 5 moved this production color or opacity value behind LauncherThemeTokens; dynamic channel RGB remains a documented data-driven exception.
GVT-0002,control-geometry,java-constant,src/main/java/qupath/ext/astra/PipelineLauncher.java,166,SCROLLBAR_THUMB_WIDTH,java-visual-literal,3.0,private static final double SCROLLBAR_THUMB_WIDTH = SCROLLBAR_GUTTER_WIDTH / 3.0;,tokenized-pass-3,closed-proven,Control geometry now routes through named LauncherGeometryTokens or explicit control helper methods; keep focused control diagnostics in sync.,focused control geometry diagnostics plus PipelineLauncherTest source guards,Control-geometry pass 3 resolved this production row with a named token/helper; screenshot review remains QA only.
GVT-0003,control-geometry,java-usage,src/main/java/qupath/ext/astra/PipelineLauncher.java,168,,java-visual-literal,2.0,(SCROLLBAR_GUTTER_WIDTH - SCROLLBAR_THUMB_WIDTH) / 2.0;,tokenized-pass-3,closed-proven,Control geometry now routes through named LauncherGeometryTokens or explicit control helper methods; keep focused control diagnostics in sync.,focused control geometry diagnostics plus PipelineLauncherTest source guards,Control-geometry pass 3 resolved this production row with a named token/helper; screenshot review remains QA only.
GVT-0004,borders-strokes,java-usage,src/main/java/qupath/ext/astra/PipelineLauncher.java,244,,java-visual-literal,2.0,- (BORDER_WIDTH * 2.0);,tokenized-pass-2,closed-proven,Keep as proof scaffolding or generated-token mirror; do not treat as production visual source.,rendered stroke alpha bounds + border width pixel scans,Formula now uses named LauncherGeometryTokens counts/divisors instead of raw shape or stroke multiplier.
GVT-0005,control-geometry,java-usage,src/main/java/qupath/ext/astra/PipelineLauncher.java,256,,java-visual-literal,2.0,"Math.min(PARAMETER_ANCHOR_WIDTH, PARAMETER_FIRST_ROW_HEIGHT) / 2.0;",tokenized-pass-3,closed-proven,Control geometry now routes through named LauncherGeometryTokens or explicit control helper methods; keep focused control diagnostics in sync.,focused control geometry diagnostics plus PipelineLauncherTest source guards,Control-geometry pass 3 resolved this production row with a named token/helper; screenshot review remains QA only.
GVT-0006,bevels-radii-arcs-tab-curvature,java-usage,src/main/java/qupath/ext/astra/PipelineLauncher.java,258,,radius/arc,2.0,PARAMETER_ANCHOR_PAINT_RADIUS * LauncherGeometryTokens.BEVEL_DIAMETER_DIVISOR;,tokenized-pass-1,closed-proven,Keep tokenized accent arc formula and verify with bevel proof artifacts.,rendered alpha bounds + path segment extraction + curve tangent/end-point proof,Pass 1 resolved raw accent arc literal through BEVEL_DIAMETER_DIVISOR.
GVT-0007,margins-padding-gaps-spacing,java-usage,src/main/java/qupath/ext/astra/PipelineLauncher.java,297,,java-visual-literal,2.0,ACCENT_INDENT - (BORDER_WIDTH * 2.0) - PARAMETER_ROW_EDGE_TO_BAR_GAP;,already-tokenized,closed-proven,Keep semantic spacing token/formula and verify with targeted geometry overlay.,geometry-overlay CSV expected/observed/delta; /private/tmp/astra-spacing-pass-final,Dependent panel left inset now uses BILATERAL_EDGE_COUNT for both border edges.
GVT-0008,margins-padding-gaps-spacing,java-usage,src/main/java/qupath/ext/astra/PipelineLauncher.java,358,,java-visual-literal,5.0 2.0,SEGMENT_LABEL_WIDTH - (LauncherGeometry.INTRA_PANEL_SUBTLE_GAP * 5.0 / 2.0);,already-tokenized,closed-proven,Keep semantic spacing token/formula and verify with targeted geometry overlay.,geometry-overlay CSV expected/observed/delta; /private/tmp/astra-spacing-pass-final,Segment button width reduction now has semantic SEGMENT_BUTTON_WIDTH_REDUCTION.
GVT-0009,control-geometry,java-usage,src/main/java/qupath/ext/astra/PipelineLauncher.java,364,,java-visual-literal,3.0,+ (SEGMENT_BUTTON_WIDTH * 3.0),tokenized-pass-3,closed-proven,Control geometry now routes through named LauncherGeometryTokens or explicit control helper methods; keep focused control diagnostics in sync.,focused control geometry diagnostics plus PipelineLauncherTest source guards,Control-geometry pass 3 resolved this production row with a named token/helper; screenshot review remains QA only.
GVT-0010,margins-padding-gaps-spacing,java-usage,src/main/java/qupath/ext/astra/PipelineLauncher.java,365,,java-visual-literal,2.0,+ (SEGMENT_CONTROL_GAP * 2.0);,already-tokenized,closed-proven,Keep semantic spacing token/formula and verify with targeted geometry overlay.,geometry-overlay CSV expected/observed/delta; /private/tmp/astra-spacing-pass-final,Widest segment row width now uses SEGMENT_CONTROL_GAP_COUNT.
GVT-0011,margins-padding-gaps-spacing,java-usage,src/main/java/qupath/ext/astra/PipelineLauncher.java,368,,java-visual-literal,2.0,+ (OPTIONS_GROUP_GAP * 2.0),already-tokenized,closed-proven,Keep semantic spacing token/formula and verify with targeted geometry overlay.,geometry-overlay CSV expected/observed/delta; /private/tmp/astra-spacing-pass-final,Options group width now uses BILATERAL_EDGE_COUNT.
GVT-0012,borders-strokes,java-usage,src/main/java/qupath/ext/astra/PipelineLauncher.java,369,,java-visual-literal,2.0,+ (SURFACE_BORDER_WIDTH * 2.0);,tokenized-pass-2,closed-proven,Keep as proof scaffolding or generated-token mirror; do not treat as production visual source.,rendered stroke alpha bounds + border width pixel scans,Formula now uses named LauncherGeometryTokens counts/divisors instead of raw shape or stroke multiplier.
GVT-0013,margins-padding-gaps-spacing,java-usage,src/main/java/qupath/ext/astra/PipelineLauncher.java,372,,java-visual-literal,2.0,+ (OPTIONS_PANEL_INSET * 2.0),already-tokenized,closed-proven,Keep semantic spacing token/formula and verify with targeted geometry overlay.,geometry-overlay CSV expected/observed/delta; /private/tmp/astra-spacing-pass-final,Menu width now uses BILATERAL_EDGE_COUNT.
GVT-0014,borders-strokes,java-usage,src/main/java/qupath/ext/astra/PipelineLauncher.java,373,,java-visual-literal,2.0,+ (SURFACE_BORDER_WIDTH * 2.0);,tokenized-pass-2,closed-proven,Keep as proof scaffolding or generated-token mirror; do not treat as production visual source.,rendered stroke alpha bounds + border width pixel scans,Formula now uses named LauncherGeometryTokens counts/divisors instead of raw shape or stroke multiplier.
GVT-0015,margins-padding-gaps-spacing,java-usage,src/main/java/qupath/ext/astra/PipelineLauncher.java,376,,java-visual-literal,2.0,+ (OPTIONS_PANEL_INSET * 2.0),already-tokenized,closed-proven,Keep semantic spacing token/formula and verify with targeted geometry overlay.,geometry-overlay CSV expected/observed/delta; /private/tmp/astra-spacing-pass-final,Menu popup width now uses BILATERAL_EDGE_COUNT.
GVT-0016,margins-padding-gaps-spacing,java-usage,src/main/java/qupath/ext/astra/PipelineLauncher.java,379,,java-visual-literal,2.0,MENU_POPUP_WIDTH + (MENU_EDGE_MARGIN * 2.0);,already-tokenized,closed-proven,Keep semantic spacing token/formula and verify with targeted geometry overlay.,geometry-overlay CSV expected/observed/delta; /private/tmp/astra-spacing-pass-final,Rendered menu popup width now uses BILATERAL_EDGE_COUNT.
GVT-0017,margins-padding-gaps-spacing,java-usage,src/main/java/qupath/ext/astra/PipelineLauncher.java,383,,java-visual-literal,2.0,OPTIONS_PANEL_INSET - (SURFACE_BORDER_WIDTH * 2.0);,already-tokenized,closed-proven,Keep semantic spacing token/formula and verify with targeted geometry overlay.,geometry-overlay CSV expected/observed/delta; /private/tmp/astra-spacing-pass-final,Simple menu item inset now uses BILATERAL_EDGE_COUNT.
GVT-0018,margins-padding-gaps-spacing,java-usage,src/main/java/qupath/ext/astra/PipelineLauncher.java,385,,java-visual-literal,2.0,MENU_WIDTH - (OPTIONS_PANEL_INSET * 2.0);,already-tokenized,closed-proven,Keep semantic spacing token/formula and verify with targeted geometry overlay.,geometry-overlay CSV expected/observed/delta; /private/tmp/astra-spacing-pass-final,Menu item width now uses BILATERAL_EDGE_COUNT.
GVT-0019,header-footer-tab-shape-metrics,java-usage,src/main/java/qupath/ext/astra/PipelineLauncher.java,391,,java-visual-literal,2.0,return PARAMETER_ROW_HEIGHT + (ACTION_RIBBON_INSET * 2.0);,tokenized-pass-2,closed-proven,Keep as proof scaffolding or generated-token mirror; do not treat as production visual source.,rendered button alpha + live path segment zero-delta table,Formula now uses named LauncherGeometryTokens counts/divisors instead of raw shape or stroke multiplier.
GVT-0020,header-footer-tab-shape-metrics,java-usage,src/main/java/qupath/ext/astra/PipelineLauncher.java,408,,java-visual-literal,2.0,- (ACTION_RIBBON_INSET * 2.0),tokenized-pass-2,closed-proven,Keep as proof scaffolding or generated-token mirror; do not treat as production visual source.,rendered button alpha + live path segment zero-delta table,Formula now uses named LauncherGeometryTokens counts/divisors instead of raw shape or stroke multiplier.
GVT-0021,borders-strokes,java-usage,src/main/java/qupath/ext/astra/PipelineLauncher.java,409,,java-visual-literal,2.0,- (SURFACE_BORDER_WIDTH * 2.0);,tokenized-pass-2,closed-proven,Keep as proof scaffolding or generated-token mirror; do not treat as production visual source.,rendered stroke alpha bounds + border width pixel scans,Formula now uses named LauncherGeometryTokens counts/divisors instead of raw shape or stroke multiplier.
GVT-0022,margins-padding-gaps-spacing,java-usage,src/main/java/qupath/ext/astra/PipelineLauncher.java,417,,java-visual-literal,2.0,- (WORKFLOW_ROW_INSET * 2.0),already-tokenized,closed-proven,Keep semantic spacing token/formula and verify with targeted geometry overlay.,geometry-overlay CSV expected/observed/delta; /private/tmp/astra-spacing-pass-final,Workflow chip width now uses BILATERAL_EDGE_COUNT for row insets and node gap count.
GVT-0023,header-footer-tab-shape-metrics,java-usage,src/main/java/qupath/ext/astra/PipelineLauncher.java,443,,java-visual-literal,2.0,+ (ACTION_SHELL_INSET * 2.0);,tokenized-pass-2,closed-proven,Keep as proof scaffolding or generated-token mirror; do not treat as production visual source.,rendered button alpha + live path segment zero-delta table,Formula now uses named LauncherGeometryTokens counts/divisors instead of raw shape or stroke multiplier.
GVT-0024,bevels-radii-arcs-tab-curvature,java-usage,src/main/java/qupath/ext/astra/PipelineLauncher.java,486,,java-visual-literal,2.0,"return Math.min(configuredBevelRadius, height / LauncherGeometryTokens.BEVEL_DIAMETER_DIVISOR);",tokenized-pass-1,closed-proven,Keep tab bevel clamp derived from BEVEL_DIAMETER_DIVISOR.,rendered alpha bounds + path segment extraction + curve tangent/end-point proof,Pass 1 resolved folder-tab bevel clamp literal through shared bevel diameter divisor.
GVT-0025,margins-padding-gaps-spacing,java-usage,src/main/java/qupath/ext/astra/PipelineLauncher.java,532,,java-visual-literal,2.0,LauncherGeometry.INTRA_PANEL_MARGIN - (SURFACE_BORDER_WIDTH * 2.0);,already-tokenized,closed-proven,Keep but verify semantic family and rendered proof coverage.,rendered bounds + overlay line deltas + CSV expected/observed/delta,Java visual/layout/timing literal or formula candidate.
GVT-0026,control-geometry,java-usage,src/main/java/qupath/ext/astra/PipelineLauncher.java,557,,java-visual-literal,7.0 5.0,PROJECT_LIST_WIDTH * 7.0 / 5.0;,tokenized-pass-3,closed-proven,Control geometry now routes through named LauncherGeometryTokens or explicit control helper methods; keep focused control diagnostics in sync.,focused control geometry diagnostics plus PipelineLauncherTest source guards,Control-geometry pass 3 resolved this production row with a named token/helper; screenshot review remains QA only.
GVT-0027,control-geometry,java-usage,src/main/java/qupath/ext/astra/PipelineLauncher.java,559,,java-visual-literal,7.0 8.0,PROJECT_LIST_HEIGHT * 7.0 / 8.0;,tokenized-pass-3,closed-proven,Control geometry now routes through named LauncherGeometryTokens or explicit control helper methods; keep focused control diagnostics in sync.,focused control geometry diagnostics plus PipelineLauncherTest source guards,Control-geometry pass 3 resolved this production row with a named token/helper; screenshot review remains QA only.
GVT-0028,margins-padding-gaps-spacing,java-usage,src/main/java/qupath/ext/astra/PipelineLauncher.java,579,,java-visual-literal,2.0,LauncherGeometry.INTRA_PANEL_MARGIN - (SURFACE_BORDER_WIDTH * 2.0);,already-tokenized,closed-proven,Keep but verify semantic family and rendered proof coverage.,rendered bounds + overlay line deltas + CSV expected/observed/delta,Java visual/layout/timing literal or formula candidate.
GVT-0029,margins-padding-gaps-spacing,java-usage,src/main/java/qupath/ext/astra/PipelineLauncher.java,588,,java-visual-literal,2.0,- (DASHBOARD_CARD_INSET * 2.0),already-tokenized,closed-proven,Keep semantic spacing token/formula and verify with targeted geometry overlay.,geometry-overlay CSV expected/observed/delta; /private/tmp/astra-spacing-pass-final,Dashboard card body height now uses BILATERAL_EDGE_COUNT.
GVT-0030,borders-strokes,java-usage,src/main/java/qupath/ext/astra/PipelineLauncher.java,589,,java-visual-literal,2.0,- (SURFACE_BORDER_WIDTH * 2.0);,tokenized-pass-2,closed-proven,Keep as proof scaffolding or generated-token mirror; do not treat as production visual source.,rendered stroke alpha bounds + border width pixel scans,Formula now uses named LauncherGeometryTokens counts/divisors instead of raw shape or stroke multiplier.
GVT-0031,margins-padding-gaps-spacing,java-usage,src/main/java/qupath/ext/astra/PipelineLauncher.java,594,,java-visual-literal,2.0,- (LauncherGeometry.INTRA_PANEL_SUBTLE_GAP * 2.0),already-tokenized,closed-proven,Keep but verify semantic family and rendered proof coverage.,rendered bounds + overlay line deltas + CSV expected/observed/delta,Java visual/layout/timing literal or formula candidate.
GVT-0032,control-geometry,java-usage,src/main/java/qupath/ext/astra/PipelineLauncher.java,599,,java-visual-literal,2.0 3.0,(DASHBOARD_CARD_HEIGHT * 2.0 * 3.0),tokenized-pass-3,closed-proven,Control geometry now routes through named LauncherGeometryTokens or explicit control helper methods; keep focused control diagnostics in sync.,focused control geometry diagnostics plus PipelineLauncherTest source guards,Control-geometry pass 3 resolved this production row with a named token/helper; screenshot review remains QA only.
GVT-0033,margins-padding-gaps-spacing,java-usage,src/main/java/qupath/ext/astra/PipelineLauncher.java,600,,java-visual-literal,2.0,+ (SECTION_CONTENT_GAP * 2.0);,already-tokenized,closed-proven,Keep semantic spacing token/formula and verify with targeted geometry overlay.,geometry-overlay CSV expected/observed/delta; /private/tmp/astra-spacing-pass-final,Dashboard grid max width now uses BILATERAL_EDGE_COUNT and TRILATERAL_EDGE_COUNT.
GVT-0034,margins-padding-gaps-spacing,java-usage,src/main/java/qupath/ext/astra/PipelineLauncher.java,628,,java-visual-literal,2.0,LauncherGeometry.INTRA_PANEL_TIGHT_GAP + (SURFACE_BORDER_WIDTH * 2.0);,already-tokenized,closed-proven,Keep but verify semantic family and rendered proof coverage.,rendered bounds + overlay line deltas + CSV expected/observed/delta,Java visual/layout/timing literal or formula candidate.
GVT-0035,margins-padding-gaps-spacing,java-usage,src/main/java/qupath/ext/astra/PipelineLauncher.java,636,,java-visual-literal,2.0,LauncherGeometry.INTRA_PANEL_MARGIN + (SURFACE_BORDER_WIDTH * 2.0);,already-tokenized,closed-proven,Keep but verify semantic family and rendered proof coverage.,rendered bounds + overlay line deltas + CSV expected/observed/delta,Java visual/layout/timing literal or formula candidate.
GVT-0036,margins-padding-gaps-spacing,java-usage,src/main/java/qupath/ext/astra/PipelineLauncher.java,638,,java-visual-literal,2.0,LauncherGeometry.INTRA_PANEL_TIGHT_GAP + (SURFACE_BORDER_WIDTH * 2.0);,already-tokenized,closed-proven,Keep but verify semantic family and rendered proof coverage.,rendered bounds + overlay line deltas + CSV expected/observed/delta,Java visual/layout/timing literal or formula candidate.
GVT-0037,borders-strokes,java-usage,src/main/java/qupath/ext/astra/PipelineLauncher.java,648,,java-visual-literal,2.0,SURFACE_BORDER_WIDTH / 2.0;,tokenized-pass-2,closed-proven,Keep as proof scaffolding or generated-token mirror; do not treat as production visual source.,rendered stroke alpha bounds + border width pixel scans,Formula now uses named LauncherGeometryTokens counts/divisors instead of raw shape or stroke multiplier.
GVT-0038,margins-padding-gaps-spacing,java-usage,src/main/java/qupath/ext/astra/PipelineLauncher.java,652,,java-visual-literal,5.0,HELP_SUMMARY_LABEL_WIDTH + (LauncherGeometry.INTRA_PANEL_MARGIN * 5.0);,already-tokenized,closed-proven,Keep but verify semantic family and rendered proof coverage.,rendered bounds + overlay line deltas + CSV expected/observed/delta,Java visual/layout/timing literal or formula candidate.
GVT-0039,control-geometry,java-constant,src/main/java/qupath/ext/astra/PipelineLauncher.java,707,MULTI_SELECT_BUTTON_SUMMARY_LIMIT,java-visual-literal,64,private static final int MULTI_SELECT_BUTTON_SUMMARY_LIMIT = 64;,tokenized-pass-3,closed-proven,Control geometry now routes through named LauncherGeometryTokens or explicit control helper methods; keep focused control diagnostics in sync.,focused control geometry diagnostics plus PipelineLauncherTest source guards,Control-geometry pass 3 resolved this production row with a named token/helper; screenshot review remains QA only.
GVT-0040,header-footer-tab-shape-metrics,java-usage,src/main/java/qupath/ext/astra/PipelineLauncher.java,714,,java-visual-literal,2.0,- (HeaderGeometry.ACTION_RIBBON_INSET * 2.0),already-tokenized,closed-proven,Keep but verify semantic family and rendered proof coverage.,rendered button alpha + live path segment zero-delta table,Java visual/layout/timing literal or formula candidate.
GVT-0041,margins-padding-gaps-spacing,java-usage,src/main/java/qupath/ext/astra/PipelineLauncher.java,798,,java-visual-literal,2.0,- (PARAMETER_ROW_HORIZONTAL_PADDING * 2.0),already-tokenized,closed-proven,Keep semantic spacing token/formula and verify with targeted geometry overlay.,geometry-overlay CSV expected/observed/delta; /private/tmp/astra-spacing-pass-final,Parameter label text width now uses BILATERAL_EDGE_COUNT.
GVT-0042,opacity-translucency-disabled,java-usage,src/main/java/qupath/ext/astra/PipelineLauncher.java,4174,,opacity,1.0d 0.48d,motionRow.setOpacity(enabled ? 1.0d : 0.48d);,tokenized-pass-5,closed-proven,Keep production Java theme values routed through LauncherThemeTokens.,PipelineLauncherTest theme-token source guards plus targeted state screenshots,Theme/state pass 5 moved this production color or opacity value behind LauncherThemeTokens; dynamic channel RGB remains a documented data-driven exception.
GVT-0043,control-geometry,java-usage,src/main/java/qupath/ext/astra/PipelineLauncher.java,4705,,height,0,widthProbe.setMaxHeight(0);,tokenized-pass-3,closed-proven,Control geometry now routes through named LauncherGeometryTokens or explicit control helper methods; keep focused control diagnostics in sync.,focused control geometry diagnostics plus PipelineLauncherTest source guards,Control-geometry pass 3 resolved this production row with a named token/helper; screenshot review remains QA only.
GVT-0044,colors-theme-semantic-roles,java-usage,src/main/java/qupath/ext/astra/PipelineLauncher.java,5182,,setStyle,3140 #31404a,"swatch.setStyle(""-fx-fill: "" + channelColor(channel) + ""; -fx-stroke: #31404a; -fx-stroke-width: "" + CHANNEL_SWATCH_STROKE_WIDTH + "";"");",tokenized-pass-5,closed-proven,Keep production Java theme values routed through LauncherThemeTokens.,PipelineLauncherTest theme-token source guards plus targeted state screenshots,Theme/state pass 5 moved this production color or opacity value behind LauncherThemeTokens; dynamic channel RGB remains a documented data-driven exception.
GVT-0045,motion-animation-gradient-speed,java-usage,src/main/java/qupath/ext/astra/PipelineLauncher.java,6273,,java-visual-literal,-1.0d,"Math.max(LauncherGeometry.FLUSH, shimmer.prefWidth(-1.0d)),",tokenized-pass-6,closed-proven,"Keep production motion, timeout, shimmer, and gradient texture policy routed through LauncherMotionTokens.",LauncherMotionTokens source guard plus gradient motion/seam preview diagnostics.,"Motion pass 6 routed production timing, shimmer, texture, seam, dither, and runtime timeout policy through LauncherMotionTokens."
GVT-0046,motion-animation-gradient-speed,java-usage,src/main/java/qupath/ext/astra/PipelineLauncher.java,6347,,java-visual-literal,-1.0d,"double shimmerWidth = Math.max(LauncherGeometry.FLUSH, shimmer.prefWidth(-1.0d));",tokenized-pass-6,closed-proven,"Keep production motion, timeout, shimmer, and gradient texture policy routed through LauncherMotionTokens.",LauncherMotionTokens source guard plus gradient motion/seam preview diagnostics.,"Motion pass 6 routed production timing, shimmer, texture, seam, dither, and runtime timeout policy through LauncherMotionTokens."
GVT-0047,motion-animation-gradient-speed,java-usage,src/main/java/qupath/ext/astra/PipelineLauncher.java,6616,,motion/duration,1.0,"elapsedHeartbeat = new Timeline(new KeyFrame(Duration.seconds(1.0), event -> output.refreshTimelineElapsed()));",tokenized-pass-6,closed-proven,"Keep production motion, timeout, shimmer, and gradient texture policy routed through LauncherMotionTokens.",LauncherMotionTokens source guard plus gradient motion/seam preview diagnostics.,"Motion pass 6 routed production timing, shimmer, texture, seam, dither, and runtime timeout policy through LauncherMotionTokens."
GVT-0048,motion-animation-gradient-speed,java-usage,src/main/java/qupath/ext/astra/PipelineLauncher.java,7067,,motion/duration,350.0,"pendingSave = new Timeline(new KeyFrame(Duration.millis(350.0), event -> saveCurrent()));",tokenized-pass-6,closed-proven,"Keep production motion, timeout, shimmer, and gradient texture policy routed through LauncherMotionTokens.",LauncherMotionTokens source guard plus gradient motion/seam preview diagnostics.,"Motion pass 6 routed production timing, shimmer, texture, seam, dither, and runtime timeout policy through LauncherMotionTokens."
GVT-0049,colors-theme-semantic-roles,java-usage,src/main/java/qupath/ext/astra/PipelineLauncher.java,8435,,color,12px #fbfdff,"return ""-fx-font-family: "" + FONT_STACK + ""; -fx-font-size: 12px; -fx-background-color: #fbfdff; "" +",tokenized-pass-5,closed-proven,Keep production Java theme values routed through LauncherThemeTokens.,PipelineLauncherTest theme-token source guards plus targeted state screenshots,Theme/state pass 5 moved this production color or opacity value behind LauncherThemeTokens; dynamic channel RGB remains a documented data-driven exception.
GVT-0050,bevels-radii-arcs-tab-curvature,java-usage,src/main/java/qupath/ext/astra/PipelineLauncher.java,8436,,java-visual-literal,4 4,"""-fx-border-radius: "" + compactBevelCss() + ""; -fx-background-radius: "" + compactBevelCss()",tokenized-pass-1,closed-proven,Keep inline legacy control style routed through COMPACT_BEVEL_RADIUS until the editor is fully CSS-owned.,rendered alpha bounds + path segment extraction + curve tangent/end-point proof,Pass 1 quarantined remaining legacy inline control bevel behind LauncherGeometryTokens.COMPACT_BEVEL_RADIUS.
GVT-0051,margins-padding-gaps-spacing,java-constant,src/main/java/qupath/ext/astra/LauncherGeometryTokens.java,10,INTRA_PANEL_MARGIN,java-visual-literal,2.0,static final double INTRA_PANEL_MARGIN = OUTER_MARGIN / 2.0;,already-tokenized,closed-proven,Keep semantic spacing token/formula and verify with targeted geometry overlay.,geometry-overlay CSV expected/observed/delta; /private/tmp/astra-spacing-pass-final,INTRA_PANEL_MARGIN now derives from BILATERAL_EDGE_COUNT.
GVT-0052,margins-padding-gaps-spacing,java-constant,src/main/java/qupath/ext/astra/LauncherGeometryTokens.java,11,INTRA_PANEL_TIGHT_GAP,java-visual-literal,3.0,static final double INTRA_PANEL_TIGHT_GAP = INTRA_PANEL_MARGIN / 3.0;,already-tokenized,closed-proven,Keep semantic spacing token/formula and verify with targeted geometry overlay.,geometry-overlay CSV expected/observed/delta; /private/tmp/astra-spacing-pass-final,INTRA_PANEL_TIGHT_GAP now derives from TRILATERAL_EDGE_COUNT.
GVT-0053,margins-padding-gaps-spacing,java-constant,src/main/java/qupath/ext/astra/LauncherGeometryTokens.java,12,INTRA_PANEL_SUBTLE_GAP,java-visual-literal,2.0 3.0,static final double INTRA_PANEL_SUBTLE_GAP = INTRA_PANEL_MARGIN * 2.0 / 3.0;,already-tokenized,closed-proven,Keep semantic spacing token/formula and verify with targeted geometry overlay.,geometry-overlay CSV expected/observed/delta; /private/tmp/astra-spacing-pass-final,INTRA_PANEL_SUBTLE_GAP now derives from BILATERAL_EDGE_COUNT / TRILATERAL_EDGE_COUNT.
GVT-0054,borders-strokes,java-constant,src/main/java/qupath/ext/astra/LauncherGeometryTokens.java,13,SURFACE_BORDER_WIDTH,java-visual-literal,24.0,static final double SURFACE_BORDER_WIDTH = LAYOUT_UNIT / 24.0;,tokenized-pass-2,closed-proven,Keep as proof scaffolding or generated-token mirror; do not treat as production visual source.,rendered stroke alpha bounds + border width pixel scans,Formula now uses named LauncherGeometryTokens counts/divisors instead of raw shape or stroke multiplier.
GVT-0055,bevels-radii-arcs-tab-curvature,java-constant,src/main/java/qupath/ext/astra/LauncherGeometryTokens.java,17,ACTION_PROGRESS_RADIUS,radius/arc,2.0,static final double ACTION_PROGRESS_RADIUS = COMPACT_BEVEL_RADIUS;,tokenized-pass-1,closed-proven,Keep progress radius mapped to compact bevel family.,rendered alpha bounds + path segment extraction + curve tangent/end-point proof,Pass 1 classified progress radius under the compact/control bevel family.
GVT-0056,control-geometry,java-constant,src/main/java/qupath/ext/astra/LauncherGeometryTokens.java,18,ACTION_PROGRESS_MIN_WIDTH,java-visual-literal,8.0,static final double ACTION_PROGRESS_MIN_WIDTH = LAYOUT_UNIT * 8.0;,tokenized-pass-3,closed-proven,Control geometry now routes through named LauncherGeometryTokens or explicit control helper methods; keep focused control diagnostics in sync.,focused control geometry diagnostics plus PipelineLauncherTest source guards,Control-geometry pass 3 resolved this production row with a named token/helper; screenshot review remains QA only.
GVT-0057,margins-padding-gaps-spacing,java-usage,src/main/java/qupath/ext/astra/LauncherGeometryTokens.java,38,,java-visual-literal,2.0,LAYOUT_UNIT + INTRA_PANEL_SUBTLE_GAP + (SURFACE_BORDER_WIDTH * 2.0);,already-tokenized,closed-proven,Keep semantic spacing token/formula and verify with targeted geometry overlay.,geometry-overlay CSV expected/observed/delta; /private/tmp/astra-spacing-pass-final,BUTTON_HEIGHT now uses BILATERAL_EDGE_COUNT for border edges.
GVT-0058,motion-animation-gradient-speed,java-constant,src/main/java/qupath/ext/astra/RuntimeInstaller.java,84,COMMAND_TIMEOUT,motion/duration,45,private static final Duration COMMAND_TIMEOUT = Duration.ofMinutes(45);,tokenized-pass-6,closed-proven,"Keep production motion, timeout, shimmer, and gradient texture policy routed through LauncherMotionTokens.",LauncherMotionTokens source guard plus gradient motion/seam preview diagnostics.,"Motion pass 6 routed production timing, shimmer, texture, seam, dither, and runtime timeout policy through LauncherMotionTokens."
GVT-0059,motion-animation-gradient-speed,java-constant,src/main/java/qupath/ext/astra/RuntimeInstaller.java,85,BOOTSTRAP_TIMEOUT,motion/duration,20,private static final Duration BOOTSTRAP_TIMEOUT = Duration.ofMinutes(20);,tokenized-pass-6,closed-proven,"Keep production motion, timeout, shimmer, and gradient texture policy routed through LauncherMotionTokens.",LauncherMotionTokens source guard plus gradient motion/seam preview diagnostics.,"Motion pass 6 routed production timing, shimmer, texture, seam, dither, and runtime timeout policy through LauncherMotionTokens."
GVT-0060,motion-animation-gradient-speed,java-usage,src/main/java/qupath/ext/astra/RuntimeInstaller.java,732,,motion/duration,20,"CommandResult result = runCommand(List.of(candidate, ""--version""), null, Duration.ofSeconds(20), null, null);",tokenized-pass-6,closed-proven,"Keep production motion, timeout, shimmer, and gradient texture policy routed through LauncherMotionTokens.",LauncherMotionTokens source guard plus gradient motion/seam preview diagnostics.,"Motion pass 6 routed production timing, shimmer, texture, seam, dither, and runtime timeout policy through LauncherMotionTokens."
GVT-0061,motion-animation-gradient-speed,java-usage,src/main/java/qupath/ext/astra/RuntimeInstaller.java,912,,motion/duration,20 0,"return runCommand(List.of(conda.getAbsolutePath(), ""--version""), null, Duration.ofSeconds(20), null, null).exitCode() == 0;",tokenized-pass-6,closed-proven,"Keep production motion, timeout, shimmer, and gradient texture policy routed through LauncherMotionTokens.",LauncherMotionTokens source guard plus gradient motion/seam preview diagnostics.,"Motion pass 6 routed production timing, shimmer, texture, seam, dither, and runtime timeout policy through LauncherMotionTokens."
GVT-0062,motion-animation-gradient-speed,java-usage,src/main/java/qupath/ext/astra/RuntimeInstaller.java,924,,motion/duration,30,connection.setConnectTimeout((int) Duration.ofSeconds(30).toMillis());,tokenized-pass-6,closed-proven,"Keep production motion, timeout, shimmer, and gradient texture policy routed through LauncherMotionTokens.",LauncherMotionTokens source guard plus gradient motion/seam preview diagnostics.,"Motion pass 6 routed production timing, shimmer, texture, seam, dither, and runtime timeout policy through LauncherMotionTokens."
GVT-0063,motion-animation-gradient-speed,java-usage,src/main/java/qupath/ext/astra/RuntimeInstaller.java,925,,motion/duration,30,connection.setReadTimeout((int) Duration.ofSeconds(30).toMillis());,tokenized-pass-6,closed-proven,"Keep production motion, timeout, shimmer, and gradient texture policy routed through LauncherMotionTokens.",LauncherMotionTokens source guard plus gradient motion/seam preview diagnostics.,"Motion pass 6 routed production timing, shimmer, texture, seam, dither, and runtime timeout policy through LauncherMotionTokens."
GVT-0064,motion-animation-gradient-speed,java-usage,src/main/java/qupath/ext/astra/RuntimeInstaller.java,1057,,motion/duration,2,"CommandResult result = runCommand(command, null, Duration.ofMinutes(2), progress, logFile);",tokenized-pass-6,closed-proven,"Keep production motion, timeout, shimmer, and gradient texture policy routed through LauncherMotionTokens.",LauncherMotionTokens source guard plus gradient motion/seam preview diagnostics.,"Motion pass 6 routed production timing, shimmer, texture, seam, dither, and runtime timeout policy through LauncherMotionTokens."
GVT-0065,motion-animation-gradient-speed,java-usage,src/main/java/qupath/ext/astra/RuntimeInstaller.java,1191,,motion/duration,2,"terminateProcessForCancellation(process, Duration.ofSeconds(2));",tokenized-pass-6,closed-proven,"Keep production motion, timeout, shimmer, and gradient texture policy routed through LauncherMotionTokens.",LauncherMotionTokens source guard plus gradient motion/seam preview diagnostics.,"Motion pass 6 routed production timing, shimmer, texture, seam, dither, and runtime timeout policy through LauncherMotionTokens."
GVT-0066,motion-animation-gradient-speed,java-usage,src/main/java/qupath/ext/astra/RuntimeInstaller.java,1194,,motion/duration,2,reader.join(Duration.ofSeconds(2).toMillis());,tokenized-pass-6,closed-proven,"Keep production motion, timeout, shimmer, and gradient texture policy routed through LauncherMotionTokens.",LauncherMotionTokens source guard plus gradient motion/seam preview diagnostics.,"Motion pass 6 routed production timing, shimmer, texture, seam, dither, and runtime timeout policy through LauncherMotionTokens."
GVT-0067,motion-animation-gradient-speed,java-usage,src/main/java/qupath/ext/astra/RuntimeInstaller.java,1446,,motion/duration,1.0,"this.elapsedTimeline = new Timeline(new KeyFrame(javafx.util.Duration.seconds(1.0), event -> refreshElapsed()));",tokenized-pass-6,closed-proven,"Keep production motion, timeout, shimmer, and gradient texture policy routed through LauncherMotionTokens.",LauncherMotionTokens source guard plus gradient motion/seam preview diagnostics.,"Motion pass 6 routed production timing, shimmer, texture, seam, dither, and runtime timeout policy through LauncherMotionTokens."
GVT-0068,typography-text-ink,java-usage,src/main/java/qupath/ext/astra/RuntimeInstaller.java,1459,,java-visual-literal,0s,"Label elapsed = GuiText.label(GuiText.Role.DIALOG_TEXT, ""Elapsed 0s"");",tokenized-pass-4,closed-proven,Keep runtime elapsed display routed through RuntimeInstaller.formatElapsedSeconds and named elapsed tokens.,Runtime installer text-contract sweep plus source guard for named elapsed formatter.,Typography pass 4 removed the hard-coded initial 0s text from runtime installer labels.
GVT-0069,motion-animation-gradient-speed,java-usage,src/main/java/qupath/ext/astra/RuntimeInstaller.java,1533,,motion/duration,2,"terminateProcessForCancellation(process, Duration.ofSeconds(2));",tokenized-pass-6,closed-proven,"Keep production motion, timeout, shimmer, and gradient texture policy routed through LauncherMotionTokens.",LauncherMotionTokens source guard plus gradient motion/seam preview diagnostics.,"Motion pass 6 routed production timing, shimmer, texture, seam, dither, and runtime timeout policy through LauncherMotionTokens."
GVT-0070,motion-animation-gradient-speed,java-usage,src/main/java/qupath/ext/astra/RuntimeInstaller.java,1561,,motion/duration,2,"if (terminateProcessForCancellation(process, Duration.ofSeconds(2))) {",tokenized-pass-6,closed-proven,"Keep production motion, timeout, shimmer, and gradient texture policy routed through LauncherMotionTokens.",LauncherMotionTokens source guard plus gradient motion/seam preview diagnostics.,"Motion pass 6 routed production timing, shimmer, texture, seam, dither, and runtime timeout policy through LauncherMotionTokens."
GVT-0071,typography-text-ink,java-usage,src/main/java/qupath/ext/astra/RuntimeInstaller.java,1621,,java-visual-literal,0s,"Label elapsed = GuiText.label(GuiText.Role.DIALOG_TEXT, ""Elapsed 0s"");",tokenized-pass-4,closed-proven,Keep runtime elapsed display routed through RuntimeInstaller.formatElapsedSeconds and named elapsed tokens.,Runtime installer text-contract sweep plus source guard for named elapsed formatter.,Typography pass 4 removed the hard-coded initial 0s text from runtime installer labels.
GVT-0072,motion-animation-gradient-speed,java-constant,src/main/java/qupath/ext/astra/AnimatedGradientSurface.java,32,TEXTURE_SCALE,java-visual-literal,3.0d,private static final double TEXTURE_SCALE = 3.0d;,tokenized-pass-6,closed-proven,"Keep production motion, timeout, shimmer, and gradient texture policy routed through LauncherMotionTokens.",LauncherMotionTokens source guard plus gradient motion/seam preview diagnostics.,"Motion pass 6 routed production timing, shimmer, texture, seam, dither, and runtime timeout policy through LauncherMotionTokens."
GVT-0073,motion-animation-gradient-speed,java-constant,src/main/java/qupath/ext/astra/AnimatedGradientSurface.java,34,SEAM_OVERLAP_LOGICAL_LENGTH,java-visual-literal,1.0d,private static final double SEAM_OVERLAP_LOGICAL_LENGTH = 1.0d / TEXTURE_SCALE;,tokenized-pass-6,closed-proven,"Keep production motion, timeout, shimmer, and gradient texture policy routed through LauncherMotionTokens.",LauncherMotionTokens source guard plus gradient motion/seam preview diagnostics.,"Motion pass 6 routed production timing, shimmer, texture, seam, dither, and runtime timeout policy through LauncherMotionTokens."
GVT-0074,motion-animation-gradient-speed,java-constant,src/main/java/qupath/ext/astra/AnimatedGradientSurface.java,35,TEXTURE_MAX_PIXEL_HEIGHT,java-visual-literal,128,private static final int TEXTURE_MAX_PIXEL_HEIGHT = 128;,tokenized-pass-6,closed-proven,"Keep production motion, timeout, shimmer, and gradient texture policy routed through LauncherMotionTokens.",LauncherMotionTokens source guard plus gradient motion/seam preview diagnostics.,"Motion pass 6 routed production timing, shimmer, texture, seam, dither, and runtime timeout policy through LauncherMotionTokens."
GVT-0075,fades-overlays-masks,java-constant,src/main/java/qupath/ext/astra/AnimatedGradientSurface.java,37,OVERLAY_ALPHA,java-visual-literal,0.18d,private static final double OVERLAY_ALPHA = 0.18d;,tokenized-pass-6,closed-proven,Keep production fade and overlay values routed through LauncherMotionTokens or LauncherGeometryTokens.,Fade/overlay preview diagnostics plus source guards.,Motion pass 6 closed adjacent fade/overlay literals used by the animated gradient and run-log fade surfaces.
GVT-0076,colors-theme-semantic-roles,java-constant,src/main/java/qupath/ext/astra/AnimatedGradientSurface.java,38,OVERLAY_COLOR,color,"6 23 32 rgb(6, 23, 32)","private static final Color OVERLAY_COLOR = Color.rgb(6, 23, 32);",tokenized-pass-5,closed-proven,Keep production Java theme values routed through LauncherThemeTokens.,PipelineLauncherTest theme-token source guards plus targeted state screenshots,Theme/state pass 5 moved this production color or opacity value behind LauncherThemeTokens; dynamic channel RGB remains a documented data-driven exception.
GVT-0077,colors-theme-semantic-roles,java-usage,src/main/java/qupath/ext/astra/AnimatedGradientSurface.java,42,,color,0.00d 071d 9 #071d29,"new Stop(0.00d, Color.web(""#071d29"")),",tokenized-pass-5,closed-proven,Keep production Java theme values routed through LauncherThemeTokens.,PipelineLauncherTest theme-token source guards plus targeted state screenshots,Theme/state pass 5 moved this production color or opacity value behind LauncherThemeTokens; dynamic channel RGB remains a documented data-driven exception.
GVT-0078,colors-theme-semantic-roles,java-usage,src/main/java/qupath/ext/astra/AnimatedGradientSurface.java,43,,color,0.08d 092937 #092937,"new Stop(0.08d, Color.web(""#092937"")),",tokenized-pass-5,closed-proven,Keep production Java theme values routed through LauncherThemeTokens.,PipelineLauncherTest theme-token source guards plus targeted state screenshots,Theme/state pass 5 moved this production color or opacity value behind LauncherThemeTokens; dynamic channel RGB remains a documented data-driven exception.
GVT-0079,colors-theme-semantic-roles,java-usage,src/main/java/qupath/ext/astra/AnimatedGradientSurface.java,44,,color,0.16d 8 #0b3c48,"new Stop(0.16d, Color.web(""#0b3c48"")),",tokenized-pass-5,closed-proven,Keep production Java theme values routed through LauncherThemeTokens.,PipelineLauncherTest theme-token source guards plus targeted state screenshots,Theme/state pass 5 moved this production color or opacity value behind LauncherThemeTokens; dynamic channel RGB remains a documented data-driven exception.
GVT-0080,colors-theme-semantic-roles,java-usage,src/main/java/qupath/ext/astra/AnimatedGradientSurface.java,45,,color,0.24d 07 #075a5a,"new Stop(0.24d, Color.web(""#075a5a"")),",tokenized-pass-5,closed-proven,Keep production Java theme values routed through LauncherThemeTokens.,PipelineLauncherTest theme-token source guards plus targeted state screenshots,Theme/state pass 5 moved this production color or opacity value behind LauncherThemeTokens; dynamic channel RGB remains a documented data-driven exception.
GVT-0081,colors-theme-semantic-roles,java-usage,src/main/java/qupath/ext/astra/AnimatedGradientSurface.java,46,,color,0.32d 08786d #08786d,"new Stop(0.32d, Color.web(""#08786d"")),",tokenized-pass-5,closed-proven,Keep production Java theme values routed through LauncherThemeTokens.,PipelineLauncherTest theme-token source guards plus targeted state screenshots,Theme/state pass 5 moved this production color or opacity value behind LauncherThemeTokens; dynamic channel RGB remains a documented data-driven exception.
GVT-0082,colors-theme-semantic-roles,java-usage,src/main/java/qupath/ext/astra/AnimatedGradientSurface.java,47,,color,0.42d 1f 8 #1f8a78,"new Stop(0.42d, Color.web(""#1f8a78"")),",tokenized-pass-5,closed-proven,Keep production Java theme values routed through LauncherThemeTokens.,PipelineLauncherTest theme-token source guards plus targeted state screenshots,Theme/state pass 5 moved this production color or opacity value behind LauncherThemeTokens; dynamic channel RGB remains a documented data-driven exception.
GVT-0083,colors-theme-semantic-roles,java-usage,src/main/java/qupath/ext/astra/AnimatedGradientSurface.java,48,,color,0.52d 466f 8 #466f78,"new Stop(0.52d, Color.web(""#466f78"")),",tokenized-pass-5,closed-proven,Keep production Java theme values routed through LauncherThemeTokens.,PipelineLauncherTest theme-token source guards plus targeted state screenshots,Theme/state pass 5 moved this production color or opacity value behind LauncherThemeTokens; dynamic channel RGB remains a documented data-driven exception.
GVT-0084,colors-theme-semantic-roles,java-usage,src/main/java/qupath/ext/astra/AnimatedGradientSurface.java,49,,color,0.62d 21 3 #215b73,"new Stop(0.62d, Color.web(""#215b73"")),",tokenized-pass-5,closed-proven,Keep production Java theme values routed through LauncherThemeTokens.,PipelineLauncherTest theme-token source guards plus targeted state screenshots,Theme/state pass 5 moved this production color or opacity value behind LauncherThemeTokens; dynamic channel RGB remains a documented data-driven exception.
GVT-0085,colors-theme-semantic-roles,java-usage,src/main/java/qupath/ext/astra/AnimatedGradientSurface.java,50,,color,0.72d 13 2 #134b62,"new Stop(0.72d, Color.web(""#134b62"")),",tokenized-pass-5,closed-proven,Keep production Java theme values routed through LauncherThemeTokens.,PipelineLauncherTest theme-token source guards plus targeted state screenshots,Theme/state pass 5 moved this production color or opacity value behind LauncherThemeTokens; dynamic channel RGB remains a documented data-driven exception.
GVT-0086,colors-theme-semantic-roles,java-usage,src/main/java/qupath/ext/astra/AnimatedGradientSurface.java,51,,color,0.82d 0d 548 #0d3548,"new Stop(0.82d, Color.web(""#0d3548"")),",tokenized-pass-5,closed-proven,Keep production Java theme values routed through LauncherThemeTokens.,PipelineLauncherTest theme-token source guards plus targeted state screenshots,Theme/state pass 5 moved this production color or opacity value behind LauncherThemeTokens; dynamic channel RGB remains a documented data-driven exception.
GVT-0087,colors-theme-semantic-roles,java-usage,src/main/java/qupath/ext/astra/AnimatedGradientSurface.java,52,,color,0.92d 092937 #092937,"new Stop(0.92d, Color.web(""#092937"")),",tokenized-pass-5,closed-proven,Keep production Java theme values routed through LauncherThemeTokens.,PipelineLauncherTest theme-token source guards plus targeted state screenshots,Theme/state pass 5 moved this production color or opacity value behind LauncherThemeTokens; dynamic channel RGB remains a documented data-driven exception.
GVT-0088,colors-theme-semantic-roles,java-usage,src/main/java/qupath/ext/astra/AnimatedGradientSurface.java,53,,color,1.00d 071d 9 #071d29,"new Stop(1.00d, Color.web(""#071d29""))",tokenized-pass-5,closed-proven,Keep production Java theme values routed through LauncherThemeTokens.,PipelineLauncherTest theme-token source guards plus targeted state screenshots,Theme/state pass 5 moved this production color or opacity value behind LauncherThemeTokens; dynamic channel RGB remains a documented data-driven exception.
GVT-0089,motion-animation-gradient-speed,java-usage,src/main/java/qupath/ext/astra/AnimatedGradientSurface.java,227,,java-visual-literal,2,"int pixelWidth = Math.max(2, (int) Math.ceil(logicalWidth * TEXTURE_SCALE));",tokenized-pass-6,closed-proven,"Keep production motion, timeout, shimmer, and gradient texture policy routed through LauncherMotionTokens.",LauncherMotionTokens source guard plus gradient motion/seam preview diagnostics.,"Motion pass 6 routed production timing, shimmer, texture, seam, dither, and runtime timeout policy through LauncherMotionTokens."
GVT-0090,motion-animation-gradient-speed,java-usage,src/main/java/qupath/ext/astra/AnimatedGradientSurface.java,228,,java-visual-literal,2,"int pixelHeight = Math.max(2, Math.min(TEXTURE_MAX_PIXEL_HEIGHT,",tokenized-pass-6,closed-proven,"Keep production motion, timeout, shimmer, and gradient texture policy routed through LauncherMotionTokens.",LauncherMotionTokens source guard plus gradient motion/seam preview diagnostics.,"Motion pass 6 routed production timing, shimmer, texture, seam, dither, and runtime timeout policy through LauncherMotionTokens."
GVT-0091,colors-theme-semantic-roles,java-usage,src/main/java/qupath/ext/astra/AnimatedGradientSurface.java,273,,color,1,return STOPS[STOPS.length - 1].getColor();,tokenized-pass-5,closed-proven,Keep production Java theme values routed through LauncherThemeTokens.,PipelineLauncherTest theme-token source guards plus targeted state screenshots,Theme/state pass 5 moved this production color or opacity value behind LauncherThemeTokens; dynamic channel RGB remains a documented data-driven exception.
GVT-0092,fades-overlays-masks,java-usage,src/main/java/qupath/ext/astra/AnimatedGradientSurface.java,277,,java-visual-literal,1.0d,return channel * (1.0d - OVERLAY_ALPHA) + overlayChannel * OVERLAY_ALPHA;,tokenized-pass-6,closed-proven,Keep production fade and overlay values routed through LauncherMotionTokens or LauncherGeometryTokens.,Fade/overlay preview diagnostics plus source guards.,Motion pass 6 closed adjacent fade/overlay literals used by the animated gradient and run-log fade surfaces.
GVT-0093,margins-padding-gaps-spacing,java-usage,src/main/java/qupath/ext/astra/StyledLogView.java,35,,java-visual-literal,2.0,LauncherGeometryTokens.INTRA_PANEL_MARGIN - (LauncherGeometryTokens.SURFACE_BORDER_WIDTH * 2.0);,already-tokenized,closed-proven,Keep but verify semantic family and rendered proof coverage.,rendered bounds + overlay line deltas + CSV expected/observed/delta,Java visual/layout/timing literal or formula candidate.
GVT-0094,margins-padding-gaps-spacing,java-usage,src/main/java/qupath/ext/astra/StyledLogView.java,45,,java-visual-literal,2.0,LauncherGeometryTokens.INTRA_PANEL_SUBTLE_GAP * 2.0;,already-tokenized,closed-proven,Keep but verify semantic family and rendered proof coverage.,rendered bounds + overlay line deltas + CSV expected/observed/delta,Java visual/layout/timing literal or formula candidate.
GVT-0095,motion-animation-gradient-speed,java-usage,src/main/java/qupath/ext/astra/StyledLogView.java,96,,motion/duration,1.2,PauseTransition reset = new PauseTransition(Duration.seconds(1.2));,tokenized-pass-6,closed-proven,"Keep production motion, timeout, shimmer, and gradient texture policy routed through LauncherMotionTokens.",LauncherMotionTokens source guard plus gradient motion/seam preview diagnostics.,"Motion pass 6 routed production timing, shimmer, texture, seam, dither, and runtime timeout policy through LauncherMotionTokens."
GVT-0096,fades-overlays-masks,java-usage,src/main/java/qupath/ext/astra/StyledLogView.java,140,,java-visual-literal,0.0d 0.0d,"topFade.setMinSize(0.0d, 0.0d);",tokenized-pass-6,closed-proven,Keep production fade and overlay values routed through LauncherMotionTokens or LauncherGeometryTokens.,Fade/overlay preview diagnostics plus source guards.,Motion pass 6 closed adjacent fade/overlay literals used by the animated gradient and run-log fade surfaces.
GVT-0097,colors-theme-semantic-roles,css-color-border-fill,src/main/resources/qupath/ext/astra/launcher.css,2,.astra-launcher-root,-fx-background-color,#f4f7f8,#f4f7f8,generated-css-token,closed-generated,Keep launcher theme/state values routed through LauncherThemeTokens and generated launcher.tokens.css; CSS uses renderer-safe concrete opacity mirrors guarded by PipelineLauncherTest.,theme/state pixel sampling plus generated-token and opacity-allowlist source guards,Theme/state pass 5 routes launcher stylesheet colors through generated LauncherThemeTokens values; opacity values are renderer-safe CSS mirrors constrained by LauncherThemeTokens.CSS_OPACITY_VALUES.
GVT-0098,colors-theme-semantic-roles,css-color-border-fill,src/main/resources/qupath/ext/astra/launcher.css,7,.astra-launcher-dialog-pane,-fx-background-color,#f4f7f8,#f4f7f8,generated-css-token,closed-generated,Keep launcher theme/state values routed through LauncherThemeTokens and generated launcher.tokens.css; CSS uses renderer-safe concrete opacity mirrors guarded by PipelineLauncherTest.,theme/state pixel sampling plus generated-token and opacity-allowlist source guards,Theme/state pass 5 routes launcher stylesheet colors through generated LauncherThemeTokens values; opacity values are renderer-safe CSS mirrors constrained by LauncherThemeTokens.CSS_OPACITY_VALUES.
GVT-0099,typography-text-ink,css-font,src/main/resources/qupath/ext/astra/launcher.css,12,.astra-button,-fx-font-size,12px,12px,generated-css-token,closed-generated,Keep renderer-safe concrete CSS synchronized with LauncherTypographyTokens; staleness tests must fail on drift.,Generated-token staleness test plus text-contract sweep alpha proof for affected rendered text surfaces.,"Typography pass 4 routes CSS font stack, size, and weight through LauncherTypographyTokens and launcher.tokens.css while keeping JavaFX-safe concrete CSS values."
GVT-0100,margins-padding-gaps-spacing,css-spacing-insets,src/main/resources/qupath/ext/astra/launcher.css,14,.astra-button,-fx-padding,6 12,renderer-safe generated concrete CSS value derived from LauncherGeometryTokens,generated-css-token,closed-generated,Keep generated concrete CSS synchronized with LauncherGeometryTokens; staleness tests must fail on drift.,Generated-token staleness test plus JavaFX preview/parser smoke and affected-surface visual review.,CSS declaration now uses renderer-safe generated concrete values because JavaFX looked-up size values are not reliable for size properties.
GVT-0101,bevels-radii-arcs-tab-curvature,css-radius-arc,src/main/resources/qupath/ext/astra/launcher.css,15,.astra-button,-fx-border-radius,5,renderer-safe generated concrete CSS value derived from LauncherGeometryTokens,generated-css-token,closed-generated,Keep generated concrete CSS synchronized with LauncherGeometryTokens; staleness tests must fail on drift.,Generated-token staleness test plus JavaFX preview/parser smoke and affected-surface visual review.,CSS declaration now uses renderer-safe generated concrete values because JavaFX looked-up size values are not reliable for size properties.
GVT-0102,bevels-radii-arcs-tab-curvature,css-radius-arc,src/main/resources/qupath/ext/astra/launcher.css,16,.astra-button,-fx-background-radius,5,renderer-safe generated concrete CSS value derived from LauncherGeometryTokens,generated-css-token,closed-generated,Keep generated concrete CSS synchronized with LauncherGeometryTokens; staleness tests must fail on drift.,Generated-token staleness test plus JavaFX preview/parser smoke and affected-surface visual review.,CSS declaration now uses renderer-safe generated concrete values because JavaFX looked-up size values are not reliable for size properties.
GVT-0103,margins-padding-gaps-spacing,css-spacing-insets,src/main/resources/qupath/ext/astra/launcher.css,17,.astra-button,-fx-background-insets,0,renderer-safe generated concrete CSS value derived from LauncherGeometryTokens,generated-css-token,closed-generated,Keep generated concrete CSS synchronized with LauncherGeometryTokens; staleness tests must fail on drift.,Generated-token staleness test plus JavaFX preview/parser smoke and affected-surface visual review.,CSS declaration now uses renderer-safe generated concrete values because JavaFX looked-up size values are not reliable for size properties.
GVT-0104,colors-theme-semantic-roles,css-color-border-fill,src/main/resources/qupath/ext/astra/launcher.css,23,.toggle-button.astra-button .astra-owned-control-text,-fx-fill,#0d4f55,#0d4f55,generated-css-token,closed-generated,Keep launcher theme/state values routed through LauncherThemeTokens and generated launcher.tokens.css; CSS uses renderer-safe concrete opacity mirrors guarded by PipelineLauncherTest.,theme/state pixel sampling plus generated-token and opacity-allowlist source guards,Theme/state pass 5 routes launcher stylesheet colors through generated LauncherThemeTokens values; opacity values are renderer-safe CSS mirrors constrained by LauncherThemeTokens.CSS_OPACITY_VALUES.
GVT-0105,typography-text-ink,css-font,src/main/resources/qupath/ext/astra/launcher.css,25,.toggle-button.astra-button .astra-owned-control-text,-fx-font-size,12px,12px,generated-css-token,closed-generated,Keep renderer-safe concrete CSS synchronized with LauncherTypographyTokens; staleness tests must fail on drift.,Generated-token staleness test plus text-contract sweep alpha proof for affected rendered text surfaces.,"Typography pass 4 routes CSS font stack, size, and weight through LauncherTypographyTokens and launcher.tokens.css while keeping JavaFX-safe concrete CSS values."
GVT-0106,colors-theme-semantic-roles,css-color-border-fill,src/main/resources/qupath/ext/astra/launcher.css,30,.astra-owned-menu-text,-fx-fill,#0d4f55,#0d4f55,generated-css-token,closed-generated,Keep launcher theme/state values routed through LauncherThemeTokens and generated launcher.tokens.css; CSS uses renderer-safe concrete opacity mirrors guarded by PipelineLauncherTest.,theme/state pixel sampling plus generated-token and opacity-allowlist source guards,Theme/state pass 5 routes launcher stylesheet colors through generated LauncherThemeTokens values; opacity values are renderer-safe CSS mirrors constrained by LauncherThemeTokens.CSS_OPACITY_VALUES.
GVT-0107,typography-text-ink,css-font,src/main/resources/qupath/ext/astra/launcher.css,32,.astra-owned-menu-text,-fx-font-size,12px,12px,generated-css-token,closed-generated,Keep renderer-safe concrete CSS synchronized with LauncherTypographyTokens; staleness tests must fail on drift.,Generated-token staleness test plus text-contract sweep alpha proof for affected rendered text surfaces.,"Typography pass 4 routes CSS font stack, size, and weight through LauncherTypographyTokens and launcher.tokens.css while keeping JavaFX-safe concrete CSS values."
GVT-0108,colors-theme-semantic-roles,css-color-border-fill,src/main/resources/qupath/ext/astra/launcher.css,37,.astra-owned-dialog-text,-fx-fill,#172431,#172431,generated-css-token,closed-generated,Keep launcher theme/state values routed through LauncherThemeTokens and generated launcher.tokens.css; CSS uses renderer-safe concrete opacity mirrors guarded by PipelineLauncherTest.,theme/state pixel sampling plus generated-token and opacity-allowlist source guards,Theme/state pass 5 routes launcher stylesheet colors through generated LauncherThemeTokens values; opacity values are renderer-safe CSS mirrors constrained by LauncherThemeTokens.CSS_OPACITY_VALUES.
GVT-0109,typography-text-ink,css-font,src/main/resources/qupath/ext/astra/launcher.css,39,.astra-owned-dialog-text,-fx-font-size,12px,12px,generated-css-token,closed-generated,Keep renderer-safe concrete CSS synchronized with LauncherTypographyTokens; staleness tests must fail on drift.,Generated-token staleness test plus text-contract sweep alpha proof for affected rendered text surfaces.,"Typography pass 4 routes CSS font stack, size, and weight through LauncherTypographyTokens and launcher.tokens.css while keeping JavaFX-safe concrete CSS values."
GVT-0110,control-geometry,css-visual-declaration,src/main/resources/qupath/ext/astra/launcher.css,44,.astra-button:pressed,-fx-translate-y,0,0,generated-css-token,closed-generated,Keep renderer-safe concrete CSS synchronized with LauncherGeometryTokens and staleness/source tests.,generated token staleness test plus affected control preview geometry,CSS control geometry is a renderer-safe generated concrete mirror of LauncherGeometryTokens; JavaFX looked-up numeric size values are intentionally avoided.
GVT-0111,opacity-translucency-disabled,css-effect,src/main/resources/qupath/ext/astra/launcher.css,45,.astra-button:pressed,-fx-effect,"innershadow(gaussian, rgba(0, 0, 0, 0.18), 4, 0.2, 0, 1)","innershadow(gaussian, rgba(0, 0, 0, 0.18), 4, 0.2, 0, 1)",generated-css-token,closed-generated,Keep launcher theme/state values routed through LauncherThemeTokens and generated launcher.tokens.css; CSS uses renderer-safe concrete opacity mirrors guarded by PipelineLauncherTest.,theme/state pixel sampling plus generated-token and opacity-allowlist source guards,Theme/state pass 5 routes launcher stylesheet colors through generated LauncherThemeTokens values; opacity values are renderer-safe CSS mirrors constrained by LauncherThemeTokens.CSS_OPACITY_VALUES.
GVT-0112,opacity-translucency-disabled,css-opacity,src/main/resources/qupath/ext/astra/launcher.css,49,.astra-button:disabled,-fx-opacity,0.88,0.88,generated-css-token,closed-generated,Keep launcher theme/state values routed through LauncherThemeTokens and generated launcher.tokens.css; CSS uses renderer-safe concrete opacity mirrors guarded by PipelineLauncherTest.,theme/state pixel sampling plus generated-token and opacity-allowlist source guards,Theme/state pass 5 routes launcher stylesheet colors through generated LauncherThemeTokens values; opacity values are renderer-safe CSS mirrors constrained by LauncherThemeTokens.CSS_OPACITY_VALUES.
GVT-0113,colors-theme-semantic-roles,css-color-border-fill,src/main/resources/qupath/ext/astra/launcher.css,57,.astra-button-primary,-fx-background-color,#1f7a7a,#1f7a7a,generated-css-token,closed-generated,Keep launcher theme/state values routed through LauncherThemeTokens and generated launcher.tokens.css; CSS uses renderer-safe concrete opacity mirrors guarded by PipelineLauncherTest.,theme/state pixel sampling plus generated-token and opacity-allowlist source guards,Theme/state pass 5 routes launcher stylesheet colors through generated LauncherThemeTokens values; opacity values are renderer-safe CSS mirrors constrained by LauncherThemeTokens.CSS_OPACITY_VALUES.
GVT-0114,colors-theme-semantic-roles,css-color-border-fill,src/main/resources/qupath/ext/astra/launcher.css,59,.astra-button-primary,-fx-border-color,#17696d,#17696d,generated-css-token,closed-generated,Keep launcher theme/state values routed through LauncherThemeTokens and generated launcher.tokens.css; CSS uses renderer-safe concrete opacity mirrors guarded by PipelineLauncherTest.,theme/state pixel sampling plus generated-token and opacity-allowlist source guards,Theme/state pass 5 routes launcher stylesheet colors through generated LauncherThemeTokens values; opacity values are renderer-safe CSS mirrors constrained by LauncherThemeTokens.CSS_OPACITY_VALUES.
GVT-0115,colors-theme-semantic-roles,css-color-border-fill,src/main/resources/qupath/ext/astra/launcher.css,67,.astra-button-secondary,-fx-background-color,#f9fcfd,#f9fcfd,generated-css-token,closed-generated,Keep launcher theme/state values routed through LauncherThemeTokens and generated launcher.tokens.css; CSS uses renderer-safe concrete opacity mirrors guarded by PipelineLauncherTest.,theme/state pixel sampling plus generated-token and opacity-allowlist source guards,Theme/state pass 5 routes launcher stylesheet colors through generated LauncherThemeTokens values; opacity values are renderer-safe CSS mirrors constrained by LauncherThemeTokens.CSS_OPACITY_VALUES.
GVT-0116,colors-theme-semantic-roles,css-color-border-fill,src/main/resources/qupath/ext/astra/launcher.css,68,.astra-button-secondary,-fx-text-fill,#0d4f55,#0d4f55,generated-css-token,closed-generated,Keep launcher theme/state values routed through LauncherThemeTokens and generated launcher.tokens.css; CSS uses renderer-safe concrete opacity mirrors guarded by PipelineLauncherTest.,theme/state pixel sampling plus generated-token and opacity-allowlist source guards,Theme/state pass 5 routes launcher stylesheet colors through generated LauncherThemeTokens values; opacity values are renderer-safe CSS mirrors constrained by LauncherThemeTokens.CSS_OPACITY_VALUES.
GVT-0117,colors-theme-semantic-roles,css-color-border-fill,src/main/resources/qupath/ext/astra/launcher.css,69,.astra-button-secondary,-fx-border-color,#b9cdd3,#b9cdd3,generated-css-token,closed-generated,Keep launcher theme/state values routed through LauncherThemeTokens and generated launcher.tokens.css; CSS uses renderer-safe concrete opacity mirrors guarded by PipelineLauncherTest.,theme/state pixel sampling plus generated-token and opacity-allowlist source guards,Theme/state pass 5 routes launcher stylesheet colors through generated LauncherThemeTokens values; opacity values are renderer-safe CSS mirrors constrained by LauncherThemeTokens.CSS_OPACITY_VALUES.
GVT-0118,colors-theme-semantic-roles,css-color-border-fill,src/main/resources/qupath/ext/astra/launcher.css,73,.astra-button-secondary .astra-owned-control-text,-fx-fill,#0d4f55,#0d4f55,generated-css-token,closed-generated,Keep launcher theme/state values routed through LauncherThemeTokens and generated launcher.tokens.css; CSS uses renderer-safe concrete opacity mirrors guarded by PipelineLauncherTest.,theme/state pixel sampling plus generated-token and opacity-allowlist source guards,Theme/state pass 5 routes launcher stylesheet colors through generated LauncherThemeTokens values; opacity values are renderer-safe CSS mirrors constrained by LauncherThemeTokens.CSS_OPACITY_VALUES.
GVT-0119,opacity-translucency-disabled,css-color-border-fill,src/main/resources/qupath/ext/astra/launcher.css,77,.astra-button-header,-fx-background-color,"rgba(255, 255, 255, 0.92)","rgba(255, 255, 255, 0.92)",generated-css-token,closed-generated,Keep launcher theme/state values routed through LauncherThemeTokens and generated launcher.tokens.css; CSS uses renderer-safe concrete opacity mirrors guarded by PipelineLauncherTest.,theme/state pixel sampling plus generated-token and opacity-allowlist source guards,Theme/state pass 5 routes launcher stylesheet colors through generated LauncherThemeTokens values; opacity values are renderer-safe CSS mirrors constrained by LauncherThemeTokens.CSS_OPACITY_VALUES.
GVT-0120,colors-theme-semantic-roles,css-color-border-fill,src/main/resources/qupath/ext/astra/launcher.css,78,.astra-button-header,-fx-text-fill,#0d4f55,#0d4f55,generated-css-token,closed-generated,Keep launcher theme/state values routed through LauncherThemeTokens and generated launcher.tokens.css; CSS uses renderer-safe concrete opacity mirrors guarded by PipelineLauncherTest.,theme/state pixel sampling plus generated-token and opacity-allowlist source guards,Theme/state pass 5 routes launcher stylesheet colors through generated LauncherThemeTokens values; opacity values are renderer-safe CSS mirrors constrained by LauncherThemeTokens.CSS_OPACITY_VALUES.
GVT-0121,opacity-translucency-disabled,css-color-border-fill,src/main/resources/qupath/ext/astra/launcher.css,79,.astra-button-header,-fx-border-color,"rgba(255, 255, 255, 0.95)","rgba(255, 255, 255, 0.95)",generated-css-token,closed-generated,Keep launcher theme/state values routed through LauncherThemeTokens and generated launcher.tokens.css; CSS uses renderer-safe concrete opacity mirrors guarded by PipelineLauncherTest.,theme/state pixel sampling plus generated-token and opacity-allowlist source guards,Theme/state pass 5 routes launcher stylesheet colors through generated LauncherThemeTokens values; opacity values are renderer-safe CSS mirrors constrained by LauncherThemeTokens.CSS_OPACITY_VALUES.
GVT-0122,typography-text-ink,css-font,src/main/resources/qupath/ext/astra/launcher.css,80,.astra-button-header,-fx-font-size,11px,11px,generated-css-token,closed-generated,Keep renderer-safe concrete CSS synchronized with LauncherTypographyTokens; staleness tests must fail on drift.,Generated-token staleness test plus text-contract sweep alpha proof for affected rendered text surfaces.,"Typography pass 4 routes CSS font stack, size, and weight through LauncherTypographyTokens and launcher.tokens.css while keeping JavaFX-safe concrete CSS values."
GVT-0123,colors-theme-semantic-roles,css-color-border-fill,src/main/resources/qupath/ext/astra/launcher.css,84,.astra-button-header .astra-owned-control-text,-fx-fill,#0d4f55,#0d4f55,generated-css-token,closed-generated,Keep launcher theme/state values routed through LauncherThemeTokens and generated launcher.tokens.css; CSS uses renderer-safe concrete opacity mirrors guarded by PipelineLauncherTest.,theme/state pixel sampling plus generated-token and opacity-allowlist source guards,Theme/state pass 5 routes launcher stylesheet colors through generated LauncherThemeTokens values; opacity values are renderer-safe CSS mirrors constrained by LauncherThemeTokens.CSS_OPACITY_VALUES.
GVT-0124,typography-text-ink,css-font,src/main/resources/qupath/ext/astra/launcher.css,85,.astra-button-header .astra-owned-control-text,-fx-font-size,11px,11px,generated-css-token,closed-generated,Keep renderer-safe concrete CSS synchronized with LauncherTypographyTokens; staleness tests must fail on drift.,Generated-token staleness test plus text-contract sweep alpha proof for affected rendered text surfaces.,"Typography pass 4 routes CSS font stack, size, and weight through LauncherTypographyTokens and launcher.tokens.css while keeping JavaFX-safe concrete CSS values."
GVT-0125,opacity-translucency-disabled,css-color-border-fill,src/main/resources/qupath/ext/astra/launcher.css,89,.button.astra-header-menu-button,-fx-background-color,"rgba(255, 255, 255, 0.94)","rgba(255, 255, 255, 0.94)",generated-css-token,closed-generated,Keep launcher theme/state values routed through LauncherThemeTokens and generated launcher.tokens.css; CSS uses renderer-safe concrete opacity mirrors guarded by PipelineLauncherTest.,theme/state pixel sampling plus generated-token and opacity-allowlist source guards,Theme/state pass 5 routes launcher stylesheet colors through generated LauncherThemeTokens values; opacity values are renderer-safe CSS mirrors constrained by LauncherThemeTokens.CSS_OPACITY_VALUES.
GVT-0126,colors-theme-semantic-roles,css-color-border-fill,src/main/resources/qupath/ext/astra/launcher.css,90,.button.astra-header-menu-button,-fx-text-fill,#0d4f55,#0d4f55,generated-css-token,closed-generated,Keep launcher theme/state values routed through LauncherThemeTokens and generated launcher.tokens.css; CSS uses renderer-safe concrete opacity mirrors guarded by PipelineLauncherTest.,theme/state pixel sampling plus generated-token and opacity-allowlist source guards,Theme/state pass 5 routes launcher stylesheet colors through generated LauncherThemeTokens values; opacity values are renderer-safe CSS mirrors constrained by LauncherThemeTokens.CSS_OPACITY_VALUES.
GVT-0127,opacity-translucency-disabled,css-color-border-fill,src/main/resources/qupath/ext/astra/launcher.css,91,.button.astra-header-menu-button,-fx-border-color,"rgba(255, 255, 255, 0.95)","rgba(255, 255, 255, 0.95)",generated-css-token,closed-generated,Keep launcher theme/state values routed through LauncherThemeTokens and generated launcher.tokens.css; CSS uses renderer-safe concrete opacity mirrors guarded by PipelineLauncherTest.,theme/state pixel sampling plus generated-token and opacity-allowlist source guards,Theme/state pass 5 routes launcher stylesheet colors through generated LauncherThemeTokens values; opacity values are renderer-safe CSS mirrors constrained by LauncherThemeTokens.CSS_OPACITY_VALUES.
GVT-0128,opacity-translucency-disabled,css-opacity,src/main/resources/qupath/ext/astra/launcher.css,95,.button.astra-header-menu-button:disabled,-fx-opacity,0.84,0.84,generated-css-token,closed-generated,Keep launcher theme/state values routed through LauncherThemeTokens and generated launcher.tokens.css; CSS uses renderer-safe concrete opacity mirrors guarded by PipelineLauncherTest.,theme/state pixel sampling plus generated-token and opacity-allowlist source guards,Theme/state pass 5 routes launcher stylesheet colors through generated LauncherThemeTokens values; opacity values are renderer-safe CSS mirrors constrained by LauncherThemeTokens.CSS_OPACITY_VALUES.
GVT-0129,colors-theme-semantic-roles,css-color-border-fill,src/main/resources/qupath/ext/astra/launcher.css,101,.astra-header-menu-chevron,-fx-text-fill,#0d4f55,#0d4f55,generated-css-token,closed-generated,Keep launcher theme/state values routed through LauncherThemeTokens and generated launcher.tokens.css; CSS uses renderer-safe concrete opacity mirrors guarded by PipelineLauncherTest.,theme/state pixel sampling plus generated-token and opacity-allowlist source guards,Theme/state pass 5 routes launcher stylesheet colors through generated LauncherThemeTokens values; opacity values are renderer-safe CSS mirrors constrained by LauncherThemeTokens.CSS_OPACITY_VALUES.
GVT-0130,typography-text-ink,css-font,src/main/resources/qupath/ext/astra/launcher.css,103,.astra-header-menu-chevron,-fx-font-size,12.5px,12.5px,generated-css-token,closed-generated,Keep renderer-safe concrete CSS synchronized with LauncherTypographyTokens; staleness tests must fail on drift.,Generated-token staleness test plus text-contract sweep alpha proof for affected rendered text surfaces.,"Typography pass 4 routes CSS font stack, size, and weight through LauncherTypographyTokens and launcher.tokens.css while keeping JavaFX-safe concrete CSS values."
GVT-0131,colors-theme-semantic-roles,css-color-border-fill,src/main/resources/qupath/ext/astra/launcher.css,108,.button.astra-header-menu-button:disabled .text,-fx-text-fill,#49656d,#49656d,generated-css-token,closed-generated,Keep launcher theme/state values routed through LauncherThemeTokens and generated launcher.tokens.css; CSS uses renderer-safe concrete opacity mirrors guarded by PipelineLauncherTest.,theme/state pixel sampling plus generated-token and opacity-allowlist source guards,Theme/state pass 5 routes launcher stylesheet colors through generated LauncherThemeTokens values; opacity values are renderer-safe CSS mirrors constrained by LauncherThemeTokens.CSS_OPACITY_VALUES.
GVT-0132,colors-theme-semantic-roles,css-color-border-fill,src/main/resources/qupath/ext/astra/launcher.css,112,.astra-button-danger,-fx-background-color,#ffe8e2,#ffe8e2,generated-css-token,closed-generated,Keep launcher theme/state values routed through LauncherThemeTokens and generated launcher.tokens.css; CSS uses renderer-safe concrete opacity mirrors guarded by PipelineLauncherTest.,theme/state pixel sampling plus generated-token and opacity-allowlist source guards,Theme/state pass 5 routes launcher stylesheet colors through generated LauncherThemeTokens values; opacity values are renderer-safe CSS mirrors constrained by LauncherThemeTokens.CSS_OPACITY_VALUES.
GVT-0133,colors-theme-semantic-roles,css-color-border-fill,src/main/resources/qupath/ext/astra/launcher.css,113,.astra-button-danger,-fx-text-fill,#7c2417,#7c2417,generated-css-token,closed-generated,Keep launcher theme/state values routed through LauncherThemeTokens and generated launcher.tokens.css; CSS uses renderer-safe concrete opacity mirrors guarded by PipelineLauncherTest.,theme/state pixel sampling plus generated-token and opacity-allowlist source guards,Theme/state pass 5 routes launcher stylesheet colors through generated LauncherThemeTokens values; opacity values are renderer-safe CSS mirrors constrained by LauncherThemeTokens.CSS_OPACITY_VALUES.
GVT-0134,colors-theme-semantic-roles,css-color-border-fill,src/main/resources/qupath/ext/astra/launcher.css,114,.astra-button-danger,-fx-border-color,#f0a090,#f0a090,generated-css-token,closed-generated,Keep launcher theme/state values routed through LauncherThemeTokens and generated launcher.tokens.css; CSS uses renderer-safe concrete opacity mirrors guarded by PipelineLauncherTest.,theme/state pixel sampling plus generated-token and opacity-allowlist source guards,Theme/state pass 5 routes launcher stylesheet colors through generated LauncherThemeTokens values; opacity values are renderer-safe CSS mirrors constrained by LauncherThemeTokens.CSS_OPACITY_VALUES.
GVT-0135,typography-text-ink,css-font,src/main/resources/qupath/ext/astra/launcher.css,115,.astra-button-danger,-fx-font-size,11px,11px,generated-css-token,closed-generated,Keep renderer-safe concrete CSS synchronized with LauncherTypographyTokens; staleness tests must fail on drift.,Generated-token staleness test plus text-contract sweep alpha proof for affected rendered text surfaces.,"Typography pass 4 routes CSS font stack, size, and weight through LauncherTypographyTokens and launcher.tokens.css while keeping JavaFX-safe concrete CSS values."
GVT-0136,colors-theme-semantic-roles,css-color-border-fill,src/main/resources/qupath/ext/astra/launcher.css,119,.astra-button-danger .astra-owned-control-text,-fx-fill,#7c2417,#7c2417,generated-css-token,closed-generated,Keep launcher theme/state values routed through LauncherThemeTokens and generated launcher.tokens.css; CSS uses renderer-safe concrete opacity mirrors guarded by PipelineLauncherTest.,theme/state pixel sampling plus generated-token and opacity-allowlist source guards,Theme/state pass 5 routes launcher stylesheet colors through generated LauncherThemeTokens values; opacity values are renderer-safe CSS mirrors constrained by LauncherThemeTokens.CSS_OPACITY_VALUES.
GVT-0137,typography-text-ink,css-font,src/main/resources/qupath/ext/astra/launcher.css,120,.astra-button-danger .astra-owned-control-text,-fx-font-size,11px,11px,generated-css-token,closed-generated,Keep renderer-safe concrete CSS synchronized with LauncherTypographyTokens; staleness tests must fail on drift.,Generated-token staleness test plus text-contract sweep alpha proof for affected rendered text surfaces.,"Typography pass 4 routes CSS font stack, size, and weight through LauncherTypographyTokens and launcher.tokens.css while keeping JavaFX-safe concrete CSS values."
GVT-0138,colors-theme-semantic-roles,css-color-border-fill,src/main/resources/qupath/ext/astra/launcher.css,124,.astra-button-success,-fx-background-color,#ecf9f1,#ecf9f1,generated-css-token,closed-generated,Keep launcher theme/state values routed through LauncherThemeTokens and generated launcher.tokens.css; CSS uses renderer-safe concrete opacity mirrors guarded by PipelineLauncherTest.,theme/state pixel sampling plus generated-token and opacity-allowlist source guards,Theme/state pass 5 routes launcher stylesheet colors through generated LauncherThemeTokens values; opacity values are renderer-safe CSS mirrors constrained by LauncherThemeTokens.CSS_OPACITY_VALUES.
GVT-0139,colors-theme-semantic-roles,css-color-border-fill,src/main/resources/qupath/ext/astra/launcher.css,125,.astra-button-success,-fx-text-fill,#17623b,#17623b,generated-css-token,closed-generated,Keep launcher theme/state values routed through LauncherThemeTokens and generated launcher.tokens.css; CSS uses renderer-safe concrete opacity mirrors guarded by PipelineLauncherTest.,theme/state pixel sampling plus generated-token and opacity-allowlist source guards,Theme/state pass 5 routes launcher stylesheet colors through generated LauncherThemeTokens values; opacity values are renderer-safe CSS mirrors constrained by LauncherThemeTokens.CSS_OPACITY_VALUES.
GVT-0140,colors-theme-semantic-roles,css-color-border-fill,src/main/resources/qupath/ext/astra/launcher.css,126,.astra-button-success,-fx-border-color,#9fd9b7,#9fd9b7,generated-css-token,closed-generated,Keep launcher theme/state values routed through LauncherThemeTokens and generated launcher.tokens.css; CSS uses renderer-safe concrete opacity mirrors guarded by PipelineLauncherTest.,theme/state pixel sampling plus generated-token and opacity-allowlist source guards,Theme/state pass 5 routes launcher stylesheet colors through generated LauncherThemeTokens values; opacity values are renderer-safe CSS mirrors constrained by LauncherThemeTokens.CSS_OPACITY_VALUES.
GVT-0141,typography-text-ink,css-font,src/main/resources/qupath/ext/astra/launcher.css,127,.astra-button-success,-fx-font-size,11px,11px,generated-css-token,closed-generated,Keep renderer-safe concrete CSS synchronized with LauncherTypographyTokens; staleness tests must fail on drift.,Generated-token staleness test plus text-contract sweep alpha proof for affected rendered text surfaces.,"Typography pass 4 routes CSS font stack, size, and weight through LauncherTypographyTokens and launcher.tokens.css while keeping JavaFX-safe concrete CSS values."
GVT-0142,colors-theme-semantic-roles,css-color-border-fill,src/main/resources/qupath/ext/astra/launcher.css,131,.astra-button-success .astra-owned-control-text,-fx-fill,#17623b,#17623b,generated-css-token,closed-generated,Keep launcher theme/state values routed through LauncherThemeTokens and generated launcher.tokens.css; CSS uses renderer-safe concrete opacity mirrors guarded by PipelineLauncherTest.,theme/state pixel sampling plus generated-token and opacity-allowlist source guards,Theme/state pass 5 routes launcher stylesheet colors through generated LauncherThemeTokens values; opacity values are renderer-safe CSS mirrors constrained by LauncherThemeTokens.CSS_OPACITY_VALUES.
GVT-0143,typography-text-ink,css-font,src/main/resources/qupath/ext/astra/launcher.css,132,.astra-button-success .astra-owned-control-text,-fx-font-size,11px,11px,generated-css-token,closed-generated,Keep renderer-safe concrete CSS synchronized with LauncherTypographyTokens; staleness tests must fail on drift.,Generated-token staleness test plus text-contract sweep alpha proof for affected rendered text surfaces.,"Typography pass 4 routes CSS font stack, size, and weight through LauncherTypographyTokens and launcher.tokens.css while keeping JavaFX-safe concrete CSS values."
GVT-0144,colors-theme-semantic-roles,css-color-border-fill,src/main/resources/qupath/ext/astra/launcher.css,136,.astra-button-small,-fx-background-color,#e6f0f2,#e6f0f2,generated-css-token,closed-generated,Keep launcher theme/state values routed through LauncherThemeTokens and generated launcher.tokens.css; CSS uses renderer-safe concrete opacity mirrors guarded by PipelineLauncherTest.,theme/state pixel sampling plus generated-token and opacity-allowlist source guards,Theme/state pass 5 routes launcher stylesheet colors through generated LauncherThemeTokens values; opacity values are renderer-safe CSS mirrors constrained by LauncherThemeTokens.CSS_OPACITY_VALUES.
GVT-0145,colors-theme-semantic-roles,css-color-border-fill,src/main/resources/qupath/ext/astra/launcher.css,137,.astra-button-small,-fx-text-fill,#0d4f55,#0d4f55,generated-css-token,closed-generated,Keep launcher theme/state values routed through LauncherThemeTokens and generated launcher.tokens.css; CSS uses renderer-safe concrete opacity mirrors guarded by PipelineLauncherTest.,theme/state pixel sampling plus generated-token and opacity-allowlist source guards,Theme/state pass 5 routes launcher stylesheet colors through generated LauncherThemeTokens values; opacity values are renderer-safe CSS mirrors constrained by LauncherThemeTokens.CSS_OPACITY_VALUES.
GVT-0146,colors-theme-semantic-roles,css-color-border-fill,src/main/resources/qupath/ext/astra/launcher.css,138,.astra-button-small,-fx-border-color,#b5cbd2,#b5cbd2,generated-css-token,closed-generated,Keep launcher theme/state values routed through LauncherThemeTokens and generated launcher.tokens.css; CSS uses renderer-safe concrete opacity mirrors guarded by PipelineLauncherTest.,theme/state pixel sampling plus generated-token and opacity-allowlist source guards,Theme/state pass 5 routes launcher stylesheet colors through generated LauncherThemeTokens values; opacity values are renderer-safe CSS mirrors constrained by LauncherThemeTokens.CSS_OPACITY_VALUES.
GVT-0147,typography-text-ink,css-font,src/main/resources/qupath/ext/astra/launcher.css,139,.astra-button-small,-fx-font-size,11px,11px,generated-css-token,closed-generated,Keep renderer-safe concrete CSS synchronized with LauncherTypographyTokens; staleness tests must fail on drift.,Generated-token staleness test plus text-contract sweep alpha proof for affected rendered text surfaces.,"Typography pass 4 routes CSS font stack, size, and weight through LauncherTypographyTokens and launcher.tokens.css while keeping JavaFX-safe concrete CSS values."
GVT-0148,colors-theme-semantic-roles,css-color-border-fill,src/main/resources/qupath/ext/astra/launcher.css,143,.astra-button-small .astra-owned-control-text,-fx-fill,#0d4f55,#0d4f55,generated-css-token,closed-generated,Keep launcher theme/state values routed through LauncherThemeTokens and generated launcher.tokens.css; CSS uses renderer-safe concrete opacity mirrors guarded by PipelineLauncherTest.,theme/state pixel sampling plus generated-token and opacity-allowlist source guards,Theme/state pass 5 routes launcher stylesheet colors through generated LauncherThemeTokens values; opacity values are renderer-safe CSS mirrors constrained by LauncherThemeTokens.CSS_OPACITY_VALUES.
GVT-0149,typography-text-ink,css-font,src/main/resources/qupath/ext/astra/launcher.css,144,.astra-button-small .astra-owned-control-text,-fx-font-size,11px,11px,generated-css-token,closed-generated,Keep renderer-safe concrete CSS synchronized with LauncherTypographyTokens; staleness tests must fail on drift.,Generated-token staleness test plus text-contract sweep alpha proof for affected rendered text surfaces.,"Typography pass 4 routes CSS font stack, size, and weight through LauncherTypographyTokens and launcher.tokens.css while keeping JavaFX-safe concrete CSS values."
GVT-0150,colors-theme-semantic-roles,css-color-border-fill,src/main/resources/qupath/ext/astra/launcher.css,151,.button.astra-button-help.astra-help-control,-fx-background-color,#1f7a7a,#1f7a7a,generated-css-token,closed-generated,Keep launcher theme/state values routed through LauncherThemeTokens and generated launcher.tokens.css; CSS uses renderer-safe concrete opacity mirrors guarded by PipelineLauncherTest.,theme/state pixel sampling plus generated-token and opacity-allowlist source guards,Theme/state pass 5 routes launcher stylesheet colors through generated LauncherThemeTokens values; opacity values are renderer-safe CSS mirrors constrained by LauncherThemeTokens.CSS_OPACITY_VALUES.
GVT-0151,colors-theme-semantic-roles,css-color-border-fill,src/main/resources/qupath/ext/astra/launcher.css,153,.button.astra-button-help.astra-help-control,-fx-border-color,#1f7a7a,#1f7a7a,generated-css-token,closed-generated,Keep launcher theme/state values routed through LauncherThemeTokens and generated launcher.tokens.css; CSS uses renderer-safe concrete opacity mirrors guarded by PipelineLauncherTest.,theme/state pixel sampling plus generated-token and opacity-allowlist source guards,Theme/state pass 5 routes launcher stylesheet colors through generated LauncherThemeTokens values; opacity values are renderer-safe CSS mirrors constrained by LauncherThemeTokens.CSS_OPACITY_VALUES.
GVT-0152,bevels-radii-arcs-tab-curvature,css-radius-arc,src/main/resources/qupath/ext/astra/launcher.css,154,.button.astra-button-help.astra-help-control,-fx-border-radius,9,renderer-safe generated concrete CSS value derived from LauncherGeometryTokens,generated-css-token,closed-generated,Keep generated concrete CSS synchronized with LauncherGeometryTokens; staleness tests must fail on drift.,Generated-token staleness test plus JavaFX preview/parser smoke and affected-surface visual review.,CSS declaration now uses renderer-safe generated concrete values because JavaFX looked-up size values are not reliable for size properties.
GVT-0153,bevels-radii-arcs-tab-curvature,css-radius-arc,src/main/resources/qupath/ext/astra/launcher.css,155,.button.astra-button-help.astra-help-control,-fx-background-radius,9,renderer-safe generated concrete CSS value derived from LauncherGeometryTokens,generated-css-token,closed-generated,Keep generated concrete CSS synchronized with LauncherGeometryTokens; staleness tests must fail on drift.,Generated-token staleness test plus JavaFX preview/parser smoke and affected-surface visual review.,CSS declaration now uses renderer-safe generated concrete values because JavaFX looked-up size values are not reliable for size properties.
GVT-0154,typography-text-ink,css-font,src/main/resources/qupath/ext/astra/launcher.css,156,.button.astra-button-help.astra-help-control,-fx-font-size,11px,11px,generated-css-token,closed-generated,Keep renderer-safe concrete CSS synchronized with LauncherTypographyTokens; staleness tests must fail on drift.,Generated-token staleness test plus text-contract sweep alpha proof for affected rendered text surfaces.,"Typography pass 4 routes CSS font stack, size, and weight through LauncherTypographyTokens and launcher.tokens.css while keeping JavaFX-safe concrete CSS values."
GVT-0155,margins-padding-gaps-spacing,css-spacing-insets,src/main/resources/qupath/ext/astra/launcher.css,157,.button.astra-button-help.astra-help-control,-fx-padding,0,renderer-safe generated concrete CSS value derived from LauncherGeometryTokens,generated-css-token,closed-generated,Keep generated concrete CSS synchronized with LauncherGeometryTokens; staleness tests must fail on drift.,Generated-token staleness test plus JavaFX preview/parser smoke and affected-surface visual review.,CSS declaration now uses renderer-safe generated concrete values because JavaFX looked-up size values are not reliable for size properties.
GVT-0156,typography-text-ink,css-font,src/main/resources/qupath/ext/astra/launcher.css,167,.button.astra-button-help.astra-help-control .text,-fx-font-size,11px,11px,generated-css-token,closed-generated,Keep renderer-safe concrete CSS synchronized with LauncherTypographyTokens; staleness tests must fail on drift.,Generated-token staleness test plus text-contract sweep alpha proof for affected rendered text surfaces.,"Typography pass 4 routes CSS font stack, size, and weight through LauncherTypographyTokens and launcher.tokens.css while keeping JavaFX-safe concrete CSS values."
GVT-0157,colors-theme-semantic-roles,css-color-border-fill,src/main/resources/qupath/ext/astra/launcher.css,172,.astra-settings-card,-fx-background-color,#ffffff,#ffffff,generated-css-token,closed-generated,Keep launcher theme/state values routed through LauncherThemeTokens and generated launcher.tokens.css; CSS uses renderer-safe concrete opacity mirrors guarded by PipelineLauncherTest.,theme/state pixel sampling plus generated-token and opacity-allowlist source guards,Theme/state pass 5 routes launcher stylesheet colors through generated LauncherThemeTokens values; opacity values are renderer-safe CSS mirrors constrained by LauncherThemeTokens.CSS_OPACITY_VALUES.
GVT-0158,colors-theme-semantic-roles,css-color-border-fill,src/main/resources/qupath/ext/astra/launcher.css,173,.astra-settings-card,-fx-border-color,#c8dce1,#c8dce1,generated-css-token,closed-generated,Keep launcher theme/state values routed through LauncherThemeTokens and generated launcher.tokens.css; CSS uses renderer-safe concrete opacity mirrors guarded by PipelineLauncherTest.,theme/state pixel sampling plus generated-token and opacity-allowlist source guards,Theme/state pass 5 routes launcher stylesheet colors through generated LauncherThemeTokens values; opacity values are renderer-safe CSS mirrors constrained by LauncherThemeTokens.CSS_OPACITY_VALUES.
GVT-0159,bevels-radii-arcs-tab-curvature,css-radius-arc,src/main/resources/qupath/ext/astra/launcher.css,174,.astra-settings-card,-fx-border-radius,7,renderer-safe generated concrete CSS value derived from LauncherGeometryTokens,generated-css-token,closed-generated,Keep generated concrete CSS synchronized with LauncherGeometryTokens; staleness tests must fail on drift.,Generated-token staleness test plus JavaFX preview/parser smoke and affected-surface visual review.,CSS declaration now uses renderer-safe generated concrete values because JavaFX looked-up size values are not reliable for size properties.
GVT-0160,bevels-radii-arcs-tab-curvature,css-radius-arc,src/main/resources/qupath/ext/astra/launcher.css,175,.astra-settings-card,-fx-background-radius,7,renderer-safe generated concrete CSS value derived from LauncherGeometryTokens,generated-css-token,closed-generated,Keep generated concrete CSS synchronized with LauncherGeometryTokens; staleness tests must fail on drift.,Generated-token staleness test plus JavaFX preview/parser smoke and affected-surface visual review.,CSS declaration now uses renderer-safe generated concrete values because JavaFX looked-up size values are not reliable for size properties.
GVT-0161,colors-theme-semantic-roles,css-color-border-fill,src/main/resources/qupath/ext/astra/launcher.css,181,.astra-settings-card:hover,-fx-background-color,#ffffff,#ffffff,generated-css-token,closed-generated,Keep launcher theme/state values routed through LauncherThemeTokens and generated launcher.tokens.css; CSS uses renderer-safe concrete opacity mirrors guarded by PipelineLauncherTest.,theme/state pixel sampling plus generated-token and opacity-allowlist source guards,Theme/state pass 5 routes launcher stylesheet colors through generated LauncherThemeTokens values; opacity values are renderer-safe CSS mirrors constrained by LauncherThemeTokens.CSS_OPACITY_VALUES.
GVT-0162,colors-theme-semantic-roles,css-color-border-fill,src/main/resources/qupath/ext/astra/launcher.css,182,.astra-settings-card:hover,-fx-border-color,#7fa3ad,#7fa3ad,generated-css-token,closed-generated,Keep launcher theme/state values routed through LauncherThemeTokens and generated launcher.tokens.css; CSS uses renderer-safe concrete opacity mirrors guarded by PipelineLauncherTest.,theme/state pixel sampling plus generated-token and opacity-allowlist source guards,Theme/state pass 5 routes launcher stylesheet colors through generated LauncherThemeTokens values; opacity values are renderer-safe CSS mirrors constrained by LauncherThemeTokens.CSS_OPACITY_VALUES.
GVT-0163,z-layer-clipping-edge-artifacts,css-visual-declaration,src/main/resources/qupath/ext/astra/launcher.css,187,.astra-settings-card:pressed,-fx-translate-y,0,renderer-safe generated concrete CSS value derived from LauncherGeometryTokens,generated-css-token,closed-generated,Keep generated concrete CSS synchronized with LauncherGeometryTokens; staleness tests must fail on drift.,Generated-token staleness test plus JavaFX preview/parser smoke and affected-surface visual review.,CSS declaration now uses renderer-safe generated concrete values because JavaFX looked-up size values are not reliable for size properties.
GVT-0164,colors-theme-semantic-roles,css-color-border-fill,src/main/resources/qupath/ext/astra/launcher.css,188,.astra-settings-card:pressed,-fx-background-color,#eef6f7,#eef6f7,generated-css-token,closed-generated,Keep launcher theme/state values routed through LauncherThemeTokens and generated launcher.tokens.css; CSS uses renderer-safe concrete opacity mirrors guarded by PipelineLauncherTest.,theme/state pixel sampling plus generated-token and opacity-allowlist source guards,Theme/state pass 5 routes launcher stylesheet colors through generated LauncherThemeTokens values; opacity values are renderer-safe CSS mirrors constrained by LauncherThemeTokens.CSS_OPACITY_VALUES.
GVT-0165,opacity-translucency-disabled,css-effect,src/main/resources/qupath/ext/astra/launcher.css,189,.astra-settings-card:pressed,-fx-effect,"innershadow(gaussian, rgba(0, 0, 0, 0.14), 4, 0.18, 0, 1)","innershadow(gaussian, rgba(0, 0, 0, 0.14), 4, 0.18, 0, 1)",generated-css-token,closed-generated,Keep launcher theme/state values routed through LauncherThemeTokens and generated launcher.tokens.css; CSS uses renderer-safe concrete opacity mirrors guarded by PipelineLauncherTest.,theme/state pixel sampling plus generated-token and opacity-allowlist source guards,Theme/state pass 5 routes launcher stylesheet colors through generated LauncherThemeTokens values; opacity values are renderer-safe CSS mirrors constrained by LauncherThemeTokens.CSS_OPACITY_VALUES.
GVT-0166,colors-theme-semantic-roles,css-color-border-fill,src/main/resources/qupath/ext/astra/launcher.css,193,.astra-settings-card-advanced,-fx-border-color,#d4a72c,#d4a72c,generated-css-token,closed-generated,Keep launcher theme/state values routed through LauncherThemeTokens and generated launcher.tokens.css; CSS uses renderer-safe concrete opacity mirrors guarded by PipelineLauncherTest.,theme/state pixel sampling plus generated-token and opacity-allowlist source guards,Theme/state pass 5 routes launcher stylesheet colors through generated LauncherThemeTokens values; opacity values are renderer-safe CSS mirrors constrained by LauncherThemeTokens.CSS_OPACITY_VALUES.
GVT-0167,typography-text-ink,css-font,src/main/resources/qupath/ext/astra/launcher.css,197,.astra-settings-card-title,-fx-font-size,14px,14px,generated-css-token,closed-generated,Keep renderer-safe concrete CSS synchronized with LauncherTypographyTokens; staleness tests must fail on drift.,Generated-token staleness test plus text-contract sweep alpha proof for affected rendered text surfaces.,"Typography pass 4 routes CSS font stack, size, and weight through LauncherTypographyTokens and launcher.tokens.css while keeping JavaFX-safe concrete CSS values."
GVT-0168,colors-theme-semantic-roles,css-color-border-fill,src/main/resources/qupath/ext/astra/launcher.css,199,.astra-settings-card-title,-fx-text-fill,#172431,#172431,generated-css-token,closed-generated,Keep launcher theme/state values routed through LauncherThemeTokens and generated launcher.tokens.css; CSS uses renderer-safe concrete opacity mirrors guarded by PipelineLauncherTest.,theme/state pixel sampling plus generated-token and opacity-allowlist source guards,Theme/state pass 5 routes launcher stylesheet colors through generated LauncherThemeTokens values; opacity values are renderer-safe CSS mirrors constrained by LauncherThemeTokens.CSS_OPACITY_VALUES.
GVT-0169,colors-theme-semantic-roles,css-color-border-fill,src/main/resources/qupath/ext/astra/launcher.css,200,.astra-settings-card-title,-fx-fill,#172431,#172431,generated-css-token,closed-generated,Keep launcher theme/state values routed through LauncherThemeTokens and generated launcher.tokens.css; CSS uses renderer-safe concrete opacity mirrors guarded by PipelineLauncherTest.,theme/state pixel sampling plus generated-token and opacity-allowlist source guards,Theme/state pass 5 routes launcher stylesheet colors through generated LauncherThemeTokens values; opacity values are renderer-safe CSS mirrors constrained by LauncherThemeTokens.CSS_OPACITY_VALUES.
GVT-0170,typography-text-ink,css-font,src/main/resources/qupath/ext/astra/launcher.css,204,.astra-settings-card-description,-fx-font-size,11.5px,11.5px,generated-css-token,closed-generated,Keep renderer-safe concrete CSS synchronized with LauncherTypographyTokens; staleness tests must fail on drift.,Generated-token staleness test plus text-contract sweep alpha proof for affected rendered text surfaces.,"Typography pass 4 routes CSS font stack, size, and weight through LauncherTypographyTokens and launcher.tokens.css while keeping JavaFX-safe concrete CSS values."
GVT-0171,colors-theme-semantic-roles,css-color-border-fill,src/main/resources/qupath/ext/astra/launcher.css,206,.astra-settings-card-description,-fx-text-fill,#5f7080,#5f7080,generated-css-token,closed-generated,Keep launcher theme/state values routed through LauncherThemeTokens and generated launcher.tokens.css; CSS uses renderer-safe concrete opacity mirrors guarded by PipelineLauncherTest.,theme/state pixel sampling plus generated-token and opacity-allowlist source guards,Theme/state pass 5 routes launcher stylesheet colors through generated LauncherThemeTokens values; opacity values are renderer-safe CSS mirrors constrained by LauncherThemeTokens.CSS_OPACITY_VALUES.
GVT-0172,colors-theme-semantic-roles,css-color-border-fill,src/main/resources/qupath/ext/astra/launcher.css,207,.astra-settings-card-description,-fx-fill,#5f7080,#5f7080,generated-css-token,closed-generated,Keep launcher theme/state values routed through LauncherThemeTokens and generated launcher.tokens.css; CSS uses renderer-safe concrete opacity mirrors guarded by PipelineLauncherTest.,theme/state pixel sampling plus generated-token and opacity-allowlist source guards,Theme/state pass 5 routes launcher stylesheet colors through generated LauncherThemeTokens values; opacity values are renderer-safe CSS mirrors constrained by LauncherThemeTokens.CSS_OPACITY_VALUES.
GVT-0173,typography-text-ink,css-font,src/main/resources/qupath/ext/astra/launcher.css,212,.astra-badge-advanced,-fx-font-size,10.5px,10.5px,generated-css-token,closed-generated,Keep renderer-safe concrete CSS synchronized with LauncherTypographyTokens; staleness tests must fail on drift.,Generated-token staleness test plus text-contract sweep alpha proof for affected rendered text surfaces.,"Typography pass 4 routes CSS font stack, size, and weight through LauncherTypographyTokens and launcher.tokens.css while keeping JavaFX-safe concrete CSS values."
GVT-0174,margins-padding-gaps-spacing,css-spacing-insets,src/main/resources/qupath/ext/astra/launcher.css,214,.astra-badge-advanced,-fx-padding,3 8,renderer-safe generated concrete CSS value derived from LauncherGeometryTokens,generated-css-token,closed-generated,Keep generated concrete CSS synchronized with LauncherGeometryTokens; staleness tests must fail on drift.,Generated-token staleness test plus JavaFX preview/parser smoke and affected-surface visual review.,CSS declaration now uses renderer-safe generated concrete values because JavaFX looked-up size values are not reliable for size properties.
GVT-0175,bevels-radii-arcs-tab-curvature,css-radius-arc,src/main/resources/qupath/ext/astra/launcher.css,215,.astra-badge-advanced,-fx-border-radius,11,renderer-safe generated concrete CSS value derived from LauncherGeometryTokens,generated-css-token,closed-generated,Keep generated concrete CSS synchronized with LauncherGeometryTokens; staleness tests must fail on drift.,Generated-token staleness test plus JavaFX preview/parser smoke and affected-surface visual review.,CSS declaration now uses renderer-safe generated concrete values because JavaFX looked-up size values are not reliable for size properties.
GVT-0176,bevels-radii-arcs-tab-curvature,css-radius-arc,src/main/resources/qupath/ext/astra/launcher.css,216,.astra-badge-advanced,-fx-background-radius,11,renderer-safe generated concrete CSS value derived from LauncherGeometryTokens,generated-css-token,closed-generated,Keep generated concrete CSS synchronized with LauncherGeometryTokens; staleness tests must fail on drift.,Generated-token staleness test plus JavaFX preview/parser smoke and affected-surface visual review.,CSS declaration now uses renderer-safe generated concrete values because JavaFX looked-up size values are not reliable for size properties.
GVT-0177,typography-text-ink,css-font,src/main/resources/qupath/ext/astra/launcher.css,223,.astra-workflow-chip .astra-owned-panel-text,-fx-font-size,10.5px,10.5px,generated-css-token,closed-generated,Keep renderer-safe concrete CSS synchronized with LauncherTypographyTokens; staleness tests must fail on drift.,Generated-token staleness test plus text-contract sweep alpha proof for affected rendered text surfaces.,"Typography pass 4 routes CSS font stack, size, and weight through LauncherTypographyTokens and launcher.tokens.css while keeping JavaFX-safe concrete CSS values."
GVT-0178,colors-theme-semantic-roles,css-color-border-fill,src/main/resources/qupath/ext/astra/launcher.css,228,.astra-badge,-fx-background-color,#e6f0f2,#e6f0f2,generated-css-token,closed-generated,Keep launcher theme/state values routed through LauncherThemeTokens and generated launcher.tokens.css; CSS uses renderer-safe concrete opacity mirrors guarded by PipelineLauncherTest.,theme/state pixel sampling plus generated-token and opacity-allowlist source guards,Theme/state pass 5 routes launcher stylesheet colors through generated LauncherThemeTokens values; opacity values are renderer-safe CSS mirrors constrained by LauncherThemeTokens.CSS_OPACITY_VALUES.
GVT-0179,colors-theme-semantic-roles,css-color-border-fill,src/main/resources/qupath/ext/astra/launcher.css,229,.astra-badge,-fx-text-fill,#0d4f55,#0d4f55,generated-css-token,closed-generated,Keep launcher theme/state values routed through LauncherThemeTokens and generated launcher.tokens.css; CSS uses renderer-safe concrete opacity mirrors guarded by PipelineLauncherTest.,theme/state pixel sampling plus generated-token and opacity-allowlist source guards,Theme/state pass 5 routes launcher stylesheet colors through generated LauncherThemeTokens values; opacity values are renderer-safe CSS mirrors constrained by LauncherThemeTokens.CSS_OPACITY_VALUES.
GVT-0180,colors-theme-semantic-roles,css-color-border-fill,src/main/resources/qupath/ext/astra/launcher.css,230,.astra-badge,-fx-border-color,#b5cbd2,#b5cbd2,generated-css-token,closed-generated,Keep launcher theme/state values routed through LauncherThemeTokens and generated launcher.tokens.css; CSS uses renderer-safe concrete opacity mirrors guarded by PipelineLauncherTest.,theme/state pixel sampling plus generated-token and opacity-allowlist source guards,Theme/state pass 5 routes launcher stylesheet colors through generated LauncherThemeTokens values; opacity values are renderer-safe CSS mirrors constrained by LauncherThemeTokens.CSS_OPACITY_VALUES.
GVT-0181,colors-theme-semantic-roles,css-color-border-fill,src/main/resources/qupath/ext/astra/launcher.css,234,.astra-badge .astra-owned-panel-text,-fx-fill,#0d4f55,#0d4f55,generated-css-token,closed-generated,Keep launcher theme/state values routed through LauncherThemeTokens and generated launcher.tokens.css; CSS uses renderer-safe concrete opacity mirrors guarded by PipelineLauncherTest.,theme/state pixel sampling plus generated-token and opacity-allowlist source guards,Theme/state pass 5 routes launcher stylesheet colors through generated LauncherThemeTokens values; opacity values are renderer-safe CSS mirrors constrained by LauncherThemeTokens.CSS_OPACITY_VALUES.
GVT-0182,colors-theme-semantic-roles,css-color-border-fill,src/main/resources/qupath/ext/astra/launcher.css,238,.astra-badge-advanced,-fx-background-color,#fff5d0,#fff5d0,generated-css-token,closed-generated,Keep launcher theme/state values routed through LauncherThemeTokens and generated launcher.tokens.css; CSS uses renderer-safe concrete opacity mirrors guarded by PipelineLauncherTest.,theme/state pixel sampling plus generated-token and opacity-allowlist source guards,Theme/state pass 5 routes launcher stylesheet colors through generated LauncherThemeTokens values; opacity values are renderer-safe CSS mirrors constrained by LauncherThemeTokens.CSS_OPACITY_VALUES.
GVT-0183,colors-theme-semantic-roles,css-color-border-fill,src/main/resources/qupath/ext/astra/launcher.css,239,.astra-badge-advanced,-fx-text-fill,#6f5200,#6f5200,generated-css-token,closed-generated,Keep launcher theme/state values routed through LauncherThemeTokens and generated launcher.tokens.css; CSS uses renderer-safe concrete opacity mirrors guarded by PipelineLauncherTest.,theme/state pixel sampling plus generated-token and opacity-allowlist source guards,Theme/state pass 5 routes launcher stylesheet colors through generated LauncherThemeTokens values; opacity values are renderer-safe CSS mirrors constrained by LauncherThemeTokens.CSS_OPACITY_VALUES.
GVT-0184,colors-theme-semantic-roles,css-color-border-fill,src/main/resources/qupath/ext/astra/launcher.css,240,.astra-badge-advanced,-fx-border-color,#d4a72c,#d4a72c,generated-css-token,closed-generated,Keep launcher theme/state values routed through LauncherThemeTokens and generated launcher.tokens.css; CSS uses renderer-safe concrete opacity mirrors guarded by PipelineLauncherTest.,theme/state pixel sampling plus generated-token and opacity-allowlist source guards,Theme/state pass 5 routes launcher stylesheet colors through generated LauncherThemeTokens values; opacity values are renderer-safe CSS mirrors constrained by LauncherThemeTokens.CSS_OPACITY_VALUES.
GVT-0185,colors-theme-semantic-roles,css-color-border-fill,src/main/resources/qupath/ext/astra/launcher.css,244,.astra-badge-advanced .astra-owned-panel-text,-fx-fill,#6f5200,#6f5200,generated-css-token,closed-generated,Keep launcher theme/state values routed through LauncherThemeTokens and generated launcher.tokens.css; CSS uses renderer-safe concrete opacity mirrors guarded by PipelineLauncherTest.,theme/state pixel sampling plus generated-token and opacity-allowlist source guards,Theme/state pass 5 routes launcher stylesheet colors through generated LauncherThemeTokens values; opacity values are renderer-safe CSS mirrors constrained by LauncherThemeTokens.CSS_OPACITY_VALUES.
GVT-0186,typography-text-ink,css-font,src/main/resources/qupath/ext/astra/launcher.css,248,.astra-header-title,-fx-font-size,48px,48px,generated-css-token,closed-generated,Keep renderer-safe concrete CSS synchronized with LauncherTypographyTokens; staleness tests must fail on drift.,Generated-token staleness test plus text-contract sweep alpha proof for affected rendered text surfaces.,"Header title emphasis remains exactly twice the header-subtitle token; CSS keeps the JavaFX-safe concrete mirror."
GVT-0187,typography-text-ink,css-font,src/main/resources/qupath/ext/astra/launcher.css,254,.astra-header-subtitle,-fx-font-size,24px,24px,generated-css-token,closed-generated,Keep renderer-safe concrete CSS synchronized with LauncherTypographyTokens; staleness tests must fail on drift.,Generated-token staleness test plus text-contract sweep alpha proof for affected rendered text surfaces.,"Header subtitle emphasis derives from twice the body token; CSS keeps the JavaFX-safe concrete mirror."
GVT-0188,colors-theme-semantic-roles,css-color-border-fill,src/main/resources/qupath/ext/astra/launcher.css,256,.astra-header-subtitle,-fx-text-fill,#dcefee,#dcefee,generated-css-token,closed-generated,Keep launcher theme/state values routed through LauncherThemeTokens and generated launcher.tokens.css; CSS uses renderer-safe concrete opacity mirrors guarded by PipelineLauncherTest.,theme/state pixel sampling plus generated-token and opacity-allowlist source guards,Theme/state pass 5 routes launcher stylesheet colors through generated LauncherThemeTokens values; opacity values are renderer-safe CSS mirrors constrained by LauncherThemeTokens.CSS_OPACITY_VALUES.
GVT-0189,margins-padding-gaps-spacing,css-spacing-insets,src/main/resources/qupath/ext/astra/launcher.css,257,.astra-header-subtitle,-fx-line-spacing,2,renderer-safe generated concrete CSS value derived from LauncherGeometryTokens,generated-css-token,closed-generated,Keep generated concrete CSS synchronized with LauncherGeometryTokens; staleness tests must fail on drift.,Generated-token staleness test plus JavaFX preview/parser smoke and affected-surface visual review.,CSS declaration now uses renderer-safe generated concrete values because JavaFX looked-up size values are not reliable for size properties.
GVT-0190,typography-text-ink,css-font,src/main/resources/qupath/ext/astra/launcher.css,261,.astra-header-provenance,-fx-font-size,11px,11px,generated-css-token,closed-generated,Keep renderer-safe concrete CSS synchronized with LauncherTypographyTokens; staleness tests must fail on drift.,Generated-token staleness test plus text-contract sweep alpha proof for affected rendered text surfaces.,"Typography pass 4 routes CSS font stack, size, and weight through LauncherTypographyTokens and launcher.tokens.css while keeping JavaFX-safe concrete CSS values."
GVT-0191,colors-theme-semantic-roles,css-color-border-fill,src/main/resources/qupath/ext/astra/launcher.css,263,.astra-header-provenance,-fx-text-fill,#b8d4d6,#b8d4d6,generated-css-token,closed-generated,Keep launcher theme/state values routed through LauncherThemeTokens and generated launcher.tokens.css; CSS uses renderer-safe concrete opacity mirrors guarded by PipelineLauncherTest.,theme/state pixel sampling plus generated-token and opacity-allowlist source guards,Theme/state pass 5 routes launcher stylesheet colors through generated LauncherThemeTokens values; opacity values are renderer-safe CSS mirrors constrained by LauncherThemeTokens.CSS_OPACITY_VALUES.
GVT-0192,typography-text-ink,css-font,src/main/resources/qupath/ext/astra/launcher.css,267,.astra-workflow-chip,-fx-font-size,12px,12px,generated-css-token,closed-generated,Keep renderer-safe concrete CSS synchronized with LauncherTypographyTokens; staleness tests must fail on drift.,Generated-token staleness test plus text-contract sweep alpha proof for affected rendered text surfaces.,"Typography pass 4 routes CSS font stack, size, and weight through LauncherTypographyTokens and launcher.tokens.css while keeping JavaFX-safe concrete CSS values."
GVT-0193,margins-padding-gaps-spacing,css-spacing-insets,src/main/resources/qupath/ext/astra/launcher.css,269,.astra-workflow-chip,-fx-padding,7 12,renderer-safe generated concrete CSS value derived from LauncherGeometryTokens,generated-css-token,closed-generated,Keep generated concrete CSS synchronized with LauncherGeometryTokens; staleness tests must fail on drift.,Generated-token staleness test plus JavaFX preview/parser smoke and affected-surface visual review.,CSS declaration now uses renderer-safe generated concrete values because JavaFX looked-up size values are not reliable for size properties.
GVT-0194,bevels-radii-arcs-tab-curvature,css-radius-arc,src/main/resources/qupath/ext/astra/launcher.css,270,.astra-workflow-chip,-fx-background-radius,16,renderer-safe generated concrete CSS value derived from LauncherGeometryTokens,generated-css-token,closed-generated,Keep generated concrete CSS synchronized with LauncherGeometryTokens; staleness tests must fail on drift.,Generated-token staleness test plus JavaFX preview/parser smoke and affected-surface visual review.,CSS declaration now uses renderer-safe generated concrete values because JavaFX looked-up size values are not reliable for size properties.
GVT-0195,bevels-radii-arcs-tab-curvature,css-radius-arc,src/main/resources/qupath/ext/astra/launcher.css,271,.astra-workflow-chip,-fx-border-radius,16,renderer-safe generated concrete CSS value derived from LauncherGeometryTokens,generated-css-token,closed-generated,Keep generated concrete CSS synchronized with LauncherGeometryTokens; staleness tests must fail on drift.,Generated-token staleness test plus JavaFX preview/parser smoke and affected-surface visual review.,CSS declaration now uses renderer-safe generated concrete values because JavaFX looked-up size values are not reliable for size properties.
GVT-0196,typography-text-ink,css-font,src/main/resources/qupath/ext/astra/launcher.css,282,.astra-workflow-chip .astra-owned-panel-text,-fx-font-size,12px,12px,generated-css-token,closed-generated,Keep renderer-safe concrete CSS synchronized with LauncherTypographyTokens; staleness tests must fail on drift.,Generated-token staleness test plus text-contract sweep alpha proof for affected rendered text surfaces.,"Typography pass 4 routes CSS font stack, size, and weight through LauncherTypographyTokens and launcher.tokens.css while keeping JavaFX-safe concrete CSS values."
GVT-0197,colors-theme-semantic-roles,css-color-border-fill,src/main/resources/qupath/ext/astra/launcher.css,288,.astra-workflow-chip-active,-fx-text-fill,#0d4f55,#0d4f55,generated-css-token,closed-generated,Keep launcher theme/state values routed through LauncherThemeTokens and generated launcher.tokens.css; CSS uses renderer-safe concrete opacity mirrors guarded by PipelineLauncherTest.,theme/state pixel sampling plus generated-token and opacity-allowlist source guards,Theme/state pass 5 routes launcher stylesheet colors through generated LauncherThemeTokens values; opacity values are renderer-safe CSS mirrors constrained by LauncherThemeTokens.CSS_OPACITY_VALUES.
GVT-0198,colors-theme-semantic-roles,css-color-border-fill,src/main/resources/qupath/ext/astra/launcher.css,293,.astra-workflow-chip-active .astra-owned-panel-text,-fx-fill,#0d4f55,#0d4f55,generated-css-token,closed-generated,Keep launcher theme/state values routed through LauncherThemeTokens and generated launcher.tokens.css; CSS uses renderer-safe concrete opacity mirrors guarded by PipelineLauncherTest.,theme/state pixel sampling plus generated-token and opacity-allowlist source guards,Theme/state pass 5 routes launcher stylesheet colors through generated LauncherThemeTokens values; opacity values are renderer-safe CSS mirrors constrained by LauncherThemeTokens.CSS_OPACITY_VALUES.
GVT-0199,opacity-translucency-disabled,css-color-border-fill,src/main/resources/qupath/ext/astra/launcher.css,297,.astra-workflow-chip-idle,-fx-background-color,"rgba(255, 255, 255, 0.18)","rgba(255, 255, 255, 0.18)",generated-css-token,closed-generated,Keep launcher theme/state values routed through LauncherThemeTokens and generated launcher.tokens.css; CSS uses renderer-safe concrete opacity mirrors guarded by PipelineLauncherTest.,theme/state pixel sampling plus generated-token and opacity-allowlist source guards,Theme/state pass 5 routes launcher stylesheet colors through generated LauncherThemeTokens values; opacity values are renderer-safe CSS mirrors constrained by LauncherThemeTokens.CSS_OPACITY_VALUES.
GVT-0200,colors-theme-semantic-roles,css-color-border-fill,src/main/resources/qupath/ext/astra/launcher.css,298,.astra-workflow-chip-idle,-fx-text-fill,#bfd3d4,#bfd3d4,generated-css-token,closed-generated,Keep launcher theme/state values routed through LauncherThemeTokens and generated launcher.tokens.css; CSS uses renderer-safe concrete opacity mirrors guarded by PipelineLauncherTest.,theme/state pixel sampling plus generated-token and opacity-allowlist source guards,Theme/state pass 5 routes launcher stylesheet colors through generated LauncherThemeTokens values; opacity values are renderer-safe CSS mirrors constrained by LauncherThemeTokens.CSS_OPACITY_VALUES.
GVT-0201,opacity-translucency-disabled,css-color-border-fill,src/main/resources/qupath/ext/astra/launcher.css,299,.astra-workflow-chip-idle,-fx-border-color,"rgba(255, 255, 255, 0.22)","rgba(255, 255, 255, 0.22)",generated-css-token,closed-generated,Keep launcher theme/state values routed through LauncherThemeTokens and generated launcher.tokens.css; CSS uses renderer-safe concrete opacity mirrors guarded by PipelineLauncherTest.,theme/state pixel sampling plus generated-token and opacity-allowlist source guards,Theme/state pass 5 routes launcher stylesheet colors through generated LauncherThemeTokens values; opacity values are renderer-safe CSS mirrors constrained by LauncherThemeTokens.CSS_OPACITY_VALUES.
GVT-0202,colors-theme-semantic-roles,css-color-border-fill,src/main/resources/qupath/ext/astra/launcher.css,303,.astra-workflow-chip-idle .astra-owned-panel-text,-fx-fill,#bfd3d4,#bfd3d4,generated-css-token,closed-generated,Keep launcher theme/state values routed through LauncherThemeTokens and generated launcher.tokens.css; CSS uses renderer-safe concrete opacity mirrors guarded by PipelineLauncherTest.,theme/state pixel sampling plus generated-token and opacity-allowlist source guards,Theme/state pass 5 routes launcher stylesheet colors through generated LauncherThemeTokens values; opacity values are renderer-safe CSS mirrors constrained by LauncherThemeTokens.CSS_OPACITY_VALUES.
GVT-0203,typography-text-ink,css-font,src/main/resources/qupath/ext/astra/launcher.css,307,.astra-workflow-arrow,-fx-font-size,14px,14px,generated-css-token,closed-generated,Keep renderer-safe concrete CSS synchronized with LauncherTypographyTokens; staleness tests must fail on drift.,Generated-token staleness test plus text-contract sweep alpha proof for affected rendered text surfaces.,"Typography pass 4 routes CSS font stack, size, and weight through LauncherTypographyTokens and launcher.tokens.css while keeping JavaFX-safe concrete CSS values."
GVT-0204,colors-theme-semantic-roles,css-color-border-fill,src/main/resources/qupath/ext/astra/launcher.css,309,.astra-workflow-arrow,-fx-text-fill,#d9e7e8,#d9e7e8,generated-css-token,closed-generated,Keep launcher theme/state values routed through LauncherThemeTokens and generated launcher.tokens.css; CSS uses renderer-safe concrete opacity mirrors guarded by PipelineLauncherTest.,theme/state pixel sampling plus generated-token and opacity-allowlist source guards,Theme/state pass 5 routes launcher stylesheet colors through generated LauncherThemeTokens values; opacity values are renderer-safe CSS mirrors constrained by LauncherThemeTokens.CSS_OPACITY_VALUES.
GVT-0205,opacity-translucency-disabled,css-color-border-fill,src/main/resources/qupath/ext/astra/launcher.css,321,.astra-header-action-shell-fill,-fx-fill,"rgba(255, 255, 255, 0.11)","rgba(255, 255, 255, 0.11)",generated-css-token,closed-generated,Keep launcher theme/state values routed through LauncherThemeTokens and generated launcher.tokens.css; CSS uses renderer-safe concrete opacity mirrors guarded by PipelineLauncherTest.,theme/state pixel sampling plus generated-token and opacity-allowlist source guards,Theme/state pass 5 routes launcher stylesheet colors through generated LauncherThemeTokens values; opacity values are renderer-safe CSS mirrors constrained by LauncherThemeTokens.CSS_OPACITY_VALUES.
GVT-0206,opacity-translucency-disabled,css-color-border-fill,src/main/resources/qupath/ext/astra/launcher.css,327,.astra-header-action-shell-border,-fx-stroke,"rgba(255, 255, 255, 0.18)","rgba(255, 255, 255, 0.18)",generated-css-token,closed-generated,Keep launcher theme/state values routed through LauncherThemeTokens and generated launcher.tokens.css; CSS uses renderer-safe concrete opacity mirrors guarded by PipelineLauncherTest.,theme/state pixel sampling plus generated-token and opacity-allowlist source guards,Theme/state pass 5 routes launcher stylesheet colors through generated LauncherThemeTokens values; opacity values are renderer-safe CSS mirrors constrained by LauncherThemeTokens.CSS_OPACITY_VALUES.
GVT-0207,borders-strokes,css-color-border-fill,src/main/resources/qupath/ext/astra/launcher.css,328,.astra-header-action-shell-border,-fx-stroke-width,1px,renderer-safe generated concrete CSS value derived from LauncherGeometryTokens,generated-css-token,closed-generated,Keep generated concrete CSS synchronized with LauncherGeometryTokens; staleness tests must fail on drift.,Generated-token staleness test plus JavaFX preview/parser smoke and affected-surface visual review.,CSS declaration now uses renderer-safe generated concrete values because JavaFX looked-up size values are not reliable for size properties.
GVT-0208,margins-padding-gaps-spacing,css-spacing-insets,src/main/resources/qupath/ext/astra/launcher.css,338,.astra-header-actions,-fx-padding,0,renderer-safe generated concrete CSS value derived from LauncherGeometryTokens,generated-css-token,closed-generated,Keep generated concrete CSS synchronized with LauncherGeometryTokens; staleness tests must fail on drift.,Generated-token staleness test plus JavaFX preview/parser smoke and affected-surface visual review.,CSS declaration now uses renderer-safe generated concrete values because JavaFX looked-up size values are not reliable for size properties.
GVT-0209,typography-text-ink,css-font,src/main/resources/qupath/ext/astra/launcher.css,349,.astra-header-action-page-title,-fx-font-size,12px,12px,generated-css-token,closed-generated,Keep renderer-safe concrete CSS synchronized with LauncherTypographyTokens; staleness tests must fail on drift.,Generated-token staleness test plus text-contract sweep alpha proof for affected rendered text surfaces.,"Typography pass 4 routes CSS font stack, size, and weight through LauncherTypographyTokens and launcher.tokens.css while keeping JavaFX-safe concrete CSS values."
GVT-0210,colors-theme-semantic-roles,css-color-border-fill,src/main/resources/qupath/ext/astra/launcher.css,351,.astra-header-action-page-title,-fx-text-fill,#e8f6f7,#e8f6f7,generated-css-token,closed-generated,Keep launcher theme/state values routed through LauncherThemeTokens and generated launcher.tokens.css; CSS uses renderer-safe concrete opacity mirrors guarded by PipelineLauncherTest.,theme/state pixel sampling plus generated-token and opacity-allowlist source guards,Theme/state pass 5 routes launcher stylesheet colors through generated LauncherThemeTokens values; opacity values are renderer-safe CSS mirrors constrained by LauncherThemeTokens.CSS_OPACITY_VALUES.
GVT-0211,colors-theme-semantic-roles,css-color-border-fill,src/main/resources/qupath/ext/astra/launcher.css,355,.astra-header-action-page-title .astra-owned-panel-text,-fx-fill,#e8f6f7,#e8f6f7,generated-css-token,closed-generated,Keep launcher theme/state values routed through LauncherThemeTokens and generated launcher.tokens.css; CSS uses renderer-safe concrete opacity mirrors guarded by PipelineLauncherTest.,theme/state pixel sampling plus generated-token and opacity-allowlist source guards,Theme/state pass 5 routes launcher stylesheet colors through generated LauncherThemeTokens values; opacity values are renderer-safe CSS mirrors constrained by LauncherThemeTokens.CSS_OPACITY_VALUES.
GVT-0212,typography-text-ink,css-font,src/main/resources/qupath/ext/astra/launcher.css,359,.astra-header-action-page-subtitle,-fx-font-size,10px,10px,generated-css-token,closed-generated,Keep renderer-safe concrete CSS synchronized with LauncherTypographyTokens; staleness tests must fail on drift.,Generated-token staleness test plus text-contract sweep alpha proof for affected rendered text surfaces.,"Typography pass 4 routes CSS font stack, size, and weight through LauncherTypographyTokens and launcher.tokens.css while keeping JavaFX-safe concrete CSS values."
GVT-0213,colors-theme-semantic-roles,css-color-border-fill,src/main/resources/qupath/ext/astra/launcher.css,360,.astra-header-action-page-subtitle,-fx-text-fill,#c4dadd,#c4dadd,generated-css-token,closed-generated,Keep launcher theme/state values routed through LauncherThemeTokens and generated launcher.tokens.css; CSS uses renderer-safe concrete opacity mirrors guarded by PipelineLauncherTest.,theme/state pixel sampling plus generated-token and opacity-allowlist source guards,Theme/state pass 5 routes launcher stylesheet colors through generated LauncherThemeTokens values; opacity values are renderer-safe CSS mirrors constrained by LauncherThemeTokens.CSS_OPACITY_VALUES.
GVT-0214,colors-theme-semantic-roles,css-color-border-fill,src/main/resources/qupath/ext/astra/launcher.css,364,.astra-header-action-page-subtitle .astra-owned-panel-text,-fx-fill,#c4dadd,#c4dadd,generated-css-token,closed-generated,Keep launcher theme/state values routed through LauncherThemeTokens and generated launcher.tokens.css; CSS uses renderer-safe concrete opacity mirrors guarded by PipelineLauncherTest.,theme/state pixel sampling plus generated-token and opacity-allowlist source guards,Theme/state pass 5 routes launcher stylesheet colors through generated LauncherThemeTokens values; opacity values are renderer-safe CSS mirrors constrained by LauncherThemeTokens.CSS_OPACITY_VALUES.
GVT-0215,colors-theme-semantic-roles,css-color-border-fill,src/main/resources/qupath/ext/astra/launcher.css,376,.astra-header-action-page-controls .astra-header-options-label,-fx-text-fill,#e8f6f7,#e8f6f7,generated-css-token,closed-generated,Keep launcher theme/state values routed through LauncherThemeTokens and generated launcher.tokens.css; CSS uses renderer-safe concrete opacity mirrors guarded by PipelineLauncherTest.,theme/state pixel sampling plus generated-token and opacity-allowlist source guards,Theme/state pass 5 routes launcher stylesheet colors through generated LauncherThemeTokens values; opacity values are renderer-safe CSS mirrors constrained by LauncherThemeTokens.CSS_OPACITY_VALUES.
GVT-0216,colors-theme-semantic-roles,css-color-border-fill,src/main/resources/qupath/ext/astra/launcher.css,380,.astra-header-action-page-controls .astra-header-options-label .astra-owned-panel-text,-fx-fill,#e8f6f7,#e8f6f7,generated-css-token,closed-generated,Keep launcher theme/state values routed through LauncherThemeTokens and generated launcher.tokens.css; CSS uses renderer-safe concrete opacity mirrors guarded by PipelineLauncherTest.,theme/state pixel sampling plus generated-token and opacity-allowlist source guards,Theme/state pass 5 routes launcher stylesheet colors through generated LauncherThemeTokens values; opacity values are renderer-safe CSS mirrors constrained by LauncherThemeTokens.CSS_OPACITY_VALUES.
GVT-0217,typography-text-ink,css-font,src/main/resources/qupath/ext/astra/launcher.css,388,.astra-header-action-back-button,-fx-font-size,10.5px,10.5px,generated-css-token,closed-generated,Keep renderer-safe concrete CSS synchronized with LauncherTypographyTokens; staleness tests must fail on drift.,Generated-token staleness test plus text-contract sweep alpha proof for affected rendered text surfaces.,"Typography pass 4 routes CSS font stack, size, and weight through LauncherTypographyTokens and launcher.tokens.css while keeping JavaFX-safe concrete CSS values."
GVT-0218,margins-padding-gaps-spacing,css-spacing-insets,src/main/resources/qupath/ext/astra/launcher.css,393,.astra-header-menu-button,-fx-padding,7 11,renderer-safe generated concrete CSS value derived from LauncherGeometryTokens,generated-css-token,closed-generated,Keep generated concrete CSS synchronized with LauncherGeometryTokens; staleness tests must fail on drift.,Generated-token staleness test plus JavaFX preview/parser smoke and affected-surface visual review.,CSS declaration now uses renderer-safe generated concrete values because JavaFX looked-up size values are not reliable for size properties.
GVT-0219,margins-padding-gaps-spacing,css-spacing-insets,src/main/resources/qupath/ext/astra/launcher.css,398,.astra-header-home-button,-fx-padding,7 11,renderer-safe generated concrete CSS value derived from LauncherGeometryTokens,generated-css-token,closed-generated,Keep generated concrete CSS synchronized with LauncherGeometryTokens; staleness tests must fail on drift.,Generated-token staleness test plus JavaFX preview/parser smoke and affected-surface visual review.,CSS declaration now uses renderer-safe generated concrete values because JavaFX looked-up size values are not reliable for size properties.
GVT-0220,typography-text-ink,css-font,src/main/resources/qupath/ext/astra/launcher.css,404,.button.astra-header-home-button .astra-owned-control-text,-fx-font-size,12.5px,12.5px,generated-css-token,closed-generated,Keep renderer-safe concrete CSS synchronized with LauncherTypographyTokens; staleness tests must fail on drift.,Generated-token staleness test plus text-contract sweep alpha proof for affected rendered text surfaces.,"Typography pass 4 routes CSS font stack, size, and weight through LauncherTypographyTokens and launcher.tokens.css while keeping JavaFX-safe concrete CSS values."
GVT-0221,typography-text-ink,css-font,src/main/resources/qupath/ext/astra/launcher.css,419,.astra-header-menu-chevron,-fx-font-size,13px,13px,generated-css-token,closed-generated,Keep renderer-safe concrete CSS synchronized with LauncherTypographyTokens; staleness tests must fail on drift.,Generated-token staleness test plus text-contract sweep alpha proof for affected rendered text surfaces.,"Typography pass 4 routes CSS font stack, size, and weight through LauncherTypographyTokens and launcher.tokens.css while keeping JavaFX-safe concrete CSS values."
GVT-0222,z-layer-clipping-edge-artifacts,css-visual-declaration,src/main/resources/qupath/ext/astra/launcher.css,420,.astra-header-menu-chevron,-fx-translate-y,-1px,renderer-safe generated concrete CSS value derived from LauncherGeometryTokens,generated-css-token,closed-generated,Keep generated concrete CSS synchronized with LauncherGeometryTokens; staleness tests must fail on drift.,Generated-token staleness test plus JavaFX preview/parser smoke and affected-surface visual review.,CSS declaration now uses renderer-safe generated concrete values because JavaFX looked-up size values are not reliable for size properties.
GVT-0223,opacity-translucency-disabled,css-color-border-fill,src/main/resources/qupath/ext/astra/launcher.css,424,.astra-header-menu-button-settings,-fx-border-color,"rgba(191, 226, 228, 0.86)","rgba(191, 226, 228, 0.86)",generated-css-token,closed-generated,Keep launcher theme/state values routed through LauncherThemeTokens and generated launcher.tokens.css; CSS uses renderer-safe concrete opacity mirrors guarded by PipelineLauncherTest.,theme/state pixel sampling plus generated-token and opacity-allowlist source guards,Theme/state pass 5 routes launcher stylesheet colors through generated LauncherThemeTokens values; opacity values are renderer-safe CSS mirrors constrained by LauncherThemeTokens.CSS_OPACITY_VALUES.
GVT-0224,opacity-translucency-disabled,css-color-border-fill,src/main/resources/qupath/ext/astra/launcher.css,428,.astra-header-menu-button-project,-fx-border-color,"rgba(252, 205, 184, 0.9)","rgba(252, 205, 184, 0.9)",generated-css-token,closed-generated,Keep launcher theme/state values routed through LauncherThemeTokens and generated launcher.tokens.css; CSS uses renderer-safe concrete opacity mirrors guarded by PipelineLauncherTest.,theme/state pixel sampling plus generated-token and opacity-allowlist source guards,Theme/state pass 5 routes launcher stylesheet colors through generated LauncherThemeTokens values; opacity values are renderer-safe CSS mirrors constrained by LauncherThemeTokens.CSS_OPACITY_VALUES.
GVT-0225,opacity-translucency-disabled,css-color-border-fill,src/main/resources/qupath/ext/astra/launcher.css,432,.astra-header-menu-button-view,-fx-border-color,"rgba(219, 235, 238, 0.86)","rgba(219, 235, 238, 0.86)",generated-css-token,closed-generated,Keep launcher theme/state values routed through LauncherThemeTokens and generated launcher.tokens.css; CSS uses renderer-safe concrete opacity mirrors guarded by PipelineLauncherTest.,theme/state pixel sampling plus generated-token and opacity-allowlist source guards,Theme/state pass 5 routes launcher stylesheet colors through generated LauncherThemeTokens values; opacity values are renderer-safe CSS mirrors constrained by LauncherThemeTokens.CSS_OPACITY_VALUES.
GVT-0226,colors-theme-semantic-roles,css-color-border-fill,src/main/resources/qupath/ext/astra/launcher.css,436,.astra-header-menu-item-danger .label,-fx-text-fill,#7c2417,#7c2417,generated-css-token,closed-generated,Keep launcher theme/state values routed through LauncherThemeTokens and generated launcher.tokens.css; CSS uses renderer-safe concrete opacity mirrors guarded by PipelineLauncherTest.,theme/state pixel sampling plus generated-token and opacity-allowlist source guards,Theme/state pass 5 routes launcher stylesheet colors through generated LauncherThemeTokens values; opacity values are renderer-safe CSS mirrors constrained by LauncherThemeTokens.CSS_OPACITY_VALUES.
GVT-0227,colors-theme-semantic-roles,css-color-border-fill,src/main/resources/qupath/ext/astra/launcher.css,441,.astra-header-menu-item-danger .astra-owned-menu-text,-fx-fill,#7c2417,#7c2417,generated-css-token,closed-generated,Keep launcher theme/state values routed through LauncherThemeTokens and generated launcher.tokens.css; CSS uses renderer-safe concrete opacity mirrors guarded by PipelineLauncherTest.,theme/state pixel sampling plus generated-token and opacity-allowlist source guards,Theme/state pass 5 routes launcher stylesheet colors through generated LauncherThemeTokens values; opacity values are renderer-safe CSS mirrors constrained by LauncherThemeTokens.CSS_OPACITY_VALUES.
GVT-0228,colors-theme-semantic-roles,css-color-border-fill,src/main/resources/qupath/ext/astra/launcher.css,445,.astra-header-menu-item-success .label,-fx-text-fill,#17623b,#17623b,generated-css-token,closed-generated,Keep launcher theme/state values routed through LauncherThemeTokens and generated launcher.tokens.css; CSS uses renderer-safe concrete opacity mirrors guarded by PipelineLauncherTest.,theme/state pixel sampling plus generated-token and opacity-allowlist source guards,Theme/state pass 5 routes launcher stylesheet colors through generated LauncherThemeTokens values; opacity values are renderer-safe CSS mirrors constrained by LauncherThemeTokens.CSS_OPACITY_VALUES.
GVT-0229,colors-theme-semantic-roles,css-color-border-fill,src/main/resources/qupath/ext/astra/launcher.css,450,.astra-header-menu-item-success .astra-owned-menu-text,-fx-fill,#17623b,#17623b,generated-css-token,closed-generated,Keep launcher theme/state values routed through LauncherThemeTokens and generated launcher.tokens.css; CSS uses renderer-safe concrete opacity mirrors guarded by PipelineLauncherTest.,theme/state pixel sampling plus generated-token and opacity-allowlist source guards,Theme/state pass 5 routes launcher stylesheet colors through generated LauncherThemeTokens values; opacity values are renderer-safe CSS mirrors constrained by LauncherThemeTokens.CSS_OPACITY_VALUES.
GVT-0230,colors-theme-semantic-roles,css-color-border-fill,src/main/resources/qupath/ext/astra/launcher.css,454,.astra-header-menu-item-default .label,-fx-text-fill,#172431,#172431,generated-css-token,closed-generated,Keep launcher theme/state values routed through LauncherThemeTokens and generated launcher.tokens.css; CSS uses renderer-safe concrete opacity mirrors guarded by PipelineLauncherTest.,theme/state pixel sampling plus generated-token and opacity-allowlist source guards,Theme/state pass 5 routes launcher stylesheet colors through generated LauncherThemeTokens values; opacity values are renderer-safe CSS mirrors constrained by LauncherThemeTokens.CSS_OPACITY_VALUES.
GVT-0231,colors-theme-semantic-roles,css-color-border-fill,src/main/resources/qupath/ext/astra/launcher.css,459,.astra-header-menu-item-default .astra-owned-menu-text,-fx-fill,#172431,#172431,generated-css-token,closed-generated,Keep launcher theme/state values routed through LauncherThemeTokens and generated launcher.tokens.css; CSS uses renderer-safe concrete opacity mirrors guarded by PipelineLauncherTest.,theme/state pixel sampling plus generated-token and opacity-allowlist source guards,Theme/state pass 5 routes launcher stylesheet colors through generated LauncherThemeTokens values; opacity values are renderer-safe CSS mirrors constrained by LauncherThemeTokens.CSS_OPACITY_VALUES.
GVT-0232,colors-theme-semantic-roles,css-color-border-fill,src/main/resources/qupath/ext/astra/launcher.css,468,.astra-header-options-panel,-fx-background-color,#ffffff,#ffffff,generated-css-token,closed-generated,Keep launcher theme/state values routed through LauncherThemeTokens and generated launcher.tokens.css; CSS uses renderer-safe concrete opacity mirrors guarded by PipelineLauncherTest.,theme/state pixel sampling plus generated-token and opacity-allowlist source guards,Theme/state pass 5 routes launcher stylesheet colors through generated LauncherThemeTokens values; opacity values are renderer-safe CSS mirrors constrained by LauncherThemeTokens.CSS_OPACITY_VALUES.
GVT-0233,bevels-radii-arcs-tab-curvature,css-radius-arc,src/main/resources/qupath/ext/astra/launcher.css,469,.astra-header-options-panel,-fx-background-radius,7,renderer-safe generated concrete CSS value derived from LauncherGeometryTokens,generated-css-token,closed-generated,Keep generated concrete CSS synchronized with LauncherGeometryTokens; staleness tests must fail on drift.,Generated-token staleness test plus JavaFX preview/parser smoke and affected-surface visual review.,CSS declaration now uses renderer-safe generated concrete values because JavaFX looked-up size values are not reliable for size properties.
GVT-0234,colors-theme-semantic-roles,css-color-border-fill,src/main/resources/qupath/ext/astra/launcher.css,470,.astra-header-options-panel,-fx-border-color,#bfd3d8,#bfd3d8,generated-css-token,closed-generated,Keep launcher theme/state values routed through LauncherThemeTokens and generated launcher.tokens.css; CSS uses renderer-safe concrete opacity mirrors guarded by PipelineLauncherTest.,theme/state pixel sampling plus generated-token and opacity-allowlist source guards,Theme/state pass 5 routes launcher stylesheet colors through generated LauncherThemeTokens values; opacity values are renderer-safe CSS mirrors constrained by LauncherThemeTokens.CSS_OPACITY_VALUES.
GVT-0235,bevels-radii-arcs-tab-curvature,css-radius-arc,src/main/resources/qupath/ext/astra/launcher.css,471,.astra-header-options-panel,-fx-border-radius,7,renderer-safe generated concrete CSS value derived from LauncherGeometryTokens,generated-css-token,closed-generated,Keep generated concrete CSS synchronized with LauncherGeometryTokens; staleness tests must fail on drift.,Generated-token staleness test plus JavaFX preview/parser smoke and affected-surface visual review.,CSS declaration now uses renderer-safe generated concrete values because JavaFX looked-up size values are not reliable for size properties.
GVT-0236,colors-theme-semantic-roles,css-color-border-fill,src/main/resources/qupath/ext/astra/launcher.css,475,.astra-header-options-group,-fx-background-color,#f7fbfc,#f7fbfc,generated-css-token,closed-generated,Keep launcher theme/state values routed through LauncherThemeTokens and generated launcher.tokens.css; CSS uses renderer-safe concrete opacity mirrors guarded by PipelineLauncherTest.,theme/state pixel sampling plus generated-token and opacity-allowlist source guards,Theme/state pass 5 routes launcher stylesheet colors through generated LauncherThemeTokens values; opacity values are renderer-safe CSS mirrors constrained by LauncherThemeTokens.CSS_OPACITY_VALUES.
GVT-0237,bevels-radii-arcs-tab-curvature,css-radius-arc,src/main/resources/qupath/ext/astra/launcher.css,476,.astra-header-options-group,-fx-background-radius,6,renderer-safe generated concrete CSS value derived from LauncherGeometryTokens,generated-css-token,closed-generated,Keep generated concrete CSS synchronized with LauncherGeometryTokens; staleness tests must fail on drift.,Generated-token staleness test plus JavaFX preview/parser smoke and affected-surface visual review.,CSS declaration now uses renderer-safe generated concrete values because JavaFX looked-up size values are not reliable for size properties.
GVT-0238,colors-theme-semantic-roles,css-color-border-fill,src/main/resources/qupath/ext/astra/launcher.css,477,.astra-header-options-group,-fx-border-color,#d2e3e7,#d2e3e7,generated-css-token,closed-generated,Keep launcher theme/state values routed through LauncherThemeTokens and generated launcher.tokens.css; CSS uses renderer-safe concrete opacity mirrors guarded by PipelineLauncherTest.,theme/state pixel sampling plus generated-token and opacity-allowlist source guards,Theme/state pass 5 routes launcher stylesheet colors through generated LauncherThemeTokens values; opacity values are renderer-safe CSS mirrors constrained by LauncherThemeTokens.CSS_OPACITY_VALUES.
GVT-0239,bevels-radii-arcs-tab-curvature,css-radius-arc,src/main/resources/qupath/ext/astra/launcher.css,478,.astra-header-options-group,-fx-border-radius,6,renderer-safe generated concrete CSS value derived from LauncherGeometryTokens,generated-css-token,closed-generated,Keep generated concrete CSS synchronized with LauncherGeometryTokens; staleness tests must fail on drift.,Generated-token staleness test plus JavaFX preview/parser smoke and affected-surface visual review.,CSS declaration now uses renderer-safe generated concrete values because JavaFX looked-up size values are not reliable for size properties.
GVT-0240,typography-text-ink,css-font,src/main/resources/qupath/ext/astra/launcher.css,482,.astra-header-options-label,-fx-font-size,11px,11px,generated-css-token,closed-generated,Keep renderer-safe concrete CSS synchronized with LauncherTypographyTokens; staleness tests must fail on drift.,Generated-token staleness test plus text-contract sweep alpha proof for affected rendered text surfaces.,"Typography pass 4 routes CSS font stack, size, and weight through LauncherTypographyTokens and launcher.tokens.css while keeping JavaFX-safe concrete CSS values."
GVT-0241,colors-theme-semantic-roles,css-color-border-fill,src/main/resources/qupath/ext/astra/launcher.css,484,.astra-header-options-label,-fx-text-fill,#314955,#314955,generated-css-token,closed-generated,Keep launcher theme/state values routed through LauncherThemeTokens and generated launcher.tokens.css; CSS uses renderer-safe concrete opacity mirrors guarded by PipelineLauncherTest.,theme/state pixel sampling plus generated-token and opacity-allowlist source guards,Theme/state pass 5 routes launcher stylesheet colors through generated LauncherThemeTokens values; opacity values are renderer-safe CSS mirrors constrained by LauncherThemeTokens.CSS_OPACITY_VALUES.
GVT-0242,typography-text-ink,css-font,src/main/resources/qupath/ext/astra/launcher.css,488,.astra-header-segment-button,-fx-font-size,11px,11px,generated-css-token,closed-generated,Keep renderer-safe concrete CSS synchronized with LauncherTypographyTokens; staleness tests must fail on drift.,Generated-token staleness test plus text-contract sweep alpha proof for affected rendered text surfaces.,"Typography pass 4 routes CSS font stack, size, and weight through LauncherTypographyTokens and launcher.tokens.css while keeping JavaFX-safe concrete CSS values."
GVT-0243,colors-theme-semantic-roles,css-color-border-fill,src/main/resources/qupath/ext/astra/launcher.css,490,.astra-header-segment-button,-fx-background-color,#edf4f5,#edf4f5,generated-css-token,closed-generated,Keep launcher theme/state values routed through LauncherThemeTokens and generated launcher.tokens.css; CSS uses renderer-safe concrete opacity mirrors guarded by PipelineLauncherTest.,theme/state pixel sampling plus generated-token and opacity-allowlist source guards,Theme/state pass 5 routes launcher stylesheet colors through generated LauncherThemeTokens values; opacity values are renderer-safe CSS mirrors constrained by LauncherThemeTokens.CSS_OPACITY_VALUES.
GVT-0244,colors-theme-semantic-roles,css-color-border-fill,src/main/resources/qupath/ext/astra/launcher.css,491,.astra-header-segment-button,-fx-text-fill,#0d4f55,#0d4f55,generated-css-token,closed-generated,Keep launcher theme/state values routed through LauncherThemeTokens and generated launcher.tokens.css; CSS uses renderer-safe concrete opacity mirrors guarded by PipelineLauncherTest.,theme/state pixel sampling plus generated-token and opacity-allowlist source guards,Theme/state pass 5 routes launcher stylesheet colors through generated LauncherThemeTokens values; opacity values are renderer-safe CSS mirrors constrained by LauncherThemeTokens.CSS_OPACITY_VALUES.
GVT-0245,colors-theme-semantic-roles,css-color-border-fill,src/main/resources/qupath/ext/astra/launcher.css,492,.astra-header-segment-button,-fx-border-color,#bfd3d8,#bfd3d8,generated-css-token,closed-generated,Keep launcher theme/state values routed through LauncherThemeTokens and generated launcher.tokens.css; CSS uses renderer-safe concrete opacity mirrors guarded by PipelineLauncherTest.,theme/state pixel sampling plus generated-token and opacity-allowlist source guards,Theme/state pass 5 routes launcher stylesheet colors through generated LauncherThemeTokens values; opacity values are renderer-safe CSS mirrors constrained by LauncherThemeTokens.CSS_OPACITY_VALUES.
GVT-0246,bevels-radii-arcs-tab-curvature,css-radius-arc,src/main/resources/qupath/ext/astra/launcher.css,493,.astra-header-segment-button,-fx-border-radius,4,renderer-safe generated concrete CSS value derived from LauncherGeometryTokens,generated-css-token,closed-generated,Keep generated concrete CSS synchronized with LauncherGeometryTokens; staleness tests must fail on drift.,Generated-token staleness test plus JavaFX preview/parser smoke and affected-surface visual review.,CSS declaration now uses renderer-safe generated concrete values because JavaFX looked-up size values are not reliable for size properties.
GVT-0247,bevels-radii-arcs-tab-curvature,css-radius-arc,src/main/resources/qupath/ext/astra/launcher.css,494,.astra-header-segment-button,-fx-background-radius,4,renderer-safe generated concrete CSS value derived from LauncherGeometryTokens,generated-css-token,closed-generated,Keep generated concrete CSS synchronized with LauncherGeometryTokens; staleness tests must fail on drift.,Generated-token staleness test plus JavaFX preview/parser smoke and affected-surface visual review.,CSS declaration now uses renderer-safe generated concrete values because JavaFX looked-up size values are not reliable for size properties.
GVT-0248,colors-theme-semantic-roles,css-color-border-fill,src/main/resources/qupath/ext/astra/launcher.css,502,.astra-header-segment-button-selected:hover,-fx-background-color,#0d4f55,#0d4f55,generated-css-token,closed-generated,Keep launcher theme/state values routed through LauncherThemeTokens and generated launcher.tokens.css; CSS uses renderer-safe concrete opacity mirrors guarded by PipelineLauncherTest.,theme/state pixel sampling plus generated-token and opacity-allowlist source guards,Theme/state pass 5 routes launcher stylesheet colors through generated LauncherThemeTokens values; opacity values are renderer-safe CSS mirrors constrained by LauncherThemeTokens.CSS_OPACITY_VALUES.
GVT-0249,margins-padding-gaps-spacing,css-spacing-insets,src/main/resources/qupath/ext/astra/launcher.css,503,.astra-header-segment-button-selected:hover,-fx-background-insets,0,renderer-safe generated concrete CSS value derived from LauncherGeometryTokens,generated-css-token,closed-generated,Keep generated concrete CSS synchronized with LauncherGeometryTokens; staleness tests must fail on drift.,Generated-token staleness test plus JavaFX preview/parser smoke and affected-surface visual review.,CSS declaration now uses renderer-safe generated concrete values because JavaFX looked-up size values are not reliable for size properties.
GVT-0250,colors-theme-semantic-roles,css-color-border-fill,src/main/resources/qupath/ext/astra/launcher.css,505,.astra-header-segment-button-selected:hover,-fx-border-color,#0d4f55,#0d4f55,generated-css-token,closed-generated,Keep launcher theme/state values routed through LauncherThemeTokens and generated launcher.tokens.css; CSS uses renderer-safe concrete opacity mirrors guarded by PipelineLauncherTest.,theme/state pixel sampling plus generated-token and opacity-allowlist source guards,Theme/state pass 5 routes launcher stylesheet colors through generated LauncherThemeTokens values; opacity values are renderer-safe CSS mirrors constrained by LauncherThemeTokens.CSS_OPACITY_VALUES.
GVT-0251,colors-theme-semantic-roles,css-color-border-fill,src/main/resources/qupath/ext/astra/launcher.css,520,.astra-button-toggle-active,-fx-background-color,#0d7f80,#0d7f80,generated-css-token,closed-generated,Keep launcher theme/state values routed through LauncherThemeTokens and generated launcher.tokens.css; CSS uses renderer-safe concrete opacity mirrors guarded by PipelineLauncherTest.,theme/state pixel sampling plus generated-token and opacity-allowlist source guards,Theme/state pass 5 routes launcher stylesheet colors through generated LauncherThemeTokens values; opacity values are renderer-safe CSS mirrors constrained by LauncherThemeTokens.CSS_OPACITY_VALUES.
GVT-0252,colors-theme-semantic-roles,css-color-border-fill,src/main/resources/qupath/ext/astra/launcher.css,522,.astra-button-toggle-active,-fx-border-color,#07595d,#07595d,generated-css-token,closed-generated,Keep launcher theme/state values routed through LauncherThemeTokens and generated launcher.tokens.css; CSS uses renderer-safe concrete opacity mirrors guarded by PipelineLauncherTest.,theme/state pixel sampling plus generated-token and opacity-allowlist source guards,Theme/state pass 5 routes launcher stylesheet colors through generated LauncherThemeTokens values; opacity values are renderer-safe CSS mirrors constrained by LauncherThemeTokens.CSS_OPACITY_VALUES.
GVT-0253,opacity-translucency-disabled,css-effect,src/main/resources/qupath/ext/astra/launcher.css,523,.astra-button-toggle-active,-fx-effect,"innershadow(gaussian, rgba(0, 0, 0, 0.18), 4, 0.2, 0, 1)","innershadow(gaussian, rgba(0, 0, 0, 0.18), 4, 0.2, 0, 1)",generated-css-token,closed-generated,Keep launcher theme/state values routed through LauncherThemeTokens and generated launcher.tokens.css; CSS uses renderer-safe concrete opacity mirrors guarded by PipelineLauncherTest.,theme/state pixel sampling plus generated-token and opacity-allowlist source guards,Theme/state pass 5 routes launcher stylesheet colors through generated LauncherThemeTokens values; opacity values are renderer-safe CSS mirrors constrained by LauncherThemeTokens.CSS_OPACITY_VALUES.
GVT-0254,colors-theme-semantic-roles,css-color-border-fill,src/main/resources/qupath/ext/astra/launcher.css,531,.astra-section-shell,-fx-background-color,#ffffff,#ffffff,generated-css-token,closed-generated,Keep launcher theme/state values routed through LauncherThemeTokens and generated launcher.tokens.css; CSS uses renderer-safe concrete opacity mirrors guarded by PipelineLauncherTest.,theme/state pixel sampling plus generated-token and opacity-allowlist source guards,Theme/state pass 5 routes launcher stylesheet colors through generated LauncherThemeTokens values; opacity values are renderer-safe CSS mirrors constrained by LauncherThemeTokens.CSS_OPACITY_VALUES.
GVT-0255,colors-theme-semantic-roles,css-color-border-fill,src/main/resources/qupath/ext/astra/launcher.css,532,.astra-section-shell,-fx-border-color,#cfdce1,#cfdce1,generated-css-token,closed-generated,Keep launcher theme/state values routed through LauncherThemeTokens and generated launcher.tokens.css; CSS uses renderer-safe concrete opacity mirrors guarded by PipelineLauncherTest.,theme/state pixel sampling plus generated-token and opacity-allowlist source guards,Theme/state pass 5 routes launcher stylesheet colors through generated LauncherThemeTokens values; opacity values are renderer-safe CSS mirrors constrained by LauncherThemeTokens.CSS_OPACITY_VALUES.
GVT-0256,bevels-radii-arcs-tab-curvature,css-radius-arc,src/main/resources/qupath/ext/astra/launcher.css,533,.astra-section-shell,-fx-border-radius,8,renderer-safe generated concrete CSS value derived from LauncherGeometryTokens,generated-css-token,closed-generated,Keep generated concrete CSS synchronized with LauncherGeometryTokens; staleness tests must fail on drift.,Generated-token staleness test plus JavaFX preview/parser smoke and affected-surface visual review.,CSS declaration now uses renderer-safe generated concrete values because JavaFX looked-up size values are not reliable for size properties.
GVT-0257,bevels-radii-arcs-tab-curvature,css-radius-arc,src/main/resources/qupath/ext/astra/launcher.css,534,.astra-section-shell,-fx-background-radius,8,renderer-safe generated concrete CSS value derived from LauncherGeometryTokens,generated-css-token,closed-generated,Keep generated concrete CSS synchronized with LauncherGeometryTokens; staleness tests must fail on drift.,Generated-token staleness test plus JavaFX preview/parser smoke and affected-surface visual review.,CSS declaration now uses renderer-safe generated concrete values because JavaFX looked-up size values are not reliable for size properties.
GVT-0258,opacity-translucency-disabled,css-effect,src/main/resources/qupath/ext/astra/launcher.css,535,.astra-section-shell,-fx-effect,"dropshadow(gaussian, rgba(23, 36, 49, 0.05), 9, 0.14, 0, 1)","dropshadow(gaussian, rgba(23, 36, 49, 0.05), 9, 0.14, 0, 1)",generated-css-token,closed-generated,Keep launcher theme/state values routed through LauncherThemeTokens and generated launcher.tokens.css; CSS uses renderer-safe concrete opacity mirrors guarded by PipelineLauncherTest.,theme/state pixel sampling plus generated-token and opacity-allowlist source guards,Theme/state pass 5 routes launcher stylesheet colors through generated LauncherThemeTokens values; opacity values are renderer-safe CSS mirrors constrained by LauncherThemeTokens.CSS_OPACITY_VALUES.
GVT-0259,colors-theme-semantic-roles,css-color-border-fill,src/main/resources/qupath/ext/astra/launcher.css,539,.astra-section-content,-fx-background-color,"linear-gradient(to bottom, #f8fbfc, #ffffff)","linear-gradient(to bottom, #f8fbfc, #ffffff)",generated-css-token,closed-generated,Keep launcher theme/state values routed through LauncherThemeTokens and generated launcher.tokens.css; CSS uses renderer-safe concrete opacity mirrors guarded by PipelineLauncherTest.,theme/state pixel sampling plus generated-token and opacity-allowlist source guards,Theme/state pass 5 routes launcher stylesheet colors through generated LauncherThemeTokens values; opacity values are renderer-safe CSS mirrors constrained by LauncherThemeTokens.CSS_OPACITY_VALUES.
GVT-0260,colors-theme-semantic-roles,css-color-border-fill,src/main/resources/qupath/ext/astra/launcher.css,540,.astra-section-content,-fx-border-color,#bed3da,#bed3da,generated-css-token,closed-generated,Keep launcher theme/state values routed through LauncherThemeTokens and generated launcher.tokens.css; CSS uses renderer-safe concrete opacity mirrors guarded by PipelineLauncherTest.,theme/state pixel sampling plus generated-token and opacity-allowlist source guards,Theme/state pass 5 routes launcher stylesheet colors through generated LauncherThemeTokens values; opacity values are renderer-safe CSS mirrors constrained by LauncherThemeTokens.CSS_OPACITY_VALUES.
GVT-0261,bevels-radii-arcs-tab-curvature,css-radius-arc,src/main/resources/qupath/ext/astra/launcher.css,541,.astra-section-content,-fx-border-radius,0 0 6 6,renderer-safe generated concrete CSS value derived from LauncherGeometryTokens,generated-css-token,closed-generated,Keep generated concrete CSS synchronized with LauncherGeometryTokens; staleness tests must fail on drift.,Generated-token staleness test plus JavaFX preview/parser smoke and affected-surface visual review.,CSS declaration now uses renderer-safe generated concrete values because JavaFX looked-up size values are not reliable for size properties.
GVT-0262,bevels-radii-arcs-tab-curvature,css-radius-arc,src/main/resources/qupath/ext/astra/launcher.css,542,.astra-section-content,-fx-background-radius,0 0 6 6,renderer-safe generated concrete CSS value derived from LauncherGeometryTokens,generated-css-token,closed-generated,Keep generated concrete CSS synchronized with LauncherGeometryTokens; staleness tests must fail on drift.,Generated-token staleness test plus JavaFX preview/parser smoke and affected-surface visual review.,CSS declaration now uses renderer-safe generated concrete values because JavaFX looked-up size values are not reliable for size properties.
GVT-0263,opacity-translucency-disabled,css-effect,src/main/resources/qupath/ext/astra/launcher.css,543,.astra-section-content,-fx-effect,"innershadow(gaussian, rgba(13, 79, 85, 0.045), 7, 0.14, 0, 1)","innershadow(gaussian, rgba(13, 79, 85, 0.045), 7, 0.14, 0, 1)",generated-css-token,closed-generated,Keep launcher theme/state values routed through LauncherThemeTokens and generated launcher.tokens.css; CSS uses renderer-safe concrete opacity mirrors guarded by PipelineLauncherTest.,theme/state pixel sampling plus generated-token and opacity-allowlist source guards,Theme/state pass 5 routes launcher stylesheet colors through generated LauncherThemeTokens values; opacity values are renderer-safe CSS mirrors constrained by LauncherThemeTokens.CSS_OPACITY_VALUES.
GVT-0264,bevels-radii-arcs-tab-curvature,css-radius-arc,src/main/resources/qupath/ext/astra/launcher.css,547,.astra-section-content-focused,-fx-border-radius,6,renderer-safe generated concrete CSS value derived from LauncherGeometryTokens,generated-css-token,closed-generated,Keep generated concrete CSS synchronized with LauncherGeometryTokens; staleness tests must fail on drift.,Generated-token staleness test plus JavaFX preview/parser smoke and affected-surface visual review.,CSS declaration now uses renderer-safe generated concrete values because JavaFX looked-up size values are not reliable for size properties.
GVT-0265,bevels-radii-arcs-tab-curvature,css-radius-arc,src/main/resources/qupath/ext/astra/launcher.css,548,.astra-section-content-focused,-fx-background-radius,6,renderer-safe generated concrete CSS value derived from LauncherGeometryTokens,generated-css-token,closed-generated,Keep generated concrete CSS synchronized with LauncherGeometryTokens; staleness tests must fail on drift.,Generated-token staleness test plus JavaFX preview/parser smoke and affected-surface visual review.,CSS declaration now uses renderer-safe generated concrete values because JavaFX looked-up size values are not reliable for size properties.
GVT-0266,typography-text-ink,css-font,src/main/resources/qupath/ext/astra/launcher.css,552,.astra-section-title,-fx-font-size,18px,18px,generated-css-token,closed-generated,Keep renderer-safe concrete CSS synchronized with LauncherTypographyTokens; staleness tests must fail on drift.,Generated-token staleness test plus text-contract sweep alpha proof for affected rendered text surfaces.,"Typography pass 4 routes CSS font stack, size, and weight through LauncherTypographyTokens and launcher.tokens.css while keeping JavaFX-safe concrete CSS values."
GVT-0267,colors-theme-semantic-roles,css-color-border-fill,src/main/resources/qupath/ext/astra/launcher.css,554,.astra-section-title,-fx-text-fill,#172431,#172431,generated-css-token,closed-generated,Keep launcher theme/state values routed through LauncherThemeTokens and generated launcher.tokens.css; CSS uses renderer-safe concrete opacity mirrors guarded by PipelineLauncherTest.,theme/state pixel sampling plus generated-token and opacity-allowlist source guards,Theme/state pass 5 routes launcher stylesheet colors through generated LauncherThemeTokens values; opacity values are renderer-safe CSS mirrors constrained by LauncherThemeTokens.CSS_OPACITY_VALUES.
GVT-0268,typography-text-ink,css-font,src/main/resources/qupath/ext/astra/launcher.css,558,.astra-section-subtitle,-fx-font-size,12.5px,12.5px,generated-css-token,closed-generated,Keep renderer-safe concrete CSS synchronized with LauncherTypographyTokens; staleness tests must fail on drift.,Generated-token staleness test plus text-contract sweep alpha proof for affected rendered text surfaces.,"Typography pass 4 routes CSS font stack, size, and weight through LauncherTypographyTokens and launcher.tokens.css while keeping JavaFX-safe concrete CSS values."
GVT-0269,colors-theme-semantic-roles,css-color-border-fill,src/main/resources/qupath/ext/astra/launcher.css,560,.astra-section-subtitle,-fx-text-fill,#5f7080,#5f7080,generated-css-token,closed-generated,Keep launcher theme/state values routed through LauncherThemeTokens and generated launcher.tokens.css; CSS uses renderer-safe concrete opacity mirrors guarded by PipelineLauncherTest.,theme/state pixel sampling plus generated-token and opacity-allowlist source guards,Theme/state pass 5 routes launcher stylesheet colors through generated LauncherThemeTokens values; opacity values are renderer-safe CSS mirrors constrained by LauncherThemeTokens.CSS_OPACITY_VALUES.
GVT-0270,margins-padding-gaps-spacing,css-spacing-insets,src/main/resources/qupath/ext/astra/launcher.css,561,.astra-section-subtitle,-fx-line-spacing,2,renderer-safe generated concrete CSS value derived from LauncherGeometryTokens,generated-css-token,closed-generated,Keep generated concrete CSS synchronized with LauncherGeometryTokens; staleness tests must fail on drift.,Generated-token staleness test plus JavaFX preview/parser smoke and affected-surface visual review.,CSS declaration now uses renderer-safe generated concrete values because JavaFX looked-up size values are not reliable for size properties.
GVT-0271,margins-padding-gaps-spacing,css-spacing-insets,src/main/resources/qupath/ext/astra/launcher.css,565,.astra-card-dashboard,-fx-padding,2 6 2 6,renderer-safe generated concrete CSS value derived from LauncherGeometryTokens,generated-css-token,closed-generated,Keep generated concrete CSS synchronized with LauncherGeometryTokens; staleness tests must fail on drift.,Generated-token staleness test plus JavaFX preview/parser smoke and affected-surface visual review.,CSS declaration now uses renderer-safe generated concrete values because JavaFX looked-up size values are not reliable for size properties.
GVT-0272,margins-padding-gaps-spacing,css-spacing-insets,src/main/resources/qupath/ext/astra/launcher.css,569,.astra-card-dashboard-frame,-fx-padding,0,renderer-safe generated concrete CSS value derived from LauncherGeometryTokens,generated-css-token,closed-generated,Keep generated concrete CSS synchronized with LauncherGeometryTokens; staleness tests must fail on drift.,Generated-token staleness test plus JavaFX preview/parser smoke and affected-surface visual review.,CSS declaration now uses renderer-safe generated concrete values because JavaFX looked-up size values are not reliable for size properties.
GVT-0273,margins-padding-gaps-spacing,css-spacing-insets,src/main/resources/qupath/ext/astra/launcher.css,574,.astra-settings-view-toggle,-fx-padding,0 0 0 8,renderer-safe generated concrete CSS value derived from LauncherGeometryTokens,generated-css-token,closed-generated,Keep generated concrete CSS synchronized with LauncherGeometryTokens; staleness tests must fail on drift.,Generated-token staleness test plus JavaFX preview/parser smoke and affected-surface visual review.,CSS declaration now uses renderer-safe generated concrete values because JavaFX looked-up size values are not reliable for size properties.
GVT-0274,margins-padding-gaps-spacing,css-spacing-insets,src/main/resources/qupath/ext/astra/launcher.css,578,.astra-importance-legend,-fx-padding,0 0 4 0,renderer-safe generated concrete CSS value derived from LauncherGeometryTokens,generated-css-token,closed-generated,Keep generated concrete CSS synchronized with LauncherGeometryTokens; staleness tests must fail on drift.,Generated-token staleness test plus JavaFX preview/parser smoke and affected-surface visual review.,CSS declaration now uses renderer-safe generated concrete values because JavaFX looked-up size values are not reliable for size properties.
GVT-0275,typography-text-ink,css-font,src/main/resources/qupath/ext/astra/launcher.css,582,.astra-importance-legend-title,-fx-font-size,11px,11px,generated-css-token,closed-generated,Keep renderer-safe concrete CSS synchronized with LauncherTypographyTokens; staleness tests must fail on drift.,Generated-token staleness test plus text-contract sweep alpha proof for affected rendered text surfaces.,"Typography pass 4 routes CSS font stack, size, and weight through LauncherTypographyTokens and launcher.tokens.css while keeping JavaFX-safe concrete CSS values."
GVT-0276,colors-theme-semantic-roles,css-color-border-fill,src/main/resources/qupath/ext/astra/launcher.css,584,.astra-importance-legend-title,-fx-text-fill,#5f7080,#5f7080,generated-css-token,closed-generated,Keep launcher theme/state values routed through LauncherThemeTokens and generated launcher.tokens.css; CSS uses renderer-safe concrete opacity mirrors guarded by PipelineLauncherTest.,theme/state pixel sampling plus generated-token and opacity-allowlist source guards,Theme/state pass 5 routes launcher stylesheet colors through generated LauncherThemeTokens values; opacity values are renderer-safe CSS mirrors constrained by LauncherThemeTokens.CSS_OPACITY_VALUES.
GVT-0277,margins-padding-gaps-spacing,css-spacing-insets,src/main/resources/qupath/ext/astra/launcher.css,585,.astra-importance-legend-title,-fx-padding,3 4 3 0,renderer-safe generated concrete CSS value derived from LauncherGeometryTokens,generated-css-token,closed-generated,Keep generated concrete CSS synchronized with LauncherGeometryTokens; staleness tests must fail on drift.,Generated-token staleness test plus JavaFX preview/parser smoke and affected-surface visual review.,CSS declaration now uses renderer-safe generated concrete values because JavaFX looked-up size values are not reliable for size properties.
GVT-0278,typography-text-ink,css-font,src/main/resources/qupath/ext/astra/launcher.css,589,.astra-focused-section-title,-fx-font-size,16px,16px,generated-css-token,closed-generated,Keep renderer-safe concrete CSS synchronized with LauncherTypographyTokens; staleness tests must fail on drift.,Generated-token staleness test plus text-contract sweep alpha proof for affected rendered text surfaces.,"Typography pass 4 routes CSS font stack, size, and weight through LauncherTypographyTokens and launcher.tokens.css while keeping JavaFX-safe concrete CSS values."
GVT-0279,colors-theme-semantic-roles,css-color-border-fill,src/main/resources/qupath/ext/astra/launcher.css,591,.astra-focused-section-title,-fx-text-fill,#172431,#172431,generated-css-token,closed-generated,Keep launcher theme/state values routed through LauncherThemeTokens and generated launcher.tokens.css; CSS uses renderer-safe concrete opacity mirrors guarded by PipelineLauncherTest.,theme/state pixel sampling plus generated-token and opacity-allowlist source guards,Theme/state pass 5 routes launcher stylesheet colors through generated LauncherThemeTokens values; opacity values are renderer-safe CSS mirrors constrained by LauncherThemeTokens.CSS_OPACITY_VALUES.
GVT-0280,typography-text-ink,css-font,src/main/resources/qupath/ext/astra/launcher.css,595,.astra-focused-section-description,-fx-font-size,11.5px,11.5px,generated-css-token,closed-generated,Keep renderer-safe concrete CSS synchronized with LauncherTypographyTokens; staleness tests must fail on drift.,Generated-token staleness test plus text-contract sweep alpha proof for affected rendered text surfaces.,"Typography pass 4 routes CSS font stack, size, and weight through LauncherTypographyTokens and launcher.tokens.css while keeping JavaFX-safe concrete CSS values."
GVT-0281,colors-theme-semantic-roles,css-color-border-fill,src/main/resources/qupath/ext/astra/launcher.css,597,.astra-focused-section-description,-fx-text-fill,#5f7080,#5f7080,generated-css-token,closed-generated,Keep launcher theme/state values routed through LauncherThemeTokens and generated launcher.tokens.css; CSS uses renderer-safe concrete opacity mirrors guarded by PipelineLauncherTest.,theme/state pixel sampling plus generated-token and opacity-allowlist source guards,Theme/state pass 5 routes launcher stylesheet colors through generated LauncherThemeTokens values; opacity values are renderer-safe CSS mirrors constrained by LauncherThemeTokens.CSS_OPACITY_VALUES.
GVT-0282,bevels-radii-arcs-tab-curvature,css-radius-arc,src/main/resources/qupath/ext/astra/launcher.css,601,.astra-focused-section-header,-fx-background-radius,6,renderer-safe generated concrete CSS value derived from LauncherGeometryTokens,generated-css-token,closed-generated,Keep generated concrete CSS synchronized with LauncherGeometryTokens; staleness tests must fail on drift.,Generated-token staleness test plus JavaFX preview/parser smoke and affected-surface visual review.,CSS declaration now uses renderer-safe generated concrete values because JavaFX looked-up size values are not reliable for size properties.
GVT-0283,bevels-radii-arcs-tab-curvature,css-radius-arc,src/main/resources/qupath/ext/astra/launcher.css,602,.astra-focused-section-header,-fx-border-radius,6,renderer-safe generated concrete CSS value derived from LauncherGeometryTokens,generated-css-token,closed-generated,Keep generated concrete CSS synchronized with LauncherGeometryTokens; staleness tests must fail on drift.,Generated-token staleness test plus JavaFX preview/parser smoke and affected-surface visual review.,CSS declaration now uses renderer-safe generated concrete values because JavaFX looked-up size values are not reliable for size properties.
GVT-0284,borders-strokes,css-color-border-fill,src/main/resources/qupath/ext/astra/launcher.css,603,.astra-focused-section-header,-fx-border-width,1,renderer-safe generated concrete CSS value derived from LauncherGeometryTokens,generated-css-token,closed-generated,Keep generated concrete CSS synchronized with LauncherGeometryTokens; staleness tests must fail on drift.,Generated-token staleness test plus JavaFX preview/parser smoke and affected-surface visual review.,CSS declaration now uses renderer-safe generated concrete values because JavaFX looked-up size values are not reliable for size properties.
GVT-0285,opacity-translucency-disabled,css-effect,src/main/resources/qupath/ext/astra/launcher.css,604,.astra-focused-section-header,-fx-effect,"dropshadow(gaussian, rgba(23, 36, 49, 0.07), 8, 0.20, 0, 2)","dropshadow(gaussian, rgba(23, 36, 49, 0.07), 8, 0.20, 0, 2)",generated-css-token,closed-generated,Keep launcher theme/state values routed through LauncherThemeTokens and generated launcher.tokens.css; CSS uses renderer-safe concrete opacity mirrors guarded by PipelineLauncherTest.,theme/state pixel sampling plus generated-token and opacity-allowlist source guards,Theme/state pass 5 routes launcher stylesheet colors through generated LauncherThemeTokens values; opacity values are renderer-safe CSS mirrors constrained by LauncherThemeTokens.CSS_OPACITY_VALUES.
GVT-0286,colors-theme-semantic-roles,css-color-border-fill,src/main/resources/qupath/ext/astra/launcher.css,608,.astra-focused-section-theme-teal,-fx-background-color,"linear-gradient(to right, #dff4f1, #f2fbfa 72%, #ffffff)","linear-gradient(to right, #dff4f1, #f2fbfa 72%, #ffffff)",generated-css-token,closed-generated,Keep launcher theme/state values routed through LauncherThemeTokens and generated launcher.tokens.css; CSS uses renderer-safe concrete opacity mirrors guarded by PipelineLauncherTest.,theme/state pixel sampling plus generated-token and opacity-allowlist source guards,Theme/state pass 5 routes launcher stylesheet colors through generated LauncherThemeTokens values; opacity values are renderer-safe CSS mirrors constrained by LauncherThemeTokens.CSS_OPACITY_VALUES.
GVT-0287,colors-theme-semantic-roles,css-color-border-fill,src/main/resources/qupath/ext/astra/launcher.css,609,.astra-focused-section-theme-teal,-fx-border-color,#8dc7c3,#8dc7c3,generated-css-token,closed-generated,Keep launcher theme/state values routed through LauncherThemeTokens and generated launcher.tokens.css; CSS uses renderer-safe concrete opacity mirrors guarded by PipelineLauncherTest.,theme/state pixel sampling plus generated-token and opacity-allowlist source guards,Theme/state pass 5 routes launcher stylesheet colors through generated LauncherThemeTokens values; opacity values are renderer-safe CSS mirrors constrained by LauncherThemeTokens.CSS_OPACITY_VALUES.
GVT-0288,colors-theme-semantic-roles,css-color-border-fill,src/main/resources/qupath/ext/astra/launcher.css,613,.astra-focused-section-theme-bluegray,-fx-background-color,"linear-gradient(to right, #e4eef3, #f5f8fa 72%, #ffffff)","linear-gradient(to right, #e4eef3, #f5f8fa 72%, #ffffff)",generated-css-token,closed-generated,Keep launcher theme/state values routed through LauncherThemeTokens and generated launcher.tokens.css; CSS uses renderer-safe concrete opacity mirrors guarded by PipelineLauncherTest.,theme/state pixel sampling plus generated-token and opacity-allowlist source guards,Theme/state pass 5 routes launcher stylesheet colors through generated LauncherThemeTokens values; opacity values are renderer-safe CSS mirrors constrained by LauncherThemeTokens.CSS_OPACITY_VALUES.
GVT-0289,colors-theme-semantic-roles,css-color-border-fill,src/main/resources/qupath/ext/astra/launcher.css,614,.astra-focused-section-theme-bluegray,-fx-border-color,#aebfc7,#aebfc7,generated-css-token,closed-generated,Keep launcher theme/state values routed through LauncherThemeTokens and generated launcher.tokens.css; CSS uses renderer-safe concrete opacity mirrors guarded by PipelineLauncherTest.,theme/state pixel sampling plus generated-token and opacity-allowlist source guards,Theme/state pass 5 routes launcher stylesheet colors through generated LauncherThemeTokens values; opacity values are renderer-safe CSS mirrors constrained by LauncherThemeTokens.CSS_OPACITY_VALUES.
GVT-0290,colors-theme-semantic-roles,css-color-border-fill,src/main/resources/qupath/ext/astra/launcher.css,618,.astra-focused-section-theme-sage,-fx-background-color,"linear-gradient(to right, #e3f2e2, #f5fbf4 72%, #ffffff)","linear-gradient(to right, #e3f2e2, #f5fbf4 72%, #ffffff)",generated-css-token,closed-generated,Keep launcher theme/state values routed through LauncherThemeTokens and generated launcher.tokens.css; CSS uses renderer-safe concrete opacity mirrors guarded by PipelineLauncherTest.,theme/state pixel sampling plus generated-token and opacity-allowlist source guards,Theme/state pass 5 routes launcher stylesheet colors through generated LauncherThemeTokens values; opacity values are renderer-safe CSS mirrors constrained by LauncherThemeTokens.CSS_OPACITY_VALUES.
GVT-0291,colors-theme-semantic-roles,css-color-border-fill,src/main/resources/qupath/ext/astra/launcher.css,619,.astra-focused-section-theme-sage,-fx-border-color,#a9c9a4,#a9c9a4,generated-css-token,closed-generated,Keep launcher theme/state values routed through LauncherThemeTokens and generated launcher.tokens.css; CSS uses renderer-safe concrete opacity mirrors guarded by PipelineLauncherTest.,theme/state pixel sampling plus generated-token and opacity-allowlist source guards,Theme/state pass 5 routes launcher stylesheet colors through generated LauncherThemeTokens values; opacity values are renderer-safe CSS mirrors constrained by LauncherThemeTokens.CSS_OPACITY_VALUES.
GVT-0292,colors-theme-semantic-roles,css-color-border-fill,src/main/resources/qupath/ext/astra/launcher.css,623,.astra-focused-section-theme-amber,-fx-background-color,"linear-gradient(to right, #fff0c8, #fffaf0 72%, #ffffff)","linear-gradient(to right, #fff0c8, #fffaf0 72%, #ffffff)",generated-css-token,closed-generated,Keep launcher theme/state values routed through LauncherThemeTokens and generated launcher.tokens.css; CSS uses renderer-safe concrete opacity mirrors guarded by PipelineLauncherTest.,theme/state pixel sampling plus generated-token and opacity-allowlist source guards,Theme/state pass 5 routes launcher stylesheet colors through generated LauncherThemeTokens values; opacity values are renderer-safe CSS mirrors constrained by LauncherThemeTokens.CSS_OPACITY_VALUES.
GVT-0293,colors-theme-semantic-roles,css-color-border-fill,src/main/resources/qupath/ext/astra/launcher.css,624,.astra-focused-section-theme-amber,-fx-border-color,#e4be65,#e4be65,generated-css-token,closed-generated,Keep launcher theme/state values routed through LauncherThemeTokens and generated launcher.tokens.css; CSS uses renderer-safe concrete opacity mirrors guarded by PipelineLauncherTest.,theme/state pixel sampling plus generated-token and opacity-allowlist source guards,Theme/state pass 5 routes launcher stylesheet colors through generated LauncherThemeTokens values; opacity values are renderer-safe CSS mirrors constrained by LauncherThemeTokens.CSS_OPACITY_VALUES.
GVT-0294,colors-theme-semantic-roles,css-color-border-fill,src/main/resources/qupath/ext/astra/launcher.css,628,.astra-focused-section-theme-gold,-fx-background-color,"linear-gradient(to right, #ffedaa, #fff8dc 72%, #ffffff)","linear-gradient(to right, #ffedaa, #fff8dc 72%, #ffffff)",generated-css-token,closed-generated,Keep launcher theme/state values routed through LauncherThemeTokens and generated launcher.tokens.css; CSS uses renderer-safe concrete opacity mirrors guarded by PipelineLauncherTest.,theme/state pixel sampling plus generated-token and opacity-allowlist source guards,Theme/state pass 5 routes launcher stylesheet colors through generated LauncherThemeTokens values; opacity values are renderer-safe CSS mirrors constrained by LauncherThemeTokens.CSS_OPACITY_VALUES.
GVT-0295,colors-theme-semantic-roles,css-color-border-fill,src/main/resources/qupath/ext/astra/launcher.css,629,.astra-focused-section-theme-gold,-fx-border-color,#d4a72c,#d4a72c,generated-css-token,closed-generated,Keep launcher theme/state values routed through LauncherThemeTokens and generated launcher.tokens.css; CSS uses renderer-safe concrete opacity mirrors guarded by PipelineLauncherTest.,theme/state pixel sampling plus generated-token and opacity-allowlist source guards,Theme/state pass 5 routes launcher stylesheet colors through generated LauncherThemeTokens values; opacity values are renderer-safe CSS mirrors constrained by LauncherThemeTokens.CSS_OPACITY_VALUES.
GVT-0296,colors-theme-semantic-roles,css-color-border-fill,src/main/resources/qupath/ext/astra/launcher.css,633,.astra-semantic-card,-fx-background-color,#f9fcfd,#f9fcfd,generated-css-token,closed-generated,Keep launcher theme/state values routed through LauncherThemeTokens and generated launcher.tokens.css; CSS uses renderer-safe concrete opacity mirrors guarded by PipelineLauncherTest.,theme/state pixel sampling plus generated-token and opacity-allowlist source guards,Theme/state pass 5 routes launcher stylesheet colors through generated LauncherThemeTokens values; opacity values are renderer-safe CSS mirrors constrained by LauncherThemeTokens.CSS_OPACITY_VALUES.
GVT-0297,colors-theme-semantic-roles,css-color-border-fill,src/main/resources/qupath/ext/astra/launcher.css,634,.astra-semantic-card,-fx-border-color,#c8dce1,#c8dce1,generated-css-token,closed-generated,Keep launcher theme/state values routed through LauncherThemeTokens and generated launcher.tokens.css; CSS uses renderer-safe concrete opacity mirrors guarded by PipelineLauncherTest.,theme/state pixel sampling plus generated-token and opacity-allowlist source guards,Theme/state pass 5 routes launcher stylesheet colors through generated LauncherThemeTokens values; opacity values are renderer-safe CSS mirrors constrained by LauncherThemeTokens.CSS_OPACITY_VALUES.
GVT-0298,bevels-radii-arcs-tab-curvature,css-radius-arc,src/main/resources/qupath/ext/astra/launcher.css,635,.astra-semantic-card,-fx-border-radius,6,renderer-safe generated concrete CSS value derived from LauncherGeometryTokens,generated-css-token,closed-generated,Keep generated concrete CSS synchronized with LauncherGeometryTokens; staleness tests must fail on drift.,Generated-token staleness test plus JavaFX preview/parser smoke and affected-surface visual review.,CSS declaration now uses renderer-safe generated concrete values because JavaFX looked-up size values are not reliable for size properties.
GVT-0299,bevels-radii-arcs-tab-curvature,css-radius-arc,src/main/resources/qupath/ext/astra/launcher.css,636,.astra-semantic-card,-fx-background-radius,6,renderer-safe generated concrete CSS value derived from LauncherGeometryTokens,generated-css-token,closed-generated,Keep generated concrete CSS synchronized with LauncherGeometryTokens; staleness tests must fail on drift.,Generated-token staleness test plus JavaFX preview/parser smoke and affected-surface visual review.,CSS declaration now uses renderer-safe generated concrete values because JavaFX looked-up size values are not reliable for size properties.
GVT-0300,typography-text-ink,css-font,src/main/resources/qupath/ext/astra/launcher.css,640,.astra-semantic-card-title,-fx-font-size,14px,14px,generated-css-token,closed-generated,Keep renderer-safe concrete CSS synchronized with LauncherTypographyTokens; staleness tests must fail on drift.,Generated-token staleness test plus text-contract sweep alpha proof for affected rendered text surfaces.,"Typography pass 4 routes CSS font stack, size, and weight through LauncherTypographyTokens and launcher.tokens.css while keeping JavaFX-safe concrete CSS values."
GVT-0301,colors-theme-semantic-roles,css-color-border-fill,src/main/resources/qupath/ext/astra/launcher.css,642,.astra-semantic-card-title,-fx-text-fill,#0d4f55,#0d4f55,generated-css-token,closed-generated,Keep launcher theme/state values routed through LauncherThemeTokens and generated launcher.tokens.css; CSS uses renderer-safe concrete opacity mirrors guarded by PipelineLauncherTest.,theme/state pixel sampling plus generated-token and opacity-allowlist source guards,Theme/state pass 5 routes launcher stylesheet colors through generated LauncherThemeTokens values; opacity values are renderer-safe CSS mirrors constrained by LauncherThemeTokens.CSS_OPACITY_VALUES.
GVT-0302,typography-text-ink,css-font,src/main/resources/qupath/ext/astra/launcher.css,646,.astra-semantic-card-subtitle,-fx-font-size,12px,12px,generated-css-token,closed-generated,Keep renderer-safe concrete CSS synchronized with LauncherTypographyTokens; staleness tests must fail on drift.,Generated-token staleness test plus text-contract sweep alpha proof for affected rendered text surfaces.,"Typography pass 4 routes CSS font stack, size, and weight through LauncherTypographyTokens and launcher.tokens.css while keeping JavaFX-safe concrete CSS values."
GVT-0303,colors-theme-semantic-roles,css-color-border-fill,src/main/resources/qupath/ext/astra/launcher.css,647,.astra-semantic-card-subtitle,-fx-text-fill,#5f7080,#5f7080,generated-css-token,closed-generated,Keep launcher theme/state values routed through LauncherThemeTokens and generated launcher.tokens.css; CSS uses renderer-safe concrete opacity mirrors guarded by PipelineLauncherTest.,theme/state pixel sampling plus generated-token and opacity-allowlist source guards,Theme/state pass 5 routes launcher stylesheet colors through generated LauncherThemeTokens values; opacity values are renderer-safe CSS mirrors constrained by LauncherThemeTokens.CSS_OPACITY_VALUES.
GVT-0304,colors-theme-semantic-roles,css-color-border-fill,src/main/resources/qupath/ext/astra/launcher.css,651,.astra-model-source-card,-fx-background-color,#ffffff,#ffffff,generated-css-token,closed-generated,Keep launcher theme/state values routed through LauncherThemeTokens and generated launcher.tokens.css; CSS uses renderer-safe concrete opacity mirrors guarded by PipelineLauncherTest.,theme/state pixel sampling plus generated-token and opacity-allowlist source guards,Theme/state pass 5 routes launcher stylesheet colors through generated LauncherThemeTokens values; opacity values are renderer-safe CSS mirrors constrained by LauncherThemeTokens.CSS_OPACITY_VALUES.
GVT-0305,colors-theme-semantic-roles,css-color-border-fill,src/main/resources/qupath/ext/astra/launcher.css,652,.astra-model-source-card,-fx-border-color,#d7e2e6,#d7e2e6,generated-css-token,closed-generated,Keep launcher theme/state values routed through LauncherThemeTokens and generated launcher.tokens.css; CSS uses renderer-safe concrete opacity mirrors guarded by PipelineLauncherTest.,theme/state pixel sampling plus generated-token and opacity-allowlist source guards,Theme/state pass 5 routes launcher stylesheet colors through generated LauncherThemeTokens values; opacity values are renderer-safe CSS mirrors constrained by LauncherThemeTokens.CSS_OPACITY_VALUES.
GVT-0306,bevels-radii-arcs-tab-curvature,css-radius-arc,src/main/resources/qupath/ext/astra/launcher.css,653,.astra-model-source-card,-fx-border-radius,5,renderer-safe generated concrete CSS value derived from LauncherGeometryTokens,generated-css-token,closed-generated,Keep generated concrete CSS synchronized with LauncherGeometryTokens; staleness tests must fail on drift.,Generated-token staleness test plus JavaFX preview/parser smoke and affected-surface visual review.,CSS declaration now uses renderer-safe generated concrete values because JavaFX looked-up size values are not reliable for size properties.
GVT-0307,bevels-radii-arcs-tab-curvature,css-radius-arc,src/main/resources/qupath/ext/astra/launcher.css,654,.astra-model-source-card,-fx-background-radius,5,renderer-safe generated concrete CSS value derived from LauncherGeometryTokens,generated-css-token,closed-generated,Keep generated concrete CSS synchronized with LauncherGeometryTokens; staleness tests must fail on drift.,Generated-token staleness test plus JavaFX preview/parser smoke and affected-surface visual review.,CSS declaration now uses renderer-safe generated concrete values because JavaFX looked-up size values are not reliable for size properties.
GVT-0308,typography-text-ink,css-font,src/main/resources/qupath/ext/astra/launcher.css,658,.astra-model-source-title,-fx-font-size,13px,13px,generated-css-token,closed-generated,Keep renderer-safe concrete CSS synchronized with LauncherTypographyTokens; staleness tests must fail on drift.,Generated-token staleness test plus text-contract sweep alpha proof for affected rendered text surfaces.,"Typography pass 4 routes CSS font stack, size, and weight through LauncherTypographyTokens and launcher.tokens.css while keeping JavaFX-safe concrete CSS values."
GVT-0309,colors-theme-semantic-roles,css-color-border-fill,src/main/resources/qupath/ext/astra/launcher.css,660,.astra-model-source-title,-fx-text-fill,#172431,#172431,generated-css-token,closed-generated,Keep launcher theme/state values routed through LauncherThemeTokens and generated launcher.tokens.css; CSS uses renderer-safe concrete opacity mirrors guarded by PipelineLauncherTest.,theme/state pixel sampling plus generated-token and opacity-allowlist source guards,Theme/state pass 5 routes launcher stylesheet colors through generated LauncherThemeTokens values; opacity values are renderer-safe CSS mirrors constrained by LauncherThemeTokens.CSS_OPACITY_VALUES.
GVT-0310,typography-text-ink,css-font,src/main/resources/qupath/ext/astra/launcher.css,664,.astra-form-label,-fx-font-size,12px,12px,generated-css-token,closed-generated,Keep renderer-safe concrete CSS synchronized with LauncherTypographyTokens; staleness tests must fail on drift.,Generated-token staleness test plus text-contract sweep alpha proof for affected rendered text surfaces.,"Typography pass 4 routes CSS font stack, size, and weight through LauncherTypographyTokens and launcher.tokens.css while keeping JavaFX-safe concrete CSS values."
GVT-0311,colors-theme-semantic-roles,css-color-border-fill,src/main/resources/qupath/ext/astra/launcher.css,666,.astra-form-label,-fx-text-fill,#172431,#172431,generated-css-token,closed-generated,Keep launcher theme/state values routed through LauncherThemeTokens and generated launcher.tokens.css; CSS uses renderer-safe concrete opacity mirrors guarded by PipelineLauncherTest.,theme/state pixel sampling plus generated-token and opacity-allowlist source guards,Theme/state pass 5 routes launcher stylesheet colors through generated LauncherThemeTokens values; opacity values are renderer-safe CSS mirrors constrained by LauncherThemeTokens.CSS_OPACITY_VALUES.
GVT-0312,typography-text-ink,css-font,src/main/resources/qupath/ext/astra/launcher.css,670,.astra-nested-label,-fx-font-size,10.5px,10.5px,generated-css-token,closed-generated,Keep renderer-safe concrete CSS synchronized with LauncherTypographyTokens; staleness tests must fail on drift.,Generated-token staleness test plus text-contract sweep alpha proof for affected rendered text surfaces.,"Typography pass 4 routes CSS font stack, size, and weight through LauncherTypographyTokens and launcher.tokens.css while keeping JavaFX-safe concrete CSS values."
GVT-0313,colors-theme-semantic-roles,css-color-border-fill,src/main/resources/qupath/ext/astra/launcher.css,672,.astra-nested-label,-fx-text-fill,#172431,#172431,generated-css-token,closed-generated,Keep launcher theme/state values routed through LauncherThemeTokens and generated launcher.tokens.css; CSS uses renderer-safe concrete opacity mirrors guarded by PipelineLauncherTest.,theme/state pixel sampling plus generated-token and opacity-allowlist source guards,Theme/state pass 5 routes launcher stylesheet colors through generated LauncherThemeTokens values; opacity values are renderer-safe CSS mirrors constrained by LauncherThemeTokens.CSS_OPACITY_VALUES.
GVT-0314,bevels-radii-arcs-tab-curvature,css-radius-arc,src/main/resources/qupath/ext/astra/launcher.css,676,.astra-settings-card-accent,-fx-arc-width,5,renderer-safe generated concrete CSS value derived from LauncherGeometryTokens,generated-css-token,closed-generated,Keep generated concrete CSS synchronized with LauncherGeometryTokens; staleness tests must fail on drift.,Generated-token staleness test plus JavaFX preview/parser smoke and affected-surface visual review.,CSS declaration now uses renderer-safe generated concrete values because JavaFX looked-up size values are not reliable for size properties.
GVT-0315,bevels-radii-arcs-tab-curvature,css-radius-arc,src/main/resources/qupath/ext/astra/launcher.css,677,.astra-settings-card-accent,-fx-arc-height,5,renderer-safe generated concrete CSS value derived from LauncherGeometryTokens,generated-css-token,closed-generated,Keep generated concrete CSS synchronized with LauncherGeometryTokens; staleness tests must fail on drift.,Generated-token staleness test plus JavaFX preview/parser smoke and affected-surface visual review.,CSS declaration now uses renderer-safe generated concrete values because JavaFX looked-up size values are not reliable for size properties.
GVT-0316,colors-theme-semantic-roles,css-color-border-fill,src/main/resources/qupath/ext/astra/launcher.css,681,.astra-settings-card-theme-teal,-fx-background-color,#f3fbfa,#f3fbfa,generated-css-token,closed-generated,Keep launcher theme/state values routed through LauncherThemeTokens and generated launcher.tokens.css; CSS uses renderer-safe concrete opacity mirrors guarded by PipelineLauncherTest.,theme/state pixel sampling plus generated-token and opacity-allowlist source guards,Theme/state pass 5 routes launcher stylesheet colors through generated LauncherThemeTokens values; opacity values are renderer-safe CSS mirrors constrained by LauncherThemeTokens.CSS_OPACITY_VALUES.
GVT-0317,colors-theme-semantic-roles,css-color-border-fill,src/main/resources/qupath/ext/astra/launcher.css,682,.astra-settings-card-theme-teal,-fx-border-color,#8dc7c3,#8dc7c3,generated-css-token,closed-generated,Keep launcher theme/state values routed through LauncherThemeTokens and generated launcher.tokens.css; CSS uses renderer-safe concrete opacity mirrors guarded by PipelineLauncherTest.,theme/state pixel sampling plus generated-token and opacity-allowlist source guards,Theme/state pass 5 routes launcher stylesheet colors through generated LauncherThemeTokens values; opacity values are renderer-safe CSS mirrors constrained by LauncherThemeTokens.CSS_OPACITY_VALUES.
GVT-0318,colors-theme-semantic-roles,css-color-border-fill,src/main/resources/qupath/ext/astra/launcher.css,686,.astra-settings-card-theme-bluegray,-fx-background-color,#f5f8fa,#f5f8fa,generated-css-token,closed-generated,Keep launcher theme/state values routed through LauncherThemeTokens and generated launcher.tokens.css; CSS uses renderer-safe concrete opacity mirrors guarded by PipelineLauncherTest.,theme/state pixel sampling plus generated-token and opacity-allowlist source guards,Theme/state pass 5 routes launcher stylesheet colors through generated LauncherThemeTokens values; opacity values are renderer-safe CSS mirrors constrained by LauncherThemeTokens.CSS_OPACITY_VALUES.
GVT-0319,colors-theme-semantic-roles,css-color-border-fill,src/main/resources/qupath/ext/astra/launcher.css,687,.astra-settings-card-theme-bluegray,-fx-border-color,#aebfc7,#aebfc7,generated-css-token,closed-generated,Keep launcher theme/state values routed through LauncherThemeTokens and generated launcher.tokens.css; CSS uses renderer-safe concrete opacity mirrors guarded by PipelineLauncherTest.,theme/state pixel sampling plus generated-token and opacity-allowlist source guards,Theme/state pass 5 routes launcher stylesheet colors through generated LauncherThemeTokens values; opacity values are renderer-safe CSS mirrors constrained by LauncherThemeTokens.CSS_OPACITY_VALUES.
GVT-0320,colors-theme-semantic-roles,css-color-border-fill,src/main/resources/qupath/ext/astra/launcher.css,691,.astra-settings-card-theme-sage,-fx-background-color,#f5fbf4,#f5fbf4,generated-css-token,closed-generated,Keep launcher theme/state values routed through LauncherThemeTokens and generated launcher.tokens.css; CSS uses renderer-safe concrete opacity mirrors guarded by PipelineLauncherTest.,theme/state pixel sampling plus generated-token and opacity-allowlist source guards,Theme/state pass 5 routes launcher stylesheet colors through generated LauncherThemeTokens values; opacity values are renderer-safe CSS mirrors constrained by LauncherThemeTokens.CSS_OPACITY_VALUES.
GVT-0321,colors-theme-semantic-roles,css-color-border-fill,src/main/resources/qupath/ext/astra/launcher.css,692,.astra-settings-card-theme-sage,-fx-border-color,#a9c9a4,#a9c9a4,generated-css-token,closed-generated,Keep launcher theme/state values routed through LauncherThemeTokens and generated launcher.tokens.css; CSS uses renderer-safe concrete opacity mirrors guarded by PipelineLauncherTest.,theme/state pixel sampling plus generated-token and opacity-allowlist source guards,Theme/state pass 5 routes launcher stylesheet colors through generated LauncherThemeTokens values; opacity values are renderer-safe CSS mirrors constrained by LauncherThemeTokens.CSS_OPACITY_VALUES.
GVT-0322,colors-theme-semantic-roles,css-color-border-fill,src/main/resources/qupath/ext/astra/launcher.css,696,.astra-settings-card-theme-amber,-fx-background-color,#fffaf0,#fffaf0,generated-css-token,closed-generated,Keep launcher theme/state values routed through LauncherThemeTokens and generated launcher.tokens.css; CSS uses renderer-safe concrete opacity mirrors guarded by PipelineLauncherTest.,theme/state pixel sampling plus generated-token and opacity-allowlist source guards,Theme/state pass 5 routes launcher stylesheet colors through generated LauncherThemeTokens values; opacity values are renderer-safe CSS mirrors constrained by LauncherThemeTokens.CSS_OPACITY_VALUES.
GVT-0323,colors-theme-semantic-roles,css-color-border-fill,src/main/resources/qupath/ext/astra/launcher.css,697,.astra-settings-card-theme-amber,-fx-border-color,#e4be65,#e4be65,generated-css-token,closed-generated,Keep launcher theme/state values routed through LauncherThemeTokens and generated launcher.tokens.css; CSS uses renderer-safe concrete opacity mirrors guarded by PipelineLauncherTest.,theme/state pixel sampling plus generated-token and opacity-allowlist source guards,Theme/state pass 5 routes launcher stylesheet colors through generated LauncherThemeTokens values; opacity values are renderer-safe CSS mirrors constrained by LauncherThemeTokens.CSS_OPACITY_VALUES.
GVT-0324,colors-theme-semantic-roles,css-color-border-fill,src/main/resources/qupath/ext/astra/launcher.css,701,.astra-settings-card-theme-gold,-fx-background-color,#fff8dc,#fff8dc,generated-css-token,closed-generated,Keep launcher theme/state values routed through LauncherThemeTokens and generated launcher.tokens.css; CSS uses renderer-safe concrete opacity mirrors guarded by PipelineLauncherTest.,theme/state pixel sampling plus generated-token and opacity-allowlist source guards,Theme/state pass 5 routes launcher stylesheet colors through generated LauncherThemeTokens values; opacity values are renderer-safe CSS mirrors constrained by LauncherThemeTokens.CSS_OPACITY_VALUES.
GVT-0325,colors-theme-semantic-roles,css-color-border-fill,src/main/resources/qupath/ext/astra/launcher.css,702,.astra-settings-card-theme-gold,-fx-border-color,#d4a72c,#d4a72c,generated-css-token,closed-generated,Keep launcher theme/state values routed through LauncherThemeTokens and generated launcher.tokens.css; CSS uses renderer-safe concrete opacity mirrors guarded by PipelineLauncherTest.,theme/state pixel sampling plus generated-token and opacity-allowlist source guards,Theme/state pass 5 routes launcher stylesheet colors through generated LauncherThemeTokens values; opacity values are renderer-safe CSS mirrors constrained by LauncherThemeTokens.CSS_OPACITY_VALUES.
GVT-0326,colors-theme-semantic-roles,css-color-border-fill,src/main/resources/qupath/ext/astra/launcher.css,706,.astra-accent-teal,-fx-fill,#188a88,#188a88,generated-css-token,closed-generated,Keep launcher theme/state values routed through LauncherThemeTokens and generated launcher.tokens.css; CSS uses renderer-safe concrete opacity mirrors guarded by PipelineLauncherTest.,theme/state pixel sampling plus generated-token and opacity-allowlist source guards,Theme/state pass 5 routes launcher stylesheet colors through generated LauncherThemeTokens values; opacity values are renderer-safe CSS mirrors constrained by LauncherThemeTokens.CSS_OPACITY_VALUES.
GVT-0327,colors-theme-semantic-roles,css-color-border-fill,src/main/resources/qupath/ext/astra/launcher.css,710,.astra-accent-bluegray,-fx-fill,#6f8795,#6f8795,generated-css-token,closed-generated,Keep launcher theme/state values routed through LauncherThemeTokens and generated launcher.tokens.css; CSS uses renderer-safe concrete opacity mirrors guarded by PipelineLauncherTest.,theme/state pixel sampling plus generated-token and opacity-allowlist source guards,Theme/state pass 5 routes launcher stylesheet colors through generated LauncherThemeTokens values; opacity values are renderer-safe CSS mirrors constrained by LauncherThemeTokens.CSS_OPACITY_VALUES.
GVT-0328,colors-theme-semantic-roles,css-color-border-fill,src/main/resources/qupath/ext/astra/launcher.css,714,.astra-accent-sage,-fx-fill,#6d9969,#6d9969,generated-css-token,closed-generated,Keep launcher theme/state values routed through LauncherThemeTokens and generated launcher.tokens.css; CSS uses renderer-safe concrete opacity mirrors guarded by PipelineLauncherTest.,theme/state pixel sampling plus generated-token and opacity-allowlist source guards,Theme/state pass 5 routes launcher stylesheet colors through generated LauncherThemeTokens values; opacity values are renderer-safe CSS mirrors constrained by LauncherThemeTokens.CSS_OPACITY_VALUES.
GVT-0329,colors-theme-semantic-roles,css-color-border-fill,src/main/resources/qupath/ext/astra/launcher.css,718,.astra-accent-amber,-fx-fill,#c9902f,#c9902f,generated-css-token,closed-generated,Keep launcher theme/state values routed through LauncherThemeTokens and generated launcher.tokens.css; CSS uses renderer-safe concrete opacity mirrors guarded by PipelineLauncherTest.,theme/state pixel sampling plus generated-token and opacity-allowlist source guards,Theme/state pass 5 routes launcher stylesheet colors through generated LauncherThemeTokens values; opacity values are renderer-safe CSS mirrors constrained by LauncherThemeTokens.CSS_OPACITY_VALUES.
GVT-0330,colors-theme-semantic-roles,css-color-border-fill,src/main/resources/qupath/ext/astra/launcher.css,722,.astra-accent-gold,-fx-fill,#a47c10,#a47c10,generated-css-token,closed-generated,Keep launcher theme/state values routed through LauncherThemeTokens and generated launcher.tokens.css; CSS uses renderer-safe concrete opacity mirrors guarded by PipelineLauncherTest.,theme/state pixel sampling plus generated-token and opacity-allowlist source guards,Theme/state pass 5 routes launcher stylesheet colors through generated LauncherThemeTokens values; opacity values are renderer-safe CSS mirrors constrained by LauncherThemeTokens.CSS_OPACITY_VALUES.
GVT-0331,colors-theme-semantic-roles,css-color-border-fill,src/main/resources/qupath/ext/astra/launcher.css,726,.astra-badge-importance-essential,-fx-background-color,#def5f2,#def5f2,generated-css-token,closed-generated,Keep launcher theme/state values routed through LauncherThemeTokens and generated launcher.tokens.css; CSS uses renderer-safe concrete opacity mirrors guarded by PipelineLauncherTest.,theme/state pixel sampling plus generated-token and opacity-allowlist source guards,Theme/state pass 5 routes launcher stylesheet colors through generated LauncherThemeTokens values; opacity values are renderer-safe CSS mirrors constrained by LauncherThemeTokens.CSS_OPACITY_VALUES.
GVT-0332,colors-theme-semantic-roles,css-color-border-fill,src/main/resources/qupath/ext/astra/launcher.css,727,.astra-badge-importance-essential,-fx-text-fill,#064f51,#064f51,generated-css-token,closed-generated,Keep launcher theme/state values routed through LauncherThemeTokens and generated launcher.tokens.css; CSS uses renderer-safe concrete opacity mirrors guarded by PipelineLauncherTest.,theme/state pixel sampling plus generated-token and opacity-allowlist source guards,Theme/state pass 5 routes launcher stylesheet colors through generated LauncherThemeTokens values; opacity values are renderer-safe CSS mirrors constrained by LauncherThemeTokens.CSS_OPACITY_VALUES.
GVT-0333,colors-theme-semantic-roles,css-color-border-fill,src/main/resources/qupath/ext/astra/launcher.css,728,.astra-badge-importance-essential,-fx-border-color,#8dc7c3,#8dc7c3,generated-css-token,closed-generated,Keep launcher theme/state values routed through LauncherThemeTokens and generated launcher.tokens.css; CSS uses renderer-safe concrete opacity mirrors guarded by PipelineLauncherTest.,theme/state pixel sampling plus generated-token and opacity-allowlist source guards,Theme/state pass 5 routes launcher stylesheet colors through generated LauncherThemeTokens values; opacity values are renderer-safe CSS mirrors constrained by LauncherThemeTokens.CSS_OPACITY_VALUES.
GVT-0334,colors-theme-semantic-roles,css-color-border-fill,src/main/resources/qupath/ext/astra/launcher.css,732,.astra-badge-importance-essential .astra-owned-panel-text,-fx-fill,#064f51,#064f51,generated-css-token,closed-generated,Keep launcher theme/state values routed through LauncherThemeTokens and generated launcher.tokens.css; CSS uses renderer-safe concrete opacity mirrors guarded by PipelineLauncherTest.,theme/state pixel sampling plus generated-token and opacity-allowlist source guards,Theme/state pass 5 routes launcher stylesheet colors through generated LauncherThemeTokens values; opacity values are renderer-safe CSS mirrors constrained by LauncherThemeTokens.CSS_OPACITY_VALUES.
GVT-0335,colors-theme-semantic-roles,css-color-border-fill,src/main/resources/qupath/ext/astra/launcher.css,736,.astra-badge-importance-routine,-fx-background-color,#e8f0f3,#e8f0f3,generated-css-token,closed-generated,Keep launcher theme/state values routed through LauncherThemeTokens and generated launcher.tokens.css; CSS uses renderer-safe concrete opacity mirrors guarded by PipelineLauncherTest.,theme/state pixel sampling plus generated-token and opacity-allowlist source guards,Theme/state pass 5 routes launcher stylesheet colors through generated LauncherThemeTokens values; opacity values are renderer-safe CSS mirrors constrained by LauncherThemeTokens.CSS_OPACITY_VALUES.
GVT-0336,colors-theme-semantic-roles,css-color-border-fill,src/main/resources/qupath/ext/astra/launcher.css,737,.astra-badge-importance-routine,-fx-text-fill,#314955,#314955,generated-css-token,closed-generated,Keep launcher theme/state values routed through LauncherThemeTokens and generated launcher.tokens.css; CSS uses renderer-safe concrete opacity mirrors guarded by PipelineLauncherTest.,theme/state pixel sampling plus generated-token and opacity-allowlist source guards,Theme/state pass 5 routes launcher stylesheet colors through generated LauncherThemeTokens values; opacity values are renderer-safe CSS mirrors constrained by LauncherThemeTokens.CSS_OPACITY_VALUES.
GVT-0337,colors-theme-semantic-roles,css-color-border-fill,src/main/resources/qupath/ext/astra/launcher.css,738,.astra-badge-importance-routine,-fx-border-color,#b5cbd2,#b5cbd2,generated-css-token,closed-generated,Keep launcher theme/state values routed through LauncherThemeTokens and generated launcher.tokens.css; CSS uses renderer-safe concrete opacity mirrors guarded by PipelineLauncherTest.,theme/state pixel sampling plus generated-token and opacity-allowlist source guards,Theme/state pass 5 routes launcher stylesheet colors through generated LauncherThemeTokens values; opacity values are renderer-safe CSS mirrors constrained by LauncherThemeTokens.CSS_OPACITY_VALUES.
GVT-0338,colors-theme-semantic-roles,css-color-border-fill,src/main/resources/qupath/ext/astra/launcher.css,742,.astra-badge-importance-routine .astra-owned-panel-text,-fx-fill,#314955,#314955,generated-css-token,closed-generated,Keep launcher theme/state values routed through LauncherThemeTokens and generated launcher.tokens.css; CSS uses renderer-safe concrete opacity mirrors guarded by PipelineLauncherTest.,theme/state pixel sampling plus generated-token and opacity-allowlist source guards,Theme/state pass 5 routes launcher stylesheet colors through generated LauncherThemeTokens values; opacity values are renderer-safe CSS mirrors constrained by LauncherThemeTokens.CSS_OPACITY_VALUES.
GVT-0339,colors-theme-semantic-roles,css-color-border-fill,src/main/resources/qupath/ext/astra/launcher.css,746,.astra-badge-importance-optional,-fx-background-color,#eef4ef,#eef4ef,generated-css-token,closed-generated,Keep launcher theme/state values routed through LauncherThemeTokens and generated launcher.tokens.css; CSS uses renderer-safe concrete opacity mirrors guarded by PipelineLauncherTest.,theme/state pixel sampling plus generated-token and opacity-allowlist source guards,Theme/state pass 5 routes launcher stylesheet colors through generated LauncherThemeTokens values; opacity values are renderer-safe CSS mirrors constrained by LauncherThemeTokens.CSS_OPACITY_VALUES.
GVT-0340,colors-theme-semantic-roles,css-color-border-fill,src/main/resources/qupath/ext/astra/launcher.css,747,.astra-badge-importance-optional,-fx-text-fill,#3f5f3d,#3f5f3d,generated-css-token,closed-generated,Keep launcher theme/state values routed through LauncherThemeTokens and generated launcher.tokens.css; CSS uses renderer-safe concrete opacity mirrors guarded by PipelineLauncherTest.,theme/state pixel sampling plus generated-token and opacity-allowlist source guards,Theme/state pass 5 routes launcher stylesheet colors through generated LauncherThemeTokens values; opacity values are renderer-safe CSS mirrors constrained by LauncherThemeTokens.CSS_OPACITY_VALUES.
GVT-0341,colors-theme-semantic-roles,css-color-border-fill,src/main/resources/qupath/ext/astra/launcher.css,748,.astra-badge-importance-optional,-fx-border-color,#adc8aa,#adc8aa,generated-css-token,closed-generated,Keep launcher theme/state values routed through LauncherThemeTokens and generated launcher.tokens.css; CSS uses renderer-safe concrete opacity mirrors guarded by PipelineLauncherTest.,theme/state pixel sampling plus generated-token and opacity-allowlist source guards,Theme/state pass 5 routes launcher stylesheet colors through generated LauncherThemeTokens values; opacity values are renderer-safe CSS mirrors constrained by LauncherThemeTokens.CSS_OPACITY_VALUES.
GVT-0342,colors-theme-semantic-roles,css-color-border-fill,src/main/resources/qupath/ext/astra/launcher.css,752,.astra-badge-importance-optional .astra-owned-panel-text,-fx-fill,#3f5f3d,#3f5f3d,generated-css-token,closed-generated,Keep launcher theme/state values routed through LauncherThemeTokens and generated launcher.tokens.css; CSS uses renderer-safe concrete opacity mirrors guarded by PipelineLauncherTest.,theme/state pixel sampling plus generated-token and opacity-allowlist source guards,Theme/state pass 5 routes launcher stylesheet colors through generated LauncherThemeTokens values; opacity values are renderer-safe CSS mirrors constrained by LauncherThemeTokens.CSS_OPACITY_VALUES.
GVT-0343,colors-theme-semantic-roles,css-color-border-fill,src/main/resources/qupath/ext/astra/launcher.css,756,.astra-badge-importance-diagnostic,-fx-background-color,#fff1cc,#fff1cc,generated-css-token,closed-generated,Keep launcher theme/state values routed through LauncherThemeTokens and generated launcher.tokens.css; CSS uses renderer-safe concrete opacity mirrors guarded by PipelineLauncherTest.,theme/state pixel sampling plus generated-token and opacity-allowlist source guards,Theme/state pass 5 routes launcher stylesheet colors through generated LauncherThemeTokens values; opacity values are renderer-safe CSS mirrors constrained by LauncherThemeTokens.CSS_OPACITY_VALUES.
GVT-0344,colors-theme-semantic-roles,css-color-border-fill,src/main/resources/qupath/ext/astra/launcher.css,757,.astra-badge-importance-diagnostic,-fx-text-fill,#7a4e00,#7a4e00,generated-css-token,closed-generated,Keep launcher theme/state values routed through LauncherThemeTokens and generated launcher.tokens.css; CSS uses renderer-safe concrete opacity mirrors guarded by PipelineLauncherTest.,theme/state pixel sampling plus generated-token and opacity-allowlist source guards,Theme/state pass 5 routes launcher stylesheet colors through generated LauncherThemeTokens values; opacity values are renderer-safe CSS mirrors constrained by LauncherThemeTokens.CSS_OPACITY_VALUES.
GVT-0345,colors-theme-semantic-roles,css-color-border-fill,src/main/resources/qupath/ext/astra/launcher.css,758,.astra-badge-importance-diagnostic,-fx-border-color,#e4be65,#e4be65,generated-css-token,closed-generated,Keep launcher theme/state values routed through LauncherThemeTokens and generated launcher.tokens.css; CSS uses renderer-safe concrete opacity mirrors guarded by PipelineLauncherTest.,theme/state pixel sampling plus generated-token and opacity-allowlist source guards,Theme/state pass 5 routes launcher stylesheet colors through generated LauncherThemeTokens values; opacity values are renderer-safe CSS mirrors constrained by LauncherThemeTokens.CSS_OPACITY_VALUES.
GVT-0346,colors-theme-semantic-roles,css-color-border-fill,src/main/resources/qupath/ext/astra/launcher.css,762,.astra-badge-importance-diagnostic .astra-owned-panel-text,-fx-fill,#7a4e00,#7a4e00,generated-css-token,closed-generated,Keep launcher theme/state values routed through LauncherThemeTokens and generated launcher.tokens.css; CSS uses renderer-safe concrete opacity mirrors guarded by PipelineLauncherTest.,theme/state pixel sampling plus generated-token and opacity-allowlist source guards,Theme/state pass 5 routes launcher stylesheet colors through generated LauncherThemeTokens values; opacity values are renderer-safe CSS mirrors constrained by LauncherThemeTokens.CSS_OPACITY_VALUES.
GVT-0347,colors-theme-semantic-roles,css-color-border-fill,src/main/resources/qupath/ext/astra/launcher.css,766,.astra-badge-importance-advanced,-fx-background-color,#fff5d0,#fff5d0,generated-css-token,closed-generated,Keep launcher theme/state values routed through LauncherThemeTokens and generated launcher.tokens.css; CSS uses renderer-safe concrete opacity mirrors guarded by PipelineLauncherTest.,theme/state pixel sampling plus generated-token and opacity-allowlist source guards,Theme/state pass 5 routes launcher stylesheet colors through generated LauncherThemeTokens values; opacity values are renderer-safe CSS mirrors constrained by LauncherThemeTokens.CSS_OPACITY_VALUES.
GVT-0348,colors-theme-semantic-roles,css-color-border-fill,src/main/resources/qupath/ext/astra/launcher.css,767,.astra-badge-importance-advanced,-fx-text-fill,#6f5200,#6f5200,generated-css-token,closed-generated,Keep launcher theme/state values routed through LauncherThemeTokens and generated launcher.tokens.css; CSS uses renderer-safe concrete opacity mirrors guarded by PipelineLauncherTest.,theme/state pixel sampling plus generated-token and opacity-allowlist source guards,Theme/state pass 5 routes launcher stylesheet colors through generated LauncherThemeTokens values; opacity values are renderer-safe CSS mirrors constrained by LauncherThemeTokens.CSS_OPACITY_VALUES.
GVT-0349,colors-theme-semantic-roles,css-color-border-fill,src/main/resources/qupath/ext/astra/launcher.css,768,.astra-badge-importance-advanced,-fx-border-color,#d4a72c,#d4a72c,generated-css-token,closed-generated,Keep launcher theme/state values routed through LauncherThemeTokens and generated launcher.tokens.css; CSS uses renderer-safe concrete opacity mirrors guarded by PipelineLauncherTest.,theme/state pixel sampling plus generated-token and opacity-allowlist source guards,Theme/state pass 5 routes launcher stylesheet colors through generated LauncherThemeTokens values; opacity values are renderer-safe CSS mirrors constrained by LauncherThemeTokens.CSS_OPACITY_VALUES.
GVT-0350,colors-theme-semantic-roles,css-color-border-fill,src/main/resources/qupath/ext/astra/launcher.css,772,.astra-badge-importance-advanced .astra-owned-panel-text,-fx-fill,#6f5200,#6f5200,generated-css-token,closed-generated,Keep launcher theme/state values routed through LauncherThemeTokens and generated launcher.tokens.css; CSS uses renderer-safe concrete opacity mirrors guarded by PipelineLauncherTest.,theme/state pixel sampling plus generated-token and opacity-allowlist source guards,Theme/state pass 5 routes launcher stylesheet colors through generated LauncherThemeTokens values; opacity values are renderer-safe CSS mirrors constrained by LauncherThemeTokens.CSS_OPACITY_VALUES.
GVT-0351,colors-theme-semantic-roles,css-color-border-fill,src/main/resources/qupath/ext/astra/launcher.css,776,.astra-launcher-workspace,-fx-background-color,#f4f7f8,#f4f7f8,generated-css-token,closed-generated,Keep launcher theme/state values routed through LauncherThemeTokens and generated launcher.tokens.css; CSS uses renderer-safe concrete opacity mirrors guarded by PipelineLauncherTest.,theme/state pixel sampling plus generated-token and opacity-allowlist source guards,Theme/state pass 5 routes launcher stylesheet colors through generated LauncherThemeTokens values; opacity values are renderer-safe CSS mirrors constrained by LauncherThemeTokens.CSS_OPACITY_VALUES.
GVT-0352,colors-theme-semantic-roles,css-color-border-fill,src/main/resources/qupath/ext/astra/launcher.css,780,.astra-main-action-bar,-fx-background-color,#f4f7f8,#f4f7f8,generated-css-token,closed-generated,Keep launcher theme/state values routed through LauncherThemeTokens and generated launcher.tokens.css; CSS uses renderer-safe concrete opacity mirrors guarded by PipelineLauncherTest.,theme/state pixel sampling plus generated-token and opacity-allowlist source guards,Theme/state pass 5 routes launcher stylesheet colors through generated LauncherThemeTokens values; opacity values are renderer-safe CSS mirrors constrained by LauncherThemeTokens.CSS_OPACITY_VALUES.
GVT-0353,opacity-translucency-disabled,css-opacity,src/main/resources/qupath/ext/astra/launcher.css,788,.astra-footer-action-shell .astra-animated-gradient-surface,-fx-opacity,0.86,0.86,generated-css-token,closed-generated,Keep launcher theme/state values routed through LauncherThemeTokens and generated launcher.tokens.css; CSS uses renderer-safe concrete opacity mirrors guarded by PipelineLauncherTest.,theme/state pixel sampling plus generated-token and opacity-allowlist source guards,Theme/state pass 5 routes launcher stylesheet colors through generated LauncherThemeTokens values; opacity values are renderer-safe CSS mirrors constrained by LauncherThemeTokens.CSS_OPACITY_VALUES.
GVT-0354,opacity-translucency-disabled,css-color-border-fill,src/main/resources/qupath/ext/astra/launcher.css,792,.astra-footer-action-shell-fill,-fx-fill,"rgba(255, 255, 255, 0.10)","rgba(255, 255, 255, 0.10)",generated-css-token,closed-generated,Keep launcher theme/state values routed through LauncherThemeTokens and generated launcher.tokens.css; CSS uses renderer-safe concrete opacity mirrors guarded by PipelineLauncherTest.,theme/state pixel sampling plus generated-token and opacity-allowlist source guards,Theme/state pass 5 routes launcher stylesheet colors through generated LauncherThemeTokens values; opacity values are renderer-safe CSS mirrors constrained by LauncherThemeTokens.CSS_OPACITY_VALUES.
GVT-0355,opacity-translucency-disabled,css-color-border-fill,src/main/resources/qupath/ext/astra/launcher.css,798,.astra-footer-action-shell-border,-fx-stroke,"rgba(31, 122, 122, 0.28)","rgba(31, 122, 122, 0.28)",generated-css-token,closed-generated,Keep launcher theme/state values routed through LauncherThemeTokens and generated launcher.tokens.css; CSS uses renderer-safe concrete opacity mirrors guarded by PipelineLauncherTest.,theme/state pixel sampling plus generated-token and opacity-allowlist source guards,Theme/state pass 5 routes launcher stylesheet colors through generated LauncherThemeTokens values; opacity values are renderer-safe CSS mirrors constrained by LauncherThemeTokens.CSS_OPACITY_VALUES.
GVT-0356,borders-strokes,css-color-border-fill,src/main/resources/qupath/ext/astra/launcher.css,799,.astra-footer-action-shell-border,-fx-stroke-width,1px,renderer-safe generated concrete CSS value derived from LauncherGeometryTokens,generated-css-token,closed-generated,Keep generated concrete CSS synchronized with LauncherGeometryTokens; staleness tests must fail on drift.,Generated-token staleness test plus JavaFX preview/parser smoke and affected-surface visual review.,CSS declaration now uses renderer-safe generated concrete values because JavaFX looked-up size values are not reliable for size properties.
GVT-0357,opacity-translucency-disabled,css-color-border-fill,src/main/resources/qupath/ext/astra/launcher.css,808,.astra-input-gradient-filler,-fx-background-color,"rgba(13, 79, 85, 0.06)","rgba(13, 79, 85, 0.06)",generated-css-token,closed-generated,Keep launcher theme/state values routed through LauncherThemeTokens and generated launcher.tokens.css; CSS uses renderer-safe concrete opacity mirrors guarded by PipelineLauncherTest.,theme/state pixel sampling plus generated-token and opacity-allowlist source guards,Theme/state pass 5 routes launcher stylesheet colors through generated LauncherThemeTokens values; opacity values are renderer-safe CSS mirrors constrained by LauncherThemeTokens.CSS_OPACITY_VALUES.
GVT-0358,opacity-translucency-disabled,css-color-border-fill,src/main/resources/qupath/ext/astra/launcher.css,809,.astra-input-gradient-filler,-fx-border-color,"rgba(31, 122, 122, 0.22)","rgba(31, 122, 122, 0.22)",generated-css-token,closed-generated,Keep launcher theme/state values routed through LauncherThemeTokens and generated launcher.tokens.css; CSS uses renderer-safe concrete opacity mirrors guarded by PipelineLauncherTest.,theme/state pixel sampling plus generated-token and opacity-allowlist source guards,Theme/state pass 5 routes launcher stylesheet colors through generated LauncherThemeTokens values; opacity values are renderer-safe CSS mirrors constrained by LauncherThemeTokens.CSS_OPACITY_VALUES.
GVT-0359,colors-theme-semantic-roles,css-color-border-fill,src/main/resources/qupath/ext/astra/launcher.css,810,.astra-input-gradient-filler,-fx-border-width,1,1,generated-css-token,closed-generated,Keep launcher theme/state values routed through LauncherThemeTokens and generated launcher.tokens.css; CSS uses renderer-safe concrete opacity mirrors guarded by PipelineLauncherTest.,theme/state pixel sampling plus generated-token and opacity-allowlist source guards,Theme/state pass 5 routes launcher stylesheet colors through generated LauncherThemeTokens values; opacity values are renderer-safe CSS mirrors constrained by LauncherThemeTokens.CSS_OPACITY_VALUES.
GVT-0360,bevels-radii-arcs-tab-curvature,css-radius-arc,src/main/resources/qupath/ext/astra/launcher.css,811,.astra-input-gradient-filler,-fx-border-radius,12,renderer-safe generated concrete CSS value derived from LauncherGeometryTokens,generated-css-token,closed-generated,Keep generated concrete CSS synchronized with LauncherGeometryTokens; staleness tests must fail on drift.,Generated-token staleness test plus JavaFX preview/parser smoke and affected-surface visual review.,CSS declaration now uses renderer-safe generated concrete values because JavaFX looked-up size values are not reliable for size properties.
GVT-0361,bevels-radii-arcs-tab-curvature,css-radius-arc,src/main/resources/qupath/ext/astra/launcher.css,812,.astra-input-gradient-filler,-fx-background-radius,12,renderer-safe generated concrete CSS value derived from LauncherGeometryTokens,generated-css-token,closed-generated,Keep generated concrete CSS synchronized with LauncherGeometryTokens; staleness tests must fail on drift.,Generated-token staleness test plus JavaFX preview/parser smoke and affected-surface visual review.,CSS declaration now uses renderer-safe generated concrete values because JavaFX looked-up size values are not reliable for size properties.
GVT-0362,opacity-translucency-disabled,css-opacity,src/main/resources/qupath/ext/astra/launcher.css,816,.astra-input-gradient-filler .astra-animated-gradient-surface,-fx-opacity,0.42,0.42,generated-css-token,closed-generated,Keep launcher theme/state values routed through LauncherThemeTokens and generated launcher.tokens.css; CSS uses renderer-safe concrete opacity mirrors guarded by PipelineLauncherTest.,theme/state pixel sampling plus generated-token and opacity-allowlist source guards,Theme/state pass 5 routes launcher stylesheet colors through generated LauncherThemeTokens values; opacity values are renderer-safe CSS mirrors constrained by LauncherThemeTokens.CSS_OPACITY_VALUES.
GVT-0363,borders-strokes,css-color-border-fill,src/main/resources/qupath/ext/astra/launcher.css,822,.astra-run-progress-lane,-fx-border-width,0,renderer-safe generated concrete CSS value derived from LauncherGeometryTokens,generated-css-token,closed-generated,Keep generated concrete CSS synchronized with LauncherGeometryTokens; staleness tests must fail on drift.,Generated-token staleness test plus JavaFX preview/parser smoke and affected-surface visual review.,CSS declaration now uses renderer-safe generated concrete values because JavaFX looked-up size values are not reliable for size properties.
GVT-0364,opacity-translucency-disabled,css-opacity,src/main/resources/qupath/ext/astra/launcher.css,823,.astra-run-progress-lane,-fx-opacity,1,1,generated-css-token,closed-generated,Keep launcher theme/state values routed through LauncherThemeTokens and generated launcher.tokens.css; CSS uses renderer-safe concrete opacity mirrors guarded by PipelineLauncherTest.,theme/state pixel sampling plus generated-token and opacity-allowlist source guards,Theme/state pass 5 routes launcher stylesheet colors through generated LauncherThemeTokens values; opacity values are renderer-safe CSS mirrors constrained by LauncherThemeTokens.CSS_OPACITY_VALUES.
GVT-0365,typography-text-ink,css-font,src/main/resources/qupath/ext/astra/launcher.css,827,.astra-run-progress-text,-fx-font-size,11px,11px,generated-css-token,closed-generated,Keep renderer-safe concrete CSS synchronized with LauncherTypographyTokens; staleness tests must fail on drift.,Generated-token staleness test plus text-contract sweep alpha proof for affected rendered text surfaces.,"Typography pass 4 routes CSS font stack, size, and weight through LauncherTypographyTokens and launcher.tokens.css while keeping JavaFX-safe concrete CSS values."
GVT-0366,colors-theme-semantic-roles,css-color-border-fill,src/main/resources/qupath/ext/astra/launcher.css,829,.astra-run-progress-text,-fx-text-fill,#425664,#425664,generated-css-token,closed-generated,Keep launcher theme/state values routed through LauncherThemeTokens and generated launcher.tokens.css; CSS uses renderer-safe concrete opacity mirrors guarded by PipelineLauncherTest.,theme/state pixel sampling plus generated-token and opacity-allowlist source guards,Theme/state pass 5 routes launcher stylesheet colors through generated LauncherThemeTokens values; opacity values are renderer-safe CSS mirrors constrained by LauncherThemeTokens.CSS_OPACITY_VALUES.
GVT-0367,opacity-translucency-disabled,css-color-border-fill,src/main/resources/qupath/ext/astra/launcher.css,833,.astra-run-progress-bar,-fx-background-color,"rgba(13, 79, 85, 0.08)","rgba(13, 79, 85, 0.08)",generated-css-token,closed-generated,Keep launcher theme/state values routed through LauncherThemeTokens and generated launcher.tokens.css; CSS uses renderer-safe concrete opacity mirrors guarded by PipelineLauncherTest.,theme/state pixel sampling plus generated-token and opacity-allowlist source guards,Theme/state pass 5 routes launcher stylesheet colors through generated LauncherThemeTokens values; opacity values are renderer-safe CSS mirrors constrained by LauncherThemeTokens.CSS_OPACITY_VALUES.
GVT-0368,opacity-translucency-disabled,css-color-border-fill,src/main/resources/qupath/ext/astra/launcher.css,834,.astra-run-progress-bar,-fx-border-color,"rgba(31, 122, 122, 0.32)","rgba(31, 122, 122, 0.32)",generated-css-token,closed-generated,Keep launcher theme/state values routed through LauncherThemeTokens and generated launcher.tokens.css; CSS uses renderer-safe concrete opacity mirrors guarded by PipelineLauncherTest.,theme/state pixel sampling plus generated-token and opacity-allowlist source guards,Theme/state pass 5 routes launcher stylesheet colors through generated LauncherThemeTokens values; opacity values are renderer-safe CSS mirrors constrained by LauncherThemeTokens.CSS_OPACITY_VALUES.
GVT-0369,borders-strokes,css-color-border-fill,src/main/resources/qupath/ext/astra/launcher.css,835,.astra-run-progress-bar,-fx-border-width,1,renderer-safe generated concrete CSS value derived from LauncherGeometryTokens,generated-css-token,closed-generated,Keep generated concrete CSS synchronized with LauncherGeometryTokens; staleness tests must fail on drift.,Generated-token staleness test plus JavaFX preview/parser smoke and affected-surface visual review.,CSS declaration now uses renderer-safe generated concrete values because JavaFX looked-up size values are not reliable for size properties.
GVT-0370,bevels-radii-arcs-tab-curvature,css-radius-arc,src/main/resources/qupath/ext/astra/launcher.css,836,.astra-run-progress-bar,-fx-border-radius,4,renderer-safe generated concrete CSS value derived from LauncherGeometryTokens,generated-css-token,closed-generated,Keep generated concrete CSS synchronized with LauncherGeometryTokens; staleness tests must fail on drift.,Generated-token staleness test plus JavaFX preview/parser smoke and affected-surface visual review.,CSS declaration now uses renderer-safe generated concrete values because JavaFX looked-up size values are not reliable for size properties.
GVT-0371,bevels-radii-arcs-tab-curvature,css-radius-arc,src/main/resources/qupath/ext/astra/launcher.css,837,.astra-run-progress-bar,-fx-background-radius,4,renderer-safe generated concrete CSS value derived from LauncherGeometryTokens,generated-css-token,closed-generated,Keep generated concrete CSS synchronized with LauncherGeometryTokens; staleness tests must fail on drift.,Generated-token staleness test plus JavaFX preview/parser smoke and affected-surface visual review.,CSS declaration now uses renderer-safe generated concrete values because JavaFX looked-up size values are not reliable for size properties.
GVT-0372,opacity-translucency-disabled,css-opacity,src/main/resources/qupath/ext/astra/launcher.css,841,.astra-run-progress-bar .astra-animated-gradient-surface,-fx-opacity,0.36,0.36,generated-css-token,closed-generated,Keep launcher theme/state values routed through LauncherThemeTokens and generated launcher.tokens.css; CSS uses renderer-safe concrete opacity mirrors guarded by PipelineLauncherTest.,theme/state pixel sampling plus generated-token and opacity-allowlist source guards,Theme/state pass 5 routes launcher stylesheet colors through generated LauncherThemeTokens values; opacity values are renderer-safe CSS mirrors constrained by LauncherThemeTokens.CSS_OPACITY_VALUES.
GVT-0373,bevels-radii-arcs-tab-curvature,css-radius-arc,src/main/resources/qupath/ext/astra/launcher.css,851,.astra-run-progress-shimmer,-fx-background-radius,4,renderer-safe generated concrete CSS value derived from LauncherGeometryTokens,generated-css-token,closed-generated,Keep generated concrete CSS synchronized with LauncherGeometryTokens; staleness tests must fail on drift.,Generated-token staleness test plus JavaFX preview/parser smoke and affected-surface visual review.,CSS declaration now uses renderer-safe generated concrete values because JavaFX looked-up size values are not reliable for size properties.
GVT-0374,opacity-translucency-disabled,css-opacity,src/main/resources/qupath/ext/astra/launcher.css,852,.astra-run-progress-shimmer,-fx-opacity,0,0,generated-css-token,closed-generated,Keep launcher theme/state values routed through LauncherThemeTokens and generated launcher.tokens.css; CSS uses renderer-safe concrete opacity mirrors guarded by PipelineLauncherTest.,theme/state pixel sampling plus generated-token and opacity-allowlist source guards,Theme/state pass 5 routes launcher stylesheet colors through generated LauncherThemeTokens values; opacity values are renderer-safe CSS mirrors constrained by LauncherThemeTokens.CSS_OPACITY_VALUES.
GVT-0375,colors-theme-semantic-roles,css-color-border-fill,src/main/resources/qupath/ext/astra/launcher.css,856,.astra-run-progress-idle .astra-run-progress-text,-fx-text-fill,#5f7080,#5f7080,generated-css-token,closed-generated,Keep launcher theme/state values routed through LauncherThemeTokens and generated launcher.tokens.css; CSS uses renderer-safe concrete opacity mirrors guarded by PipelineLauncherTest.,theme/state pixel sampling plus generated-token and opacity-allowlist source guards,Theme/state pass 5 routes launcher stylesheet colors through generated LauncherThemeTokens values; opacity values are renderer-safe CSS mirrors constrained by LauncherThemeTokens.CSS_OPACITY_VALUES.
GVT-0376,opacity-translucency-disabled,css-opacity,src/main/resources/qupath/ext/astra/launcher.css,860,.astra-run-progress-idle .astra-animated-gradient-surface,-fx-opacity,0.18,0.18,generated-css-token,closed-generated,Keep launcher theme/state values routed through LauncherThemeTokens and generated launcher.tokens.css; CSS uses renderer-safe concrete opacity mirrors guarded by PipelineLauncherTest.,theme/state pixel sampling plus generated-token and opacity-allowlist source guards,Theme/state pass 5 routes launcher stylesheet colors through generated LauncherThemeTokens values; opacity values are renderer-safe CSS mirrors constrained by LauncherThemeTokens.CSS_OPACITY_VALUES.
GVT-0377,colors-theme-semantic-roles,css-color-border-fill,src/main/resources/qupath/ext/astra/launcher.css,864,.astra-run-progress-running .astra-run-progress-text,-fx-text-fill,#0d4f55,#0d4f55,generated-css-token,closed-generated,Keep launcher theme/state values routed through LauncherThemeTokens and generated launcher.tokens.css; CSS uses renderer-safe concrete opacity mirrors guarded by PipelineLauncherTest.,theme/state pixel sampling plus generated-token and opacity-allowlist source guards,Theme/state pass 5 routes launcher stylesheet colors through generated LauncherThemeTokens values; opacity values are renderer-safe CSS mirrors constrained by LauncherThemeTokens.CSS_OPACITY_VALUES.
GVT-0378,opacity-translucency-disabled,css-opacity,src/main/resources/qupath/ext/astra/launcher.css,868,.astra-run-progress-running .astra-animated-gradient-surface,-fx-opacity,0.88,0.88,generated-css-token,closed-generated,Keep launcher theme/state values routed through LauncherThemeTokens and generated launcher.tokens.css; CSS uses renderer-safe concrete opacity mirrors guarded by PipelineLauncherTest.,theme/state pixel sampling plus generated-token and opacity-allowlist source guards,Theme/state pass 5 routes launcher stylesheet colors through generated LauncherThemeTokens values; opacity values are renderer-safe CSS mirrors constrained by LauncherThemeTokens.CSS_OPACITY_VALUES.
GVT-0379,opacity-translucency-disabled,css-opacity,src/main/resources/qupath/ext/astra/launcher.css,872,.astra-run-progress-running .astra-run-progress-shimmer,-fx-opacity,0.78,0.78,generated-css-token,closed-generated,Keep launcher theme/state values routed through LauncherThemeTokens and generated launcher.tokens.css; CSS uses renderer-safe concrete opacity mirrors guarded by PipelineLauncherTest.,theme/state pixel sampling plus generated-token and opacity-allowlist source guards,Theme/state pass 5 routes launcher stylesheet colors through generated LauncherThemeTokens values; opacity values are renderer-safe CSS mirrors constrained by LauncherThemeTokens.CSS_OPACITY_VALUES.
GVT-0380,opacity-translucency-disabled,css-color-border-fill,src/main/resources/qupath/ext/astra/launcher.css,876,.astra-run-progress-success .astra-run-progress-bar,-fx-border-color,"rgba(31, 138, 120, 0.48)","rgba(31, 138, 120, 0.48)",generated-css-token,closed-generated,Keep launcher theme/state values routed through LauncherThemeTokens and generated launcher.tokens.css; CSS uses renderer-safe concrete opacity mirrors guarded by PipelineLauncherTest.,theme/state pixel sampling plus generated-token and opacity-allowlist source guards,Theme/state pass 5 routes launcher stylesheet colors through generated LauncherThemeTokens values; opacity values are renderer-safe CSS mirrors constrained by LauncherThemeTokens.CSS_OPACITY_VALUES.
GVT-0381,colors-theme-semantic-roles,css-color-border-fill,src/main/resources/qupath/ext/astra/launcher.css,880,.astra-run-progress-success .astra-run-progress-text,-fx-text-fill,#0d4f55,#0d4f55,generated-css-token,closed-generated,Keep launcher theme/state values routed through LauncherThemeTokens and generated launcher.tokens.css; CSS uses renderer-safe concrete opacity mirrors guarded by PipelineLauncherTest.,theme/state pixel sampling plus generated-token and opacity-allowlist source guards,Theme/state pass 5 routes launcher stylesheet colors through generated LauncherThemeTokens values; opacity values are renderer-safe CSS mirrors constrained by LauncherThemeTokens.CSS_OPACITY_VALUES.
GVT-0382,opacity-translucency-disabled,css-opacity,src/main/resources/qupath/ext/astra/launcher.css,884,.astra-run-progress-success .astra-animated-gradient-surface,-fx-opacity,0.54,0.54,generated-css-token,closed-generated,Keep launcher theme/state values routed through LauncherThemeTokens and generated launcher.tokens.css; CSS uses renderer-safe concrete opacity mirrors guarded by PipelineLauncherTest.,theme/state pixel sampling plus generated-token and opacity-allowlist source guards,Theme/state pass 5 routes launcher stylesheet colors through generated LauncherThemeTokens values; opacity values are renderer-safe CSS mirrors constrained by LauncherThemeTokens.CSS_OPACITY_VALUES.
GVT-0383,opacity-translucency-disabled,css-color-border-fill,src/main/resources/qupath/ext/astra/launcher.css,888,.astra-run-progress-error .astra-run-progress-bar,-fx-border-color,"rgba(217, 96, 76, 0.58)","rgba(217, 96, 76, 0.58)",generated-css-token,closed-generated,Keep launcher theme/state values routed through LauncherThemeTokens and generated launcher.tokens.css; CSS uses renderer-safe concrete opacity mirrors guarded by PipelineLauncherTest.,theme/state pixel sampling plus generated-token and opacity-allowlist source guards,Theme/state pass 5 routes launcher stylesheet colors through generated LauncherThemeTokens values; opacity values are renderer-safe CSS mirrors constrained by LauncherThemeTokens.CSS_OPACITY_VALUES.
GVT-0384,colors-theme-semantic-roles,css-color-border-fill,src/main/resources/qupath/ext/astra/launcher.css,892,.astra-run-progress-error .astra-run-progress-text,-fx-text-fill,#9f3427,#9f3427,generated-css-token,closed-generated,Keep launcher theme/state values routed through LauncherThemeTokens and generated launcher.tokens.css; CSS uses renderer-safe concrete opacity mirrors guarded by PipelineLauncherTest.,theme/state pixel sampling plus generated-token and opacity-allowlist source guards,Theme/state pass 5 routes launcher stylesheet colors through generated LauncherThemeTokens values; opacity values are renderer-safe CSS mirrors constrained by LauncherThemeTokens.CSS_OPACITY_VALUES.
GVT-0385,opacity-translucency-disabled,css-opacity,src/main/resources/qupath/ext/astra/launcher.css,896,.astra-run-progress-error .astra-animated-gradient-surface,-fx-opacity,0.32,0.32,generated-css-token,closed-generated,Keep launcher theme/state values routed through LauncherThemeTokens and generated launcher.tokens.css; CSS uses renderer-safe concrete opacity mirrors guarded by PipelineLauncherTest.,theme/state pixel sampling plus generated-token and opacity-allowlist source guards,Theme/state pass 5 routes launcher stylesheet colors through generated LauncherThemeTokens values; opacity values are renderer-safe CSS mirrors constrained by LauncherThemeTokens.CSS_OPACITY_VALUES.
GVT-0386,opacity-translucency-disabled,css-color-border-fill,src/main/resources/qupath/ext/astra/launcher.css,900,.astra-run-progress-cancelled .astra-run-progress-bar,-fx-border-color,"rgba(212, 167, 44, 0.58)","rgba(212, 167, 44, 0.58)",generated-css-token,closed-generated,Keep launcher theme/state values routed through LauncherThemeTokens and generated launcher.tokens.css; CSS uses renderer-safe concrete opacity mirrors guarded by PipelineLauncherTest.,theme/state pixel sampling plus generated-token and opacity-allowlist source guards,Theme/state pass 5 routes launcher stylesheet colors through generated LauncherThemeTokens values; opacity values are renderer-safe CSS mirrors constrained by LauncherThemeTokens.CSS_OPACITY_VALUES.
GVT-0387,colors-theme-semantic-roles,css-color-border-fill,src/main/resources/qupath/ext/astra/launcher.css,904,.astra-run-progress-cancelled .astra-run-progress-text,-fx-text-fill,#7a4e00,#7a4e00,generated-css-token,closed-generated,Keep launcher theme/state values routed through LauncherThemeTokens and generated launcher.tokens.css; CSS uses renderer-safe concrete opacity mirrors guarded by PipelineLauncherTest.,theme/state pixel sampling plus generated-token and opacity-allowlist source guards,Theme/state pass 5 routes launcher stylesheet colors through generated LauncherThemeTokens values; opacity values are renderer-safe CSS mirrors constrained by LauncherThemeTokens.CSS_OPACITY_VALUES.
GVT-0388,opacity-translucency-disabled,css-opacity,src/main/resources/qupath/ext/astra/launcher.css,908,.astra-run-progress-cancelled .astra-animated-gradient-surface,-fx-opacity,0.32,0.32,generated-css-token,closed-generated,Keep launcher theme/state values routed through LauncherThemeTokens and generated launcher.tokens.css; CSS uses renderer-safe concrete opacity mirrors guarded by PipelineLauncherTest.,theme/state pixel sampling plus generated-token and opacity-allowlist source guards,Theme/state pass 5 routes launcher stylesheet colors through generated LauncherThemeTokens values; opacity values are renderer-safe CSS mirrors constrained by LauncherThemeTokens.CSS_OPACITY_VALUES.
GVT-0389,control-geometry,css-visual-declaration,src/main/resources/qupath/ext/astra/launcher.css,912,.astra-launcher-dialog-pane .button-bar,-fx-min-height,0,0,generated-css-token,closed-generated,Keep renderer-safe concrete CSS synchronized with LauncherGeometryTokens and staleness/source tests.,generated token staleness test plus affected control preview geometry,CSS control geometry is a renderer-safe generated concrete mirror of LauncherGeometryTokens; JavaFX looked-up numeric size values are intentionally avoided.
GVT-0390,control-geometry,css-visual-declaration,src/main/resources/qupath/ext/astra/launcher.css,913,.astra-launcher-dialog-pane .button-bar,-fx-pref-height,0,0,generated-css-token,closed-generated,Keep renderer-safe concrete CSS synchronized with LauncherGeometryTokens and staleness/source tests.,generated token staleness test plus affected control preview geometry,CSS control geometry is a renderer-safe generated concrete mirror of LauncherGeometryTokens; JavaFX looked-up numeric size values are intentionally avoided.
GVT-0391,control-geometry,css-visual-declaration,src/main/resources/qupath/ext/astra/launcher.css,914,.astra-launcher-dialog-pane .button-bar,-fx-max-height,0,0,generated-css-token,closed-generated,Keep renderer-safe concrete CSS synchronized with LauncherGeometryTokens and staleness/source tests.,generated token staleness test plus affected control preview geometry,CSS control geometry is a renderer-safe generated concrete mirror of LauncherGeometryTokens; JavaFX looked-up numeric size values are intentionally avoided.
GVT-0392,margins-padding-gaps-spacing,css-spacing-insets,src/main/resources/qupath/ext/astra/launcher.css,915,.astra-launcher-dialog-pane .button-bar,-fx-padding,0,renderer-safe generated concrete CSS value derived from LauncherGeometryTokens,generated-css-token,closed-generated,Keep generated concrete CSS synchronized with LauncherGeometryTokens; staleness tests must fail on drift.,Generated-token staleness test plus JavaFX preview/parser smoke and affected-surface visual review.,CSS declaration now uses renderer-safe generated concrete values because JavaFX looked-up size values are not reliable for size properties.
GVT-0393,margins-padding-gaps-spacing,css-spacing-insets,src/main/resources/qupath/ext/astra/launcher.css,919,.astra-launcher-dialog-pane .button-bar .container,-fx-padding,0,renderer-safe generated concrete CSS value derived from LauncherGeometryTokens,generated-css-token,closed-generated,Keep generated concrete CSS synchronized with LauncherGeometryTokens; staleness tests must fail on drift.,Generated-token staleness test plus JavaFX preview/parser smoke and affected-surface visual review.,CSS declaration now uses renderer-safe generated concrete values because JavaFX looked-up size values are not reliable for size properties.
GVT-0394,margins-padding-gaps-spacing,css-spacing-insets,src/main/resources/qupath/ext/astra/launcher.css,923,.astra-settings-scroll,-fx-padding,0,renderer-safe generated concrete CSS value derived from LauncherGeometryTokens,generated-css-token,closed-generated,Keep generated concrete CSS synchronized with LauncherGeometryTokens; staleness tests must fail on drift.,Generated-token staleness test plus JavaFX preview/parser smoke and affected-surface visual review.,CSS declaration now uses renderer-safe generated concrete values because JavaFX looked-up size values are not reliable for size properties.
GVT-0395,colors-theme-semantic-roles,css-color-border-fill,src/main/resources/qupath/ext/astra/launcher.css,924,.astra-settings-scroll,-fx-background,#f4f7f8,#f4f7f8,generated-css-token,closed-generated,Keep launcher theme/state values routed through LauncherThemeTokens and generated launcher.tokens.css; CSS uses renderer-safe concrete opacity mirrors guarded by PipelineLauncherTest.,theme/state pixel sampling plus generated-token and opacity-allowlist source guards,Theme/state pass 5 routes launcher stylesheet colors through generated LauncherThemeTokens values; opacity values are renderer-safe CSS mirrors constrained by LauncherThemeTokens.CSS_OPACITY_VALUES.
GVT-0396,colors-theme-semantic-roles,css-color-border-fill,src/main/resources/qupath/ext/astra/launcher.css,925,.astra-settings-scroll,-fx-background-color,#f4f7f8,#f4f7f8,generated-css-token,closed-generated,Keep launcher theme/state values routed through LauncherThemeTokens and generated launcher.tokens.css; CSS uses renderer-safe concrete opacity mirrors guarded by PipelineLauncherTest.,theme/state pixel sampling plus generated-token and opacity-allowlist source guards,Theme/state pass 5 routes launcher stylesheet colors through generated LauncherThemeTokens values; opacity values are renderer-safe CSS mirrors constrained by LauncherThemeTokens.CSS_OPACITY_VALUES.
GVT-0397,colors-theme-semantic-roles,css-color-border-fill,src/main/resources/qupath/ext/astra/launcher.css,929,.astra-settings-scroll > .viewport,-fx-background-color,#f4f7f8,#f4f7f8,generated-css-token,closed-generated,Keep launcher theme/state values routed through LauncherThemeTokens and generated launcher.tokens.css; CSS uses renderer-safe concrete opacity mirrors guarded by PipelineLauncherTest.,theme/state pixel sampling plus generated-token and opacity-allowlist source guards,Theme/state pass 5 routes launcher stylesheet colors through generated LauncherThemeTokens values; opacity values are renderer-safe CSS mirrors constrained by LauncherThemeTokens.CSS_OPACITY_VALUES.
GVT-0398,margins-padding-gaps-spacing,css-spacing-insets,src/main/resources/qupath/ext/astra/launcher.css,934,.astra-settings-scroll,-fx-background-insets,0,renderer-safe generated concrete CSS value derived from LauncherGeometryTokens,generated-css-token,closed-generated,Keep generated concrete CSS synchronized with LauncherGeometryTokens; staleness tests must fail on drift.,Generated-token staleness test plus JavaFX preview/parser smoke and affected-surface visual review.,CSS declaration now uses renderer-safe generated concrete values because JavaFX looked-up size values are not reliable for size properties.
GVT-0399,opacity-translucency-disabled,css-opacity,src/main/resources/qupath/ext/astra/launcher.css,942,.astra-settings-scroll .scroll-bar:vertical,-fx-opacity,1,1,generated-css-token,closed-generated,Keep launcher theme/state values routed through LauncherThemeTokens and generated launcher.tokens.css; CSS uses renderer-safe concrete opacity mirrors guarded by PipelineLauncherTest.,theme/state pixel sampling plus generated-token and opacity-allowlist source guards,Theme/state pass 5 routes launcher stylesheet colors through generated LauncherThemeTokens values; opacity values are renderer-safe CSS mirrors constrained by LauncherThemeTokens.CSS_OPACITY_VALUES.
GVT-0400,control-geometry,css-visual-declaration,src/main/resources/qupath/ext/astra/launcher.css,946,.astra-settings-scroll .scroll-bar:vertical,-fx-pref-width,24px,24px,generated-css-token,closed-generated,Keep renderer-safe concrete CSS synchronized with LauncherGeometryTokens and staleness/source tests.,generated token staleness test plus affected control preview geometry,CSS control geometry is a renderer-safe generated concrete mirror of LauncherGeometryTokens; JavaFX looked-up numeric size values are intentionally avoided.
GVT-0401,control-geometry,css-visual-declaration,src/main/resources/qupath/ext/astra/launcher.css,947,.astra-settings-scroll .scroll-bar:vertical,-fx-min-width,24px,24px,generated-css-token,closed-generated,Keep renderer-safe concrete CSS synchronized with LauncherGeometryTokens and staleness/source tests.,generated token staleness test plus affected control preview geometry,CSS control geometry is a renderer-safe generated concrete mirror of LauncherGeometryTokens; JavaFX looked-up numeric size values are intentionally avoided.
GVT-0402,control-geometry,css-visual-declaration,src/main/resources/qupath/ext/astra/launcher.css,948,.astra-settings-scroll .scroll-bar:vertical,-fx-max-width,24px,24px,generated-css-token,closed-generated,Keep renderer-safe concrete CSS synchronized with LauncherGeometryTokens and staleness/source tests.,generated token staleness test plus affected control preview geometry,CSS control geometry is a renderer-safe generated concrete mirror of LauncherGeometryTokens; JavaFX looked-up numeric size values are intentionally avoided.
GVT-0403,margins-padding-gaps-spacing,css-spacing-insets,src/main/resources/qupath/ext/astra/launcher.css,949,.astra-settings-scroll .scroll-bar:vertical,-fx-padding,0 8 0 8,renderer-safe generated concrete CSS value derived from LauncherGeometryTokens,generated-css-token,closed-generated,Keep generated concrete CSS synchronized with LauncherGeometryTokens; staleness tests must fail on drift.,Generated-token staleness test plus JavaFX preview/parser smoke and affected-surface visual review.,CSS declaration now uses renderer-safe generated concrete values because JavaFX looked-up size values are not reliable for size properties.
GVT-0404,opacity-translucency-disabled,css-opacity,src/main/resources/qupath/ext/astra/launcher.css,953,.astra-settings-scroll .scroll-bar:vertical:disabled,-fx-opacity,1,1,generated-css-token,closed-generated,Keep launcher theme/state values routed through LauncherThemeTokens and generated launcher.tokens.css; CSS uses renderer-safe concrete opacity mirrors guarded by PipelineLauncherTest.,theme/state pixel sampling plus generated-token and opacity-allowlist source guards,Theme/state pass 5 routes launcher stylesheet colors through generated LauncherThemeTokens values; opacity values are renderer-safe CSS mirrors constrained by LauncherThemeTokens.CSS_OPACITY_VALUES.
GVT-0405,opacity-translucency-disabled,css-opacity,src/main/resources/qupath/ext/astra/launcher.css,957,.astra-settings-scroll .scroll-bar:vertical:disabled .thumb,-fx-opacity,0,0,generated-css-token,closed-generated,Keep launcher theme/state values routed through LauncherThemeTokens and generated launcher.tokens.css; CSS uses renderer-safe concrete opacity mirrors guarded by PipelineLauncherTest.,theme/state pixel sampling plus generated-token and opacity-allowlist source guards,Theme/state pass 5 routes launcher stylesheet colors through generated LauncherThemeTokens values; opacity values are renderer-safe CSS mirrors constrained by LauncherThemeTokens.CSS_OPACITY_VALUES.
GVT-0406,margins-padding-gaps-spacing,css-spacing-insets,src/main/resources/qupath/ext/astra/launcher.css,962,.scroll-pane .scroll-bar:horizontal,-fx-padding,6 0 3 0,renderer-safe generated concrete CSS value derived from LauncherGeometryTokens,generated-css-token,closed-generated,Keep generated concrete CSS synchronized with LauncherGeometryTokens; staleness tests must fail on drift.,Generated-token staleness test plus JavaFX preview/parser smoke and affected-surface visual review.,CSS declaration now uses renderer-safe generated concrete values because JavaFX looked-up size values are not reliable for size properties.
GVT-0407,control-geometry,css-visual-declaration,src/main/resources/qupath/ext/astra/launcher.css,963,.scroll-pane .scroll-bar:horizontal,-fx-pref-height,18px,18px,generated-css-token,closed-generated,Keep renderer-safe concrete CSS synchronized with LauncherGeometryTokens and staleness/source tests.,generated token staleness test plus affected control preview geometry,CSS control geometry is a renderer-safe generated concrete mirror of LauncherGeometryTokens; JavaFX looked-up numeric size values are intentionally avoided.
GVT-0408,opacity-translucency-disabled,css-opacity,src/main/resources/qupath/ext/astra/launcher.css,967,.astra-settings-scroll .scroll-bar:horizontal,-fx-opacity,0,0,generated-css-token,closed-generated,Keep launcher theme/state values routed through LauncherThemeTokens and generated launcher.tokens.css; CSS uses renderer-safe concrete opacity mirrors guarded by PipelineLauncherTest.,theme/state pixel sampling plus generated-token and opacity-allowlist source guards,Theme/state pass 5 routes launcher stylesheet colors through generated LauncherThemeTokens values; opacity values are renderer-safe CSS mirrors constrained by LauncherThemeTokens.CSS_OPACITY_VALUES.
GVT-0409,control-geometry,css-visual-declaration,src/main/resources/qupath/ext/astra/launcher.css,968,.astra-settings-scroll .scroll-bar:horizontal,-fx-pref-height,0,0,generated-css-token,closed-generated,Keep renderer-safe concrete CSS synchronized with LauncherGeometryTokens and staleness/source tests.,generated token staleness test plus affected control preview geometry,CSS control geometry is a renderer-safe generated concrete mirror of LauncherGeometryTokens; JavaFX looked-up numeric size values are intentionally avoided.
GVT-0410,control-geometry,css-visual-declaration,src/main/resources/qupath/ext/astra/launcher.css,969,.astra-settings-scroll .scroll-bar:horizontal,-fx-max-height,0,0,generated-css-token,closed-generated,Keep renderer-safe concrete CSS synchronized with LauncherGeometryTokens and staleness/source tests.,generated token staleness test plus affected control preview geometry,CSS control geometry is a renderer-safe generated concrete mirror of LauncherGeometryTokens; JavaFX looked-up numeric size values are intentionally avoided.
GVT-0411,margins-padding-gaps-spacing,css-spacing-insets,src/main/resources/qupath/ext/astra/launcher.css,970,.astra-settings-scroll .scroll-bar:horizontal,-fx-padding,0,renderer-safe generated concrete CSS value derived from LauncherGeometryTokens,generated-css-token,closed-generated,Keep generated concrete CSS synchronized with LauncherGeometryTokens; staleness tests must fail on drift.,Generated-token staleness test plus JavaFX preview/parser smoke and affected-surface visual review.,CSS declaration now uses renderer-safe generated concrete values because JavaFX looked-up size values are not reliable for size properties.
GVT-0412,opacity-translucency-disabled,css-color-border-fill,src/main/resources/qupath/ext/astra/launcher.css,974,.scroll-pane .scroll-bar .thumb,-fx-background-color,"rgba(15, 73, 82, 0.42)","rgba(15, 73, 82, 0.42)",generated-css-token,closed-generated,Keep launcher theme/state values routed through LauncherThemeTokens and generated launcher.tokens.css; CSS uses renderer-safe concrete opacity mirrors guarded by PipelineLauncherTest.,theme/state pixel sampling plus generated-token and opacity-allowlist source guards,Theme/state pass 5 routes launcher stylesheet colors through generated LauncherThemeTokens values; opacity values are renderer-safe CSS mirrors constrained by LauncherThemeTokens.CSS_OPACITY_VALUES.
GVT-0413,bevels-radii-arcs-tab-curvature,css-radius-arc,src/main/resources/qupath/ext/astra/launcher.css,975,.scroll-pane .scroll-bar .thumb,-fx-background-radius,8,renderer-safe generated concrete CSS value derived from LauncherGeometryTokens,generated-css-token,closed-generated,Keep generated concrete CSS synchronized with LauncherGeometryTokens; staleness tests must fail on drift.,Generated-token staleness test plus JavaFX preview/parser smoke and affected-surface visual review.,CSS declaration now uses renderer-safe generated concrete values because JavaFX looked-up size values are not reliable for size properties.
GVT-0414,opacity-translucency-disabled,css-color-border-fill,src/main/resources/qupath/ext/astra/launcher.css,979,.scroll-pane .scroll-bar .thumb:hover,-fx-background-color,"rgba(15, 73, 82, 0.58)","rgba(15, 73, 82, 0.58)",generated-css-token,closed-generated,Keep launcher theme/state values routed through LauncherThemeTokens and generated launcher.tokens.css; CSS uses renderer-safe concrete opacity mirrors guarded by PipelineLauncherTest.,theme/state pixel sampling plus generated-token and opacity-allowlist source guards,Theme/state pass 5 routes launcher stylesheet colors through generated LauncherThemeTokens values; opacity values are renderer-safe CSS mirrors constrained by LauncherThemeTokens.CSS_OPACITY_VALUES.
GVT-0415,opacity-translucency-disabled,css-color-border-fill,src/main/resources/qupath/ext/astra/launcher.css,983,.scroll-pane .scroll-bar .track,-fx-background-color,"rgba(15, 73, 82, 0.08)","rgba(15, 73, 82, 0.08)",generated-css-token,closed-generated,Keep launcher theme/state values routed through LauncherThemeTokens and generated launcher.tokens.css; CSS uses renderer-safe concrete opacity mirrors guarded by PipelineLauncherTest.,theme/state pixel sampling plus generated-token and opacity-allowlist source guards,Theme/state pass 5 routes launcher stylesheet colors through generated LauncherThemeTokens values; opacity values are renderer-safe CSS mirrors constrained by LauncherThemeTokens.CSS_OPACITY_VALUES.
GVT-0416,bevels-radii-arcs-tab-curvature,css-radius-arc,src/main/resources/qupath/ext/astra/launcher.css,984,.scroll-pane .scroll-bar .track,-fx-background-radius,8,renderer-safe generated concrete CSS value derived from LauncherGeometryTokens,generated-css-token,closed-generated,Keep generated concrete CSS synchronized with LauncherGeometryTokens; staleness tests must fail on drift.,Generated-token staleness test plus JavaFX preview/parser smoke and affected-surface visual review.,CSS declaration now uses renderer-safe generated concrete values because JavaFX looked-up size values are not reliable for size properties.
GVT-0417,margins-padding-gaps-spacing,css-spacing-insets,src/main/resources/qupath/ext/astra/launcher.css,990,.scroll-pane .scroll-bar .decrement-button,-fx-padding,0,renderer-safe generated concrete CSS value derived from LauncherGeometryTokens,generated-css-token,closed-generated,Keep generated concrete CSS synchronized with LauncherGeometryTokens; staleness tests must fail on drift.,Generated-token staleness test plus JavaFX preview/parser smoke and affected-surface visual review.,CSS declaration now uses renderer-safe generated concrete values because JavaFX looked-up size values are not reliable for size properties.
GVT-0418,bevels-radii-arcs-tab-curvature,css-radius-arc,src/main/resources/qupath/ext/astra/launcher.css,994,.astra-parameter-row,-fx-background-radius,6,renderer-safe generated concrete CSS value derived from LauncherGeometryTokens,generated-css-token,closed-generated,Keep generated concrete CSS synchronized with LauncherGeometryTokens; staleness tests must fail on drift.,Generated-token staleness test plus JavaFX preview/parser smoke and affected-surface visual review.,CSS declaration now uses renderer-safe generated concrete values because JavaFX looked-up size values are not reliable for size properties.
GVT-0419,bevels-radii-arcs-tab-curvature,css-radius-arc,src/main/resources/qupath/ext/astra/launcher.css,999,.astra-dependent-panel,-fx-border-radius,7,renderer-safe generated concrete CSS value derived from LauncherGeometryTokens,generated-css-token,closed-generated,Keep generated concrete CSS synchronized with LauncherGeometryTokens; staleness tests must fail on drift.,Generated-token staleness test plus JavaFX preview/parser smoke and affected-surface visual review.,CSS declaration now uses renderer-safe generated concrete values because JavaFX looked-up size values are not reliable for size properties.
GVT-0420,bevels-radii-arcs-tab-curvature,css-radius-arc,src/main/resources/qupath/ext/astra/launcher.css,1000,.astra-dependent-panel,-fx-background-radius,7,renderer-safe generated concrete CSS value derived from LauncherGeometryTokens,generated-css-token,closed-generated,Keep generated concrete CSS synchronized with LauncherGeometryTokens; staleness tests must fail on drift.,Generated-token staleness test plus JavaFX preview/parser smoke and affected-surface visual review.,CSS declaration now uses renderer-safe generated concrete values because JavaFX looked-up size values are not reliable for size properties.
GVT-0421,opacity-translucency-disabled,css-color-border-fill,src/main/resources/qupath/ext/astra/launcher.css,1001,.astra-dependent-panel,-fx-border-color,"rgba(127, 163, 173, 0.42)","rgba(127, 163, 173, 0.42)",generated-css-token,closed-generated,Keep launcher theme/state values routed through LauncherThemeTokens and generated launcher.tokens.css; CSS uses renderer-safe concrete opacity mirrors guarded by PipelineLauncherTest.,theme/state pixel sampling plus generated-token and opacity-allowlist source guards,Theme/state pass 5 routes launcher stylesheet colors through generated LauncherThemeTokens values; opacity values are renderer-safe CSS mirrors constrained by LauncherThemeTokens.CSS_OPACITY_VALUES.
GVT-0422,borders-strokes,css-color-border-fill,src/main/resources/qupath/ext/astra/launcher.css,1002,.astra-dependent-panel,-fx-border-width,1,renderer-safe generated concrete CSS value derived from LauncherGeometryTokens,generated-css-token,closed-generated,Keep generated concrete CSS synchronized with LauncherGeometryTokens; staleness tests must fail on drift.,Generated-token staleness test plus JavaFX preview/parser smoke and affected-surface visual review.,CSS declaration now uses renderer-safe generated concrete values because JavaFX looked-up size values are not reliable for size properties.
GVT-0423,opacity-translucency-disabled,css-color-border-fill,src/main/resources/qupath/ext/astra/launcher.css,1003,.astra-dependent-panel,-fx-background-color,"rgba(255, 255, 255, 0.68)","rgba(255, 255, 255, 0.68)",generated-css-token,closed-generated,Keep launcher theme/state values routed through LauncherThemeTokens and generated launcher.tokens.css; CSS uses renderer-safe concrete opacity mirrors guarded by PipelineLauncherTest.,theme/state pixel sampling plus generated-token and opacity-allowlist source guards,Theme/state pass 5 routes launcher stylesheet colors through generated LauncherThemeTokens values; opacity values are renderer-safe CSS mirrors constrained by LauncherThemeTokens.CSS_OPACITY_VALUES.
GVT-0424,opacity-translucency-disabled,css-opacity,src/main/resources/qupath/ext/astra/launcher.css,1007,.astra-dependent-panel-disabled,-fx-opacity,1.0,1.0,generated-css-token,closed-generated,Keep launcher theme/state values routed through LauncherThemeTokens and generated launcher.tokens.css; CSS uses renderer-safe concrete opacity mirrors guarded by PipelineLauncherTest.,theme/state pixel sampling plus generated-token and opacity-allowlist source guards,Theme/state pass 5 routes launcher stylesheet colors through generated LauncherThemeTokens values; opacity values are renderer-safe CSS mirrors constrained by LauncherThemeTokens.CSS_OPACITY_VALUES.
GVT-0425,opacity-translucency-disabled,css-color-border-fill,src/main/resources/qupath/ext/astra/launcher.css,1012,.astra-dependent-panel-threshold-selected-images,-fx-border-color,"rgba(31, 122, 122, 0.48)","rgba(31, 122, 122, 0.48)",generated-css-token,closed-generated,Keep launcher theme/state values routed through LauncherThemeTokens and generated launcher.tokens.css; CSS uses renderer-safe concrete opacity mirrors guarded by PipelineLauncherTest.,theme/state pixel sampling plus generated-token and opacity-allowlist source guards,Theme/state pass 5 routes launcher stylesheet colors through generated LauncherThemeTokens values; opacity values are renderer-safe CSS mirrors constrained by LauncherThemeTokens.CSS_OPACITY_VALUES.
GVT-0426,opacity-translucency-disabled,css-color-border-fill,src/main/resources/qupath/ext/astra/launcher.css,1013,.astra-dependent-panel-threshold-selected-images,-fx-background-color,"rgba(31, 122, 122, 0.065)","rgba(31, 122, 122, 0.065)",generated-css-token,closed-generated,Keep launcher theme/state values routed through LauncherThemeTokens and generated launcher.tokens.css; CSS uses renderer-safe concrete opacity mirrors guarded by PipelineLauncherTest.,theme/state pixel sampling plus generated-token and opacity-allowlist source guards,Theme/state pass 5 routes launcher stylesheet colors through generated LauncherThemeTokens values; opacity values are renderer-safe CSS mirrors constrained by LauncherThemeTokens.CSS_OPACITY_VALUES.
GVT-0427,opacity-translucency-disabled,css-color-border-fill,src/main/resources/qupath/ext/astra/launcher.css,1021,.astra-dependent-panel-generic-parameter-source,-fx-border-color,"rgba(88, 120, 136, 0.46)","rgba(88, 120, 136, 0.46)",generated-css-token,closed-generated,Keep launcher theme/state values routed through LauncherThemeTokens and generated launcher.tokens.css; CSS uses renderer-safe concrete opacity mirrors guarded by PipelineLauncherTest.,theme/state pixel sampling plus generated-token and opacity-allowlist source guards,Theme/state pass 5 routes launcher stylesheet colors through generated LauncherThemeTokens values; opacity values are renderer-safe CSS mirrors constrained by LauncherThemeTokens.CSS_OPACITY_VALUES.
GVT-0428,opacity-translucency-disabled,css-color-border-fill,src/main/resources/qupath/ext/astra/launcher.css,1022,.astra-dependent-panel-generic-parameter-source,-fx-background-color,"rgba(88, 120, 136, 0.07)","rgba(88, 120, 136, 0.07)",generated-css-token,closed-generated,Keep launcher theme/state values routed through LauncherThemeTokens and generated launcher.tokens.css; CSS uses renderer-safe concrete opacity mirrors guarded by PipelineLauncherTest.,theme/state pixel sampling plus generated-token and opacity-allowlist source guards,Theme/state pass 5 routes launcher stylesheet colors through generated LauncherThemeTokens values; opacity values are renderer-safe CSS mirrors constrained by LauncherThemeTokens.CSS_OPACITY_VALUES.
GVT-0429,opacity-translucency-disabled,css-color-border-fill,src/main/resources/qupath/ext/astra/launcher.css,1028,.astra-dependent-panel-background-mode,-fx-border-color,"rgba(204, 155, 41, 0.48)","rgba(204, 155, 41, 0.48)",generated-css-token,closed-generated,Keep launcher theme/state values routed through LauncherThemeTokens and generated launcher.tokens.css; CSS uses renderer-safe concrete opacity mirrors guarded by PipelineLauncherTest.,theme/state pixel sampling plus generated-token and opacity-allowlist source guards,Theme/state pass 5 routes launcher stylesheet colors through generated LauncherThemeTokens values; opacity values are renderer-safe CSS mirrors constrained by LauncherThemeTokens.CSS_OPACITY_VALUES.
GVT-0430,opacity-translucency-disabled,css-color-border-fill,src/main/resources/qupath/ext/astra/launcher.css,1029,.astra-dependent-panel-background-mode,-fx-background-color,"rgba(204, 155, 41, 0.07)","rgba(204, 155, 41, 0.07)",generated-css-token,closed-generated,Keep launcher theme/state values routed through LauncherThemeTokens and generated launcher.tokens.css; CSS uses renderer-safe concrete opacity mirrors guarded by PipelineLauncherTest.,theme/state pixel sampling plus generated-token and opacity-allowlist source guards,Theme/state pass 5 routes launcher stylesheet colors through generated LauncherThemeTokens values; opacity values are renderer-safe CSS mirrors constrained by LauncherThemeTokens.CSS_OPACITY_VALUES.
GVT-0431,opacity-translucency-disabled,css-color-border-fill,src/main/resources/qupath/ext/astra/launcher.css,1033,.astra-dependent-panel-batch-options,-fx-border-color,"rgba(88, 120, 136, 0.46)","rgba(88, 120, 136, 0.46)",generated-css-token,closed-generated,Keep launcher theme/state values routed through LauncherThemeTokens and generated launcher.tokens.css; CSS uses renderer-safe concrete opacity mirrors guarded by PipelineLauncherTest.,theme/state pixel sampling plus generated-token and opacity-allowlist source guards,Theme/state pass 5 routes launcher stylesheet colors through generated LauncherThemeTokens values; opacity values are renderer-safe CSS mirrors constrained by LauncherThemeTokens.CSS_OPACITY_VALUES.
GVT-0432,opacity-translucency-disabled,css-color-border-fill,src/main/resources/qupath/ext/astra/launcher.css,1034,.astra-dependent-panel-batch-options,-fx-background-color,"rgba(88, 120, 136, 0.07)","rgba(88, 120, 136, 0.07)",generated-css-token,closed-generated,Keep launcher theme/state values routed through LauncherThemeTokens and generated launcher.tokens.css; CSS uses renderer-safe concrete opacity mirrors guarded by PipelineLauncherTest.,theme/state pixel sampling plus generated-token and opacity-allowlist source guards,Theme/state pass 5 routes launcher stylesheet colors through generated LauncherThemeTokens values; opacity values are renderer-safe CSS mirrors constrained by LauncherThemeTokens.CSS_OPACITY_VALUES.
GVT-0433,opacity-translucency-disabled,css-color-border-fill,src/main/resources/qupath/ext/astra/launcher.css,1038,.astra-dependent-panel-failure-recovery,-fx-border-color,"rgba(217, 96, 76, 0.46)","rgba(217, 96, 76, 0.46)",generated-css-token,closed-generated,Keep launcher theme/state values routed through LauncherThemeTokens and generated launcher.tokens.css; CSS uses renderer-safe concrete opacity mirrors guarded by PipelineLauncherTest.,theme/state pixel sampling plus generated-token and opacity-allowlist source guards,Theme/state pass 5 routes launcher stylesheet colors through generated LauncherThemeTokens values; opacity values are renderer-safe CSS mirrors constrained by LauncherThemeTokens.CSS_OPACITY_VALUES.
GVT-0434,opacity-translucency-disabled,css-color-border-fill,src/main/resources/qupath/ext/astra/launcher.css,1039,.astra-dependent-panel-failure-recovery,-fx-background-color,"rgba(217, 96, 76, 0.06)","rgba(217, 96, 76, 0.06)",generated-css-token,closed-generated,Keep launcher theme/state values routed through LauncherThemeTokens and generated launcher.tokens.css; CSS uses renderer-safe concrete opacity mirrors guarded by PipelineLauncherTest.,theme/state pixel sampling plus generated-token and opacity-allowlist source guards,Theme/state pass 5 routes launcher stylesheet colors through generated LauncherThemeTokens values; opacity values are renderer-safe CSS mirrors constrained by LauncherThemeTokens.CSS_OPACITY_VALUES.
GVT-0435,opacity-translucency-disabled,css-color-border-fill,src/main/resources/qupath/ext/astra/launcher.css,1043,.astra-dependent-panel-custom-segmentation,-fx-border-color,"rgba(13, 127, 128, 0.48)","rgba(13, 127, 128, 0.48)",generated-css-token,closed-generated,Keep launcher theme/state values routed through LauncherThemeTokens and generated launcher.tokens.css; CSS uses renderer-safe concrete opacity mirrors guarded by PipelineLauncherTest.,theme/state pixel sampling plus generated-token and opacity-allowlist source guards,Theme/state pass 5 routes launcher stylesheet colors through generated LauncherThemeTokens values; opacity values are renderer-safe CSS mirrors constrained by LauncherThemeTokens.CSS_OPACITY_VALUES.
GVT-0436,opacity-translucency-disabled,css-color-border-fill,src/main/resources/qupath/ext/astra/launcher.css,1044,.astra-dependent-panel-custom-segmentation,-fx-background-color,"rgba(13, 127, 128, 0.065)","rgba(13, 127, 128, 0.065)",generated-css-token,closed-generated,Keep launcher theme/state values routed through LauncherThemeTokens and generated launcher.tokens.css; CSS uses renderer-safe concrete opacity mirrors guarded by PipelineLauncherTest.,theme/state pixel sampling plus generated-token and opacity-allowlist source guards,Theme/state pass 5 routes launcher stylesheet colors through generated LauncherThemeTokens values; opacity values are renderer-safe CSS mirrors constrained by LauncherThemeTokens.CSS_OPACITY_VALUES.
GVT-0437,opacity-translucency-disabled,css-color-border-fill,src/main/resources/qupath/ext/astra/launcher.css,1048,.astra-dependent-panel-nucleus-gating,-fx-border-color,"rgba(109, 153, 105, 0.5)","rgba(109, 153, 105, 0.5)",generated-css-token,closed-generated,Keep launcher theme/state values routed through LauncherThemeTokens and generated launcher.tokens.css; CSS uses renderer-safe concrete opacity mirrors guarded by PipelineLauncherTest.,theme/state pixel sampling plus generated-token and opacity-allowlist source guards,Theme/state pass 5 routes launcher stylesheet colors through generated LauncherThemeTokens values; opacity values are renderer-safe CSS mirrors constrained by LauncherThemeTokens.CSS_OPACITY_VALUES.
GVT-0438,opacity-translucency-disabled,css-color-border-fill,src/main/resources/qupath/ext/astra/launcher.css,1049,.astra-dependent-panel-nucleus-gating,-fx-background-color,"rgba(109, 153, 105, 0.07)","rgba(109, 153, 105, 0.07)",generated-css-token,closed-generated,Keep launcher theme/state values routed through LauncherThemeTokens and generated launcher.tokens.css; CSS uses renderer-safe concrete opacity mirrors guarded by PipelineLauncherTest.,theme/state pixel sampling plus generated-token and opacity-allowlist source guards,Theme/state pass 5 routes launcher stylesheet colors through generated LauncherThemeTokens values; opacity values are renderer-safe CSS mirrors constrained by LauncherThemeTokens.CSS_OPACITY_VALUES.
GVT-0439,typography-text-ink,css-font,src/main/resources/qupath/ext/astra/launcher.css,1053,.astra-dependent-panel-title,-fx-font-size,12px,12px,generated-css-token,closed-generated,Keep renderer-safe concrete CSS synchronized with LauncherTypographyTokens; staleness tests must fail on drift.,Generated-token staleness test plus text-contract sweep alpha proof for affected rendered text surfaces.,"Typography pass 4 routes CSS font stack, size, and weight through LauncherTypographyTokens and launcher.tokens.css while keeping JavaFX-safe concrete CSS values."
GVT-0440,colors-theme-semantic-roles,css-color-border-fill,src/main/resources/qupath/ext/astra/launcher.css,1055,.astra-dependent-panel-title,-fx-text-fill,#172431,#172431,generated-css-token,closed-generated,Keep launcher theme/state values routed through LauncherThemeTokens and generated launcher.tokens.css; CSS uses renderer-safe concrete opacity mirrors guarded by PipelineLauncherTest.,theme/state pixel sampling plus generated-token and opacity-allowlist source guards,Theme/state pass 5 routes launcher stylesheet colors through generated LauncherThemeTokens values; opacity values are renderer-safe CSS mirrors constrained by LauncherThemeTokens.CSS_OPACITY_VALUES.
GVT-0441,colors-theme-semantic-roles,css-color-border-fill,src/main/resources/qupath/ext/astra/launcher.css,1056,.astra-dependent-panel-title,-fx-fill,#172431,#172431,generated-css-token,closed-generated,Keep launcher theme/state values routed through LauncherThemeTokens and generated launcher.tokens.css; CSS uses renderer-safe concrete opacity mirrors guarded by PipelineLauncherTest.,theme/state pixel sampling plus generated-token and opacity-allowlist source guards,Theme/state pass 5 routes launcher stylesheet colors through generated LauncherThemeTokens values; opacity values are renderer-safe CSS mirrors constrained by LauncherThemeTokens.CSS_OPACITY_VALUES.
GVT-0442,typography-text-ink,css-font,src/main/resources/qupath/ext/astra/launcher.css,1060,.astra-dependent-panel-reason,-fx-font-size,11.5px,11.5px,generated-css-token,closed-generated,Keep renderer-safe concrete CSS synchronized with LauncherTypographyTokens; staleness tests must fail on drift.,Generated-token staleness test plus text-contract sweep alpha proof for affected rendered text surfaces.,"Typography pass 4 routes CSS font stack, size, and weight through LauncherTypographyTokens and launcher.tokens.css while keeping JavaFX-safe concrete CSS values."
GVT-0443,colors-theme-semantic-roles,css-color-border-fill,src/main/resources/qupath/ext/astra/launcher.css,1062,.astra-dependent-panel-reason,-fx-text-fill,#41535f,#41535f,generated-css-token,closed-generated,Keep launcher theme/state values routed through LauncherThemeTokens and generated launcher.tokens.css; CSS uses renderer-safe concrete opacity mirrors guarded by PipelineLauncherTest.,theme/state pixel sampling plus generated-token and opacity-allowlist source guards,Theme/state pass 5 routes launcher stylesheet colors through generated LauncherThemeTokens values; opacity values are renderer-safe CSS mirrors constrained by LauncherThemeTokens.CSS_OPACITY_VALUES.
GVT-0444,colors-theme-semantic-roles,css-color-border-fill,src/main/resources/qupath/ext/astra/launcher.css,1063,.astra-dependent-panel-reason,-fx-fill,#41535f,#41535f,generated-css-token,closed-generated,Keep launcher theme/state values routed through LauncherThemeTokens and generated launcher.tokens.css; CSS uses renderer-safe concrete opacity mirrors guarded by PipelineLauncherTest.,theme/state pixel sampling plus generated-token and opacity-allowlist source guards,Theme/state pass 5 routes launcher stylesheet colors through generated LauncherThemeTokens values; opacity values are renderer-safe CSS mirrors constrained by LauncherThemeTokens.CSS_OPACITY_VALUES.
GVT-0445,colors-theme-semantic-roles,css-color-border-fill,src/main/resources/qupath/ext/astra/launcher.css,1068,.button.astra-collapsible-header,-fx-background-color,#173747,#173747,generated-css-token,closed-generated,Keep launcher theme/state values routed through LauncherThemeTokens and generated launcher.tokens.css; CSS uses renderer-safe concrete opacity mirrors guarded by PipelineLauncherTest.,theme/state pixel sampling plus generated-token and opacity-allowlist source guards,Theme/state pass 5 routes launcher stylesheet colors through generated LauncherThemeTokens values; opacity values are renderer-safe CSS mirrors constrained by LauncherThemeTokens.CSS_OPACITY_VALUES.
GVT-0446,colors-theme-semantic-roles,css-color-border-fill,src/main/resources/qupath/ext/astra/launcher.css,1069,.button.astra-collapsible-header,-fx-border-color,#173747,#173747,generated-css-token,closed-generated,Keep launcher theme/state values routed through LauncherThemeTokens and generated launcher.tokens.css; CSS uses renderer-safe concrete opacity mirrors guarded by PipelineLauncherTest.,theme/state pixel sampling plus generated-token and opacity-allowlist source guards,Theme/state pass 5 routes launcher stylesheet colors through generated LauncherThemeTokens values; opacity values are renderer-safe CSS mirrors constrained by LauncherThemeTokens.CSS_OPACITY_VALUES.
GVT-0447,bevels-radii-arcs-tab-curvature,css-radius-arc,src/main/resources/qupath/ext/astra/launcher.css,1070,.button.astra-collapsible-header,-fx-background-radius,6 6 0 0,renderer-safe generated concrete CSS value derived from LauncherGeometryTokens,generated-css-token,closed-generated,Keep generated concrete CSS synchronized with LauncherGeometryTokens; staleness tests must fail on drift.,Generated-token staleness test plus JavaFX preview/parser smoke and affected-surface visual review.,CSS declaration now uses renderer-safe generated concrete values because JavaFX looked-up size values are not reliable for size properties.
GVT-0448,bevels-radii-arcs-tab-curvature,css-radius-arc,src/main/resources/qupath/ext/astra/launcher.css,1071,.button.astra-collapsible-header,-fx-border-radius,6 6 0 0,renderer-safe generated concrete CSS value derived from LauncherGeometryTokens,generated-css-token,closed-generated,Keep generated concrete CSS synchronized with LauncherGeometryTokens; staleness tests must fail on drift.,Generated-token staleness test plus JavaFX preview/parser smoke and affected-surface visual review.,CSS declaration now uses renderer-safe generated concrete values because JavaFX looked-up size values are not reliable for size properties.
GVT-0449,margins-padding-gaps-spacing,css-spacing-insets,src/main/resources/qupath/ext/astra/launcher.css,1073,.button.astra-collapsible-header,-fx-background-insets,0,renderer-safe generated concrete CSS value derived from LauncherGeometryTokens,generated-css-token,closed-generated,Keep generated concrete CSS synchronized with LauncherGeometryTokens; staleness tests must fail on drift.,Generated-token staleness test plus JavaFX preview/parser smoke and affected-surface visual review.,CSS declaration now uses renderer-safe generated concrete values because JavaFX looked-up size values are not reliable for size properties.
GVT-0450,opacity-translucency-disabled,css-opacity,src/main/resources/qupath/ext/astra/launcher.css,1074,.button.astra-collapsible-header,-fx-opacity,1.0,1.0,generated-css-token,closed-generated,Keep launcher theme/state values routed through LauncherThemeTokens and generated launcher.tokens.css; CSS uses renderer-safe concrete opacity mirrors guarded by PipelineLauncherTest.,theme/state pixel sampling plus generated-token and opacity-allowlist source guards,Theme/state pass 5 routes launcher stylesheet colors through generated LauncherThemeTokens values; opacity values are renderer-safe CSS mirrors constrained by LauncherThemeTokens.CSS_OPACITY_VALUES.
GVT-0451,colors-theme-semantic-roles,css-color-border-fill,src/main/resources/qupath/ext/astra/launcher.css,1079,.button.astra-collapsible-header:hover,-fx-background-color,#1b4253,#1b4253,generated-css-token,closed-generated,Keep launcher theme/state values routed through LauncherThemeTokens and generated launcher.tokens.css; CSS uses renderer-safe concrete opacity mirrors guarded by PipelineLauncherTest.,theme/state pixel sampling plus generated-token and opacity-allowlist source guards,Theme/state pass 5 routes launcher stylesheet colors through generated LauncherThemeTokens values; opacity values are renderer-safe CSS mirrors constrained by LauncherThemeTokens.CSS_OPACITY_VALUES.
GVT-0452,colors-theme-semantic-roles,css-color-border-fill,src/main/resources/qupath/ext/astra/launcher.css,1080,.button.astra-collapsible-header:hover,-fx-border-color,#1b4253,#1b4253,generated-css-token,closed-generated,Keep launcher theme/state values routed through LauncherThemeTokens and generated launcher.tokens.css; CSS uses renderer-safe concrete opacity mirrors guarded by PipelineLauncherTest.,theme/state pixel sampling plus generated-token and opacity-allowlist source guards,Theme/state pass 5 routes launcher stylesheet colors through generated LauncherThemeTokens values; opacity values are renderer-safe CSS mirrors constrained by LauncherThemeTokens.CSS_OPACITY_VALUES.
GVT-0453,control-geometry,css-visual-declaration,src/main/resources/qupath/ext/astra/launcher.css,1085,.button.astra-collapsible-header:pressed,-fx-translate-y,0,0,generated-css-token,closed-generated,Keep renderer-safe concrete CSS synchronized with LauncherGeometryTokens and staleness/source tests.,generated token staleness test plus affected control preview geometry,CSS control geometry is a renderer-safe generated concrete mirror of LauncherGeometryTokens; JavaFX looked-up numeric size values are intentionally avoided.
GVT-0454,colors-theme-semantic-roles,css-color-border-fill,src/main/resources/qupath/ext/astra/launcher.css,1086,.button.astra-collapsible-header:pressed,-fx-background-color,#102e3d,#102e3d,generated-css-token,closed-generated,Keep launcher theme/state values routed through LauncherThemeTokens and generated launcher.tokens.css; CSS uses renderer-safe concrete opacity mirrors guarded by PipelineLauncherTest.,theme/state pixel sampling plus generated-token and opacity-allowlist source guards,Theme/state pass 5 routes launcher stylesheet colors through generated LauncherThemeTokens values; opacity values are renderer-safe CSS mirrors constrained by LauncherThemeTokens.CSS_OPACITY_VALUES.
GVT-0455,colors-theme-semantic-roles,css-color-border-fill,src/main/resources/qupath/ext/astra/launcher.css,1087,.button.astra-collapsible-header:pressed,-fx-border-color,#102e3d,#102e3d,generated-css-token,closed-generated,Keep launcher theme/state values routed through LauncherThemeTokens and generated launcher.tokens.css; CSS uses renderer-safe concrete opacity mirrors guarded by PipelineLauncherTest.,theme/state pixel sampling plus generated-token and opacity-allowlist source guards,Theme/state pass 5 routes launcher stylesheet colors through generated LauncherThemeTokens values; opacity values are renderer-safe CSS mirrors constrained by LauncherThemeTokens.CSS_OPACITY_VALUES.
GVT-0456,typography-text-ink,css-font,src/main/resources/qupath/ext/astra/launcher.css,1091,.astra-collapsible-title,-fx-font-size,13px,13px,generated-css-token,closed-generated,Keep renderer-safe concrete CSS synchronized with LauncherTypographyTokens; staleness tests must fail on drift.,Generated-token staleness test plus text-contract sweep alpha proof for affected rendered text surfaces.,"Typography pass 4 routes CSS font stack, size, and weight through LauncherTypographyTokens and launcher.tokens.css while keeping JavaFX-safe concrete CSS values."
GVT-0457,typography-text-ink,css-font,src/main/resources/qupath/ext/astra/launcher.css,1097,.astra-collapsible-arrow,-fx-font-size,13px,13px,generated-css-token,closed-generated,Keep renderer-safe concrete CSS synchronized with LauncherTypographyTokens; staleness tests must fail on drift.,Generated-token staleness test plus text-contract sweep alpha proof for affected rendered text surfaces.,"Typography pass 4 routes CSS font stack, size, and weight through LauncherTypographyTokens and launcher.tokens.css while keeping JavaFX-safe concrete CSS values."
GVT-0458,colors-theme-semantic-roles,css-color-border-fill,src/main/resources/qupath/ext/astra/launcher.css,1099,.astra-collapsible-arrow,-fx-text-fill,#dcebed,#dcebed,generated-css-token,closed-generated,Keep launcher theme/state values routed through LauncherThemeTokens and generated launcher.tokens.css; CSS uses renderer-safe concrete opacity mirrors guarded by PipelineLauncherTest.,theme/state pixel sampling plus generated-token and opacity-allowlist source guards,Theme/state pass 5 routes launcher stylesheet colors through generated LauncherThemeTokens values; opacity values are renderer-safe CSS mirrors constrained by LauncherThemeTokens.CSS_OPACITY_VALUES.
GVT-0459,typography-text-ink,css-font,src/main/resources/qupath/ext/astra/launcher.css,1103,.astra-parameter-label,-fx-font-size,12px,12px,generated-css-token,closed-generated,Keep renderer-safe concrete CSS synchronized with LauncherTypographyTokens; staleness tests must fail on drift.,Generated-token staleness test plus text-contract sweep alpha proof for affected rendered text surfaces.,"Typography pass 4 routes CSS font stack, size, and weight through LauncherTypographyTokens and launcher.tokens.css while keeping JavaFX-safe concrete CSS values."
GVT-0460,colors-theme-semantic-roles,css-color-border-fill,src/main/resources/qupath/ext/astra/launcher.css,1105,.astra-parameter-label,-fx-text-fill,#172431,#172431,generated-css-token,closed-generated,Keep launcher theme/state values routed through LauncherThemeTokens and generated launcher.tokens.css; CSS uses renderer-safe concrete opacity mirrors guarded by PipelineLauncherTest.,theme/state pixel sampling plus generated-token and opacity-allowlist source guards,Theme/state pass 5 routes launcher stylesheet colors through generated LauncherThemeTokens values; opacity values are renderer-safe CSS mirrors constrained by LauncherThemeTokens.CSS_OPACITY_VALUES.
GVT-0461,colors-theme-semantic-roles,css-color-border-fill,src/main/resources/qupath/ext/astra/launcher.css,1106,.astra-parameter-label,-fx-fill,#172431,#172431,generated-css-token,closed-generated,Keep launcher theme/state values routed through LauncherThemeTokens and generated launcher.tokens.css; CSS uses renderer-safe concrete opacity mirrors guarded by PipelineLauncherTest.,theme/state pixel sampling plus generated-token and opacity-allowlist source guards,Theme/state pass 5 routes launcher stylesheet colors through generated LauncherThemeTokens values; opacity values are renderer-safe CSS mirrors constrained by LauncherThemeTokens.CSS_OPACITY_VALUES.
GVT-0462,margins-padding-gaps-spacing,css-spacing-insets,src/main/resources/qupath/ext/astra/launcher.css,1107,.astra-parameter-label,-fx-padding,0,renderer-safe generated concrete CSS value derived from LauncherGeometryTokens,generated-css-token,closed-generated,Keep generated concrete CSS synchronized with LauncherGeometryTokens; staleness tests must fail on drift.,Generated-token staleness test plus JavaFX preview/parser smoke and affected-surface visual review.,CSS declaration now uses renderer-safe generated concrete values because JavaFX looked-up size values are not reliable for size properties.
GVT-0463,opacity-translucency-disabled,css-opacity,src/main/resources/qupath/ext/astra/launcher.css,1115,.astra-parameter-anchor .astra-animated-gradient-surface,-fx-opacity,0.82,0.82,generated-css-token,closed-generated,Keep launcher theme/state values routed through LauncherThemeTokens and generated launcher.tokens.css; CSS uses renderer-safe concrete opacity mirrors guarded by PipelineLauncherTest.,theme/state pixel sampling plus generated-token and opacity-allowlist source guards,Theme/state pass 5 routes launcher stylesheet colors through generated LauncherThemeTokens values; opacity values are renderer-safe CSS mirrors constrained by LauncherThemeTokens.CSS_OPACITY_VALUES.
GVT-0464,opacity-translucency-disabled,css-opacity,src/main/resources/qupath/ext/astra/launcher.css,1119,.astra-parameter-anchor-setting .astra-animated-gradient-surface,-fx-opacity,0.62,0.62,generated-css-token,closed-generated,Keep launcher theme/state values routed through LauncherThemeTokens and generated launcher.tokens.css; CSS uses renderer-safe concrete opacity mirrors guarded by PipelineLauncherTest.,theme/state pixel sampling plus generated-token and opacity-allowlist source guards,Theme/state pass 5 routes launcher stylesheet colors through generated LauncherThemeTokens values; opacity values are renderer-safe CSS mirrors constrained by LauncherThemeTokens.CSS_OPACITY_VALUES.
GVT-0465,typography-text-ink,css-font,src/main/resources/qupath/ext/astra/launcher.css,1127,.text-area,-fx-font-size,12px,12px,generated-css-token,closed-generated,Keep renderer-safe concrete CSS synchronized with LauncherTypographyTokens; staleness tests must fail on drift.,Generated-token staleness test plus text-contract sweep alpha proof for affected rendered text surfaces.,"Typography pass 4 routes CSS font stack, size, and weight through LauncherTypographyTokens and launcher.tokens.css while keeping JavaFX-safe concrete CSS values."
GVT-0466,colors-theme-semantic-roles,css-color-border-fill,src/main/resources/qupath/ext/astra/launcher.css,1128,.text-area,-fx-text-fill,#172431,#172431,generated-css-token,closed-generated,Keep launcher theme/state values routed through LauncherThemeTokens and generated launcher.tokens.css; CSS uses renderer-safe concrete opacity mirrors guarded by PipelineLauncherTest.,theme/state pixel sampling plus generated-token and opacity-allowlist source guards,Theme/state pass 5 routes launcher stylesheet colors through generated LauncherThemeTokens values; opacity values are renderer-safe CSS mirrors constrained by LauncherThemeTokens.CSS_OPACITY_VALUES.
GVT-0467,colors-theme-semantic-roles,css-color-border-fill,src/main/resources/qupath/ext/astra/launcher.css,1129,.text-area,-fx-background-color,#fbfdfe,#fbfdfe,generated-css-token,closed-generated,Keep launcher theme/state values routed through LauncherThemeTokens and generated launcher.tokens.css; CSS uses renderer-safe concrete opacity mirrors guarded by PipelineLauncherTest.,theme/state pixel sampling plus generated-token and opacity-allowlist source guards,Theme/state pass 5 routes launcher stylesheet colors through generated LauncherThemeTokens values; opacity values are renderer-safe CSS mirrors constrained by LauncherThemeTokens.CSS_OPACITY_VALUES.
GVT-0468,colors-theme-semantic-roles,css-color-border-fill,src/main/resources/qupath/ext/astra/launcher.css,1130,.text-area,-fx-border-color,#7fa3ad,#7fa3ad,generated-css-token,closed-generated,Keep launcher theme/state values routed through LauncherThemeTokens and generated launcher.tokens.css; CSS uses renderer-safe concrete opacity mirrors guarded by PipelineLauncherTest.,theme/state pixel sampling plus generated-token and opacity-allowlist source guards,Theme/state pass 5 routes launcher stylesheet colors through generated LauncherThemeTokens values; opacity values are renderer-safe CSS mirrors constrained by LauncherThemeTokens.CSS_OPACITY_VALUES.
GVT-0469,bevels-radii-arcs-tab-curvature,css-radius-arc,src/main/resources/qupath/ext/astra/launcher.css,1131,.text-area,-fx-border-radius,5,renderer-safe generated concrete CSS value derived from LauncherGeometryTokens,generated-css-token,closed-generated,Keep generated concrete CSS synchronized with LauncherGeometryTokens; staleness tests must fail on drift.,Generated-token staleness test plus JavaFX preview/parser smoke and affected-surface visual review.,CSS declaration now uses renderer-safe generated concrete values because JavaFX looked-up size values are not reliable for size properties.
GVT-0470,bevels-radii-arcs-tab-curvature,css-radius-arc,src/main/resources/qupath/ext/astra/launcher.css,1132,.text-area,-fx-background-radius,5,renderer-safe generated concrete CSS value derived from LauncherGeometryTokens,generated-css-token,closed-generated,Keep generated concrete CSS synchronized with LauncherGeometryTokens; staleness tests must fail on drift.,Generated-token staleness test plus JavaFX preview/parser smoke and affected-surface visual review.,CSS declaration now uses renderer-safe generated concrete values because JavaFX looked-up size values are not reliable for size properties.
GVT-0471,margins-padding-gaps-spacing,css-spacing-insets,src/main/resources/qupath/ext/astra/launcher.css,1139,.astra-input.text-field,-fx-padding,0 8 8 8,renderer-safe generated concrete CSS value derived from LauncherGeometryTokens,generated-css-token,closed-generated,Keep generated concrete CSS synchronized with LauncherGeometryTokens; staleness tests must fail on drift.,Generated-token staleness test plus JavaFX preview/parser smoke and affected-surface visual review.,CSS declaration now uses renderer-safe generated concrete values because JavaFX looked-up size values are not reliable for size properties.
GVT-0472,colors-theme-semantic-roles,css-color-border-fill,src/main/resources/qupath/ext/astra/launcher.css,1146,.text-area:focused,-fx-border-color,#1f7a7a,#1f7a7a,generated-css-token,closed-generated,Keep launcher theme/state values routed through LauncherThemeTokens and generated launcher.tokens.css; CSS uses renderer-safe concrete opacity mirrors guarded by PipelineLauncherTest.,theme/state pixel sampling plus generated-token and opacity-allowlist source guards,Theme/state pass 5 routes launcher stylesheet colors through generated LauncherThemeTokens values; opacity values are renderer-safe CSS mirrors constrained by LauncherThemeTokens.CSS_OPACITY_VALUES.
GVT-0473,opacity-translucency-disabled,css-effect,src/main/resources/qupath/ext/astra/launcher.css,1147,.text-area:focused,-fx-effect,"dropshadow(gaussian, rgba(31, 122, 122, 0.18), 7, 0.16, 0, 0)","dropshadow(gaussian, rgba(31, 122, 122, 0.18), 7, 0.16, 0, 0)",generated-css-token,closed-generated,Keep launcher theme/state values routed through LauncherThemeTokens and generated launcher.tokens.css; CSS uses renderer-safe concrete opacity mirrors guarded by PipelineLauncherTest.,theme/state pixel sampling plus generated-token and opacity-allowlist source guards,Theme/state pass 5 routes launcher stylesheet colors through generated LauncherThemeTokens values; opacity values are renderer-safe CSS mirrors constrained by LauncherThemeTokens.CSS_OPACITY_VALUES.
GVT-0474,margins-padding-gaps-spacing,css-spacing-insets,src/main/resources/qupath/ext/astra/launcher.css,1151,.combo-box-base.astra-combo,-fx-padding,0,renderer-safe generated concrete CSS value derived from LauncherGeometryTokens,generated-css-token,closed-generated,Keep generated concrete CSS synchronized with LauncherGeometryTokens; staleness tests must fail on drift.,Generated-token staleness test plus JavaFX preview/parser smoke and affected-surface visual review.,CSS declaration now uses renderer-safe generated concrete values because JavaFX looked-up size values are not reliable for size properties.
GVT-0475,colors-theme-semantic-roles,css-color-border-fill,src/main/resources/qupath/ext/astra/launcher.css,1152,.combo-box-base.astra-combo,-fx-mark-color,#0d4f55,#0d4f55,generated-css-token,closed-generated,Keep launcher theme/state values routed through LauncherThemeTokens and generated launcher.tokens.css; CSS uses renderer-safe concrete opacity mirrors guarded by PipelineLauncherTest.,theme/state pixel sampling plus generated-token and opacity-allowlist source guards,Theme/state pass 5 routes launcher stylesheet colors through generated LauncherThemeTokens values; opacity values are renderer-safe CSS mirrors constrained by LauncherThemeTokens.CSS_OPACITY_VALUES.
GVT-0476,typography-text-ink,css-font,src/main/resources/qupath/ext/astra/launcher.css,1159,.astra-combo-cell,-fx-font-size,12px,12px,generated-css-token,closed-generated,Keep renderer-safe concrete CSS synchronized with LauncherTypographyTokens; staleness tests must fail on drift.,Generated-token staleness test plus text-contract sweep alpha proof for affected rendered text surfaces.,"Typography pass 4 routes CSS font stack, size, and weight through LauncherTypographyTokens and launcher.tokens.css while keeping JavaFX-safe concrete CSS values."
GVT-0477,colors-theme-semantic-roles,css-color-border-fill,src/main/resources/qupath/ext/astra/launcher.css,1160,.astra-combo-cell,-fx-text-fill,#172431,#172431,generated-css-token,closed-generated,Keep launcher theme/state values routed through LauncherThemeTokens and generated launcher.tokens.css; CSS uses renderer-safe concrete opacity mirrors guarded by PipelineLauncherTest.,theme/state pixel sampling plus generated-token and opacity-allowlist source guards,Theme/state pass 5 routes launcher stylesheet colors through generated LauncherThemeTokens values; opacity values are renderer-safe CSS mirrors constrained by LauncherThemeTokens.CSS_OPACITY_VALUES.
GVT-0478,opacity-translucency-disabled,css-opacity,src/main/resources/qupath/ext/astra/launcher.css,1164,.combo-box-base.astra-combo:disabled,-fx-opacity,1.0,1.0,generated-css-token,closed-generated,Keep launcher theme/state values routed through LauncherThemeTokens and generated launcher.tokens.css; CSS uses renderer-safe concrete opacity mirrors guarded by PipelineLauncherTest.,theme/state pixel sampling plus generated-token and opacity-allowlist source guards,Theme/state pass 5 routes launcher stylesheet colors through generated LauncherThemeTokens values; opacity values are renderer-safe CSS mirrors constrained by LauncherThemeTokens.CSS_OPACITY_VALUES.
GVT-0479,colors-theme-semantic-roles,css-color-border-fill,src/main/resources/qupath/ext/astra/launcher.css,1170,.astra-combo-cell:disabled,-fx-text-fill,#49656d,#49656d,generated-css-token,closed-generated,Keep launcher theme/state values routed through LauncherThemeTokens and generated launcher.tokens.css; CSS uses renderer-safe concrete opacity mirrors guarded by PipelineLauncherTest.,theme/state pixel sampling plus generated-token and opacity-allowlist source guards,Theme/state pass 5 routes launcher stylesheet colors through generated LauncherThemeTokens values; opacity values are renderer-safe CSS mirrors constrained by LauncherThemeTokens.CSS_OPACITY_VALUES.
GVT-0480,bevels-radii-arcs-tab-curvature,css-radius-arc,src/main/resources/qupath/ext/astra/launcher.css,1177,.astra-combo-arrow-button,-fx-background-radius,0 4 4 0,renderer-safe generated concrete CSS value derived from LauncherGeometryTokens,generated-css-token,closed-generated,Keep generated concrete CSS synchronized with LauncherGeometryTokens; staleness tests must fail on drift.,Generated-token staleness test plus JavaFX preview/parser smoke and affected-surface visual review.,CSS declaration now uses renderer-safe generated concrete values because JavaFX looked-up size values are not reliable for size properties.
GVT-0481,colors-theme-semantic-roles,css-color-border-fill,src/main/resources/qupath/ext/astra/launcher.css,1182,.astra-combo-arrow,-fx-background-color,#0d4f55,#0d4f55,generated-css-token,closed-generated,Keep launcher theme/state values routed through LauncherThemeTokens and generated launcher.tokens.css; CSS uses renderer-safe concrete opacity mirrors guarded by PipelineLauncherTest.,theme/state pixel sampling plus generated-token and opacity-allowlist source guards,Theme/state pass 5 routes launcher stylesheet colors through generated LauncherThemeTokens values; opacity values are renderer-safe CSS mirrors constrained by LauncherThemeTokens.CSS_OPACITY_VALUES.
GVT-0482,colors-theme-semantic-roles,css-color-border-fill,src/main/resources/qupath/ext/astra/launcher.css,1186,.combo-box-popup .list-view,-fx-background-color,#ffffff,#ffffff,generated-css-token,closed-generated,Keep launcher theme/state values routed through LauncherThemeTokens and generated launcher.tokens.css; CSS uses renderer-safe concrete opacity mirrors guarded by PipelineLauncherTest.,theme/state pixel sampling plus generated-token and opacity-allowlist source guards,Theme/state pass 5 routes launcher stylesheet colors through generated LauncherThemeTokens values; opacity values are renderer-safe CSS mirrors constrained by LauncherThemeTokens.CSS_OPACITY_VALUES.
GVT-0483,colors-theme-semantic-roles,css-color-border-fill,src/main/resources/qupath/ext/astra/launcher.css,1187,.combo-box-popup .list-view,-fx-border-color,#7fa3ad,#7fa3ad,generated-css-token,closed-generated,Keep launcher theme/state values routed through LauncherThemeTokens and generated launcher.tokens.css; CSS uses renderer-safe concrete opacity mirrors guarded by PipelineLauncherTest.,theme/state pixel sampling plus generated-token and opacity-allowlist source guards,Theme/state pass 5 routes launcher stylesheet colors through generated LauncherThemeTokens values; opacity values are renderer-safe CSS mirrors constrained by LauncherThemeTokens.CSS_OPACITY_VALUES.
GVT-0484,bevels-radii-arcs-tab-curvature,css-radius-arc,src/main/resources/qupath/ext/astra/launcher.css,1188,.combo-box-popup .list-view,-fx-border-radius,5,renderer-safe generated concrete CSS value derived from LauncherGeometryTokens,generated-css-token,closed-generated,Keep generated concrete CSS synchronized with LauncherGeometryTokens; staleness tests must fail on drift.,Generated-token staleness test plus JavaFX preview/parser smoke and affected-surface visual review.,CSS declaration now uses renderer-safe generated concrete values because JavaFX looked-up size values are not reliable for size properties.
GVT-0485,bevels-radii-arcs-tab-curvature,css-radius-arc,src/main/resources/qupath/ext/astra/launcher.css,1189,.combo-box-popup .list-view,-fx-background-radius,5,renderer-safe generated concrete CSS value derived from LauncherGeometryTokens,generated-css-token,closed-generated,Keep generated concrete CSS synchronized with LauncherGeometryTokens; staleness tests must fail on drift.,Generated-token staleness test plus JavaFX preview/parser smoke and affected-surface visual review.,CSS declaration now uses renderer-safe generated concrete values because JavaFX looked-up size values are not reliable for size properties.
GVT-0486,typography-text-ink,css-font,src/main/resources/qupath/ext/astra/launcher.css,1194,.combo-box-popup .list-cell,-fx-font-size,12px,12px,generated-css-token,closed-generated,Keep renderer-safe concrete CSS synchronized with LauncherTypographyTokens; staleness tests must fail on drift.,Generated-token staleness test plus text-contract sweep alpha proof for affected rendered text surfaces.,"Typography pass 4 routes CSS font stack, size, and weight through LauncherTypographyTokens and launcher.tokens.css while keeping JavaFX-safe concrete CSS values."
GVT-0487,colors-theme-semantic-roles,css-color-border-fill,src/main/resources/qupath/ext/astra/launcher.css,1195,.combo-box-popup .list-cell,-fx-text-fill,#172431,#172431,generated-css-token,closed-generated,Keep launcher theme/state values routed through LauncherThemeTokens and generated launcher.tokens.css; CSS uses renderer-safe concrete opacity mirrors guarded by PipelineLauncherTest.,theme/state pixel sampling plus generated-token and opacity-allowlist source guards,Theme/state pass 5 routes launcher stylesheet colors through generated LauncherThemeTokens values; opacity values are renderer-safe CSS mirrors constrained by LauncherThemeTokens.CSS_OPACITY_VALUES.
GVT-0488,colors-theme-semantic-roles,css-color-border-fill,src/main/resources/qupath/ext/astra/launcher.css,1196,.combo-box-popup .list-cell,-fx-background-color,#ffffff,#ffffff,generated-css-token,closed-generated,Keep launcher theme/state values routed through LauncherThemeTokens and generated launcher.tokens.css; CSS uses renderer-safe concrete opacity mirrors guarded by PipelineLauncherTest.,theme/state pixel sampling plus generated-token and opacity-allowlist source guards,Theme/state pass 5 routes launcher stylesheet colors through generated LauncherThemeTokens values; opacity values are renderer-safe CSS mirrors constrained by LauncherThemeTokens.CSS_OPACITY_VALUES.
GVT-0489,margins-padding-gaps-spacing,css-spacing-insets,src/main/resources/qupath/ext/astra/launcher.css,1197,.combo-box-popup .list-cell,-fx-background-insets,0,renderer-safe generated concrete CSS value derived from LauncherGeometryTokens,generated-css-token,closed-generated,Keep generated concrete CSS synchronized with LauncherGeometryTokens; staleness tests must fail on drift.,Generated-token staleness test plus JavaFX preview/parser smoke and affected-surface visual review.,CSS declaration now uses renderer-safe generated concrete values because JavaFX looked-up size values are not reliable for size properties.
GVT-0490,colors-theme-semantic-roles,css-color-border-fill,src/main/resources/qupath/ext/astra/launcher.css,1202,.combo-box-popup .list-cell:filled:focused,-fx-background-color,#e6f4f5,#e6f4f5,generated-css-token,closed-generated,Keep launcher theme/state values routed through LauncherThemeTokens and generated launcher.tokens.css; CSS uses renderer-safe concrete opacity mirrors guarded by PipelineLauncherTest.,theme/state pixel sampling plus generated-token and opacity-allowlist source guards,Theme/state pass 5 routes launcher stylesheet colors through generated LauncherThemeTokens values; opacity values are renderer-safe CSS mirrors constrained by LauncherThemeTokens.CSS_OPACITY_VALUES.
GVT-0491,colors-theme-semantic-roles,css-color-border-fill,src/main/resources/qupath/ext/astra/launcher.css,1203,.combo-box-popup .list-cell:filled:focused,-fx-text-fill,#0d4f55,#0d4f55,generated-css-token,closed-generated,Keep launcher theme/state values routed through LauncherThemeTokens and generated launcher.tokens.css; CSS uses renderer-safe concrete opacity mirrors guarded by PipelineLauncherTest.,theme/state pixel sampling plus generated-token and opacity-allowlist source guards,Theme/state pass 5 routes launcher stylesheet colors through generated LauncherThemeTokens values; opacity values are renderer-safe CSS mirrors constrained by LauncherThemeTokens.CSS_OPACITY_VALUES.
GVT-0492,colors-theme-semantic-roles,css-color-border-fill,src/main/resources/qupath/ext/astra/launcher.css,1209,.combo-box-popup .list-cell:filled:selected:focused,-fx-background-color,#1f7a7a,#1f7a7a,generated-css-token,closed-generated,Keep launcher theme/state values routed through LauncherThemeTokens and generated launcher.tokens.css; CSS uses renderer-safe concrete opacity mirrors guarded by PipelineLauncherTest.,theme/state pixel sampling plus generated-token and opacity-allowlist source guards,Theme/state pass 5 routes launcher stylesheet colors through generated LauncherThemeTokens values; opacity values are renderer-safe CSS mirrors constrained by LauncherThemeTokens.CSS_OPACITY_VALUES.
GVT-0493,colors-theme-semantic-roles,css-color-border-fill,src/main/resources/qupath/ext/astra/launcher.css,1210,.combo-box-popup .list-cell:filled:selected:focused,-fx-text-fill,#ffffff,#ffffff,generated-css-token,closed-generated,Keep launcher theme/state values routed through LauncherThemeTokens and generated launcher.tokens.css; CSS uses renderer-safe concrete opacity mirrors guarded by PipelineLauncherTest.,theme/state pixel sampling plus generated-token and opacity-allowlist source guards,Theme/state pass 5 routes launcher stylesheet colors through generated LauncherThemeTokens values; opacity values are renderer-safe CSS mirrors constrained by LauncherThemeTokens.CSS_OPACITY_VALUES.
GVT-0494,margins-padding-gaps-spacing,css-spacing-insets,src/main/resources/qupath/ext/astra/launcher.css,1211,.combo-box-popup .list-cell:filled:selected:focused,-fx-background-insets,0,renderer-safe generated concrete CSS value derived from LauncherGeometryTokens,generated-css-token,closed-generated,Keep generated concrete CSS synchronized with LauncherGeometryTokens; staleness tests must fail on drift.,Generated-token staleness test plus JavaFX preview/parser smoke and affected-surface visual review.,CSS declaration now uses renderer-safe generated concrete values because JavaFX looked-up size values are not reliable for size properties.
GVT-0495,colors-theme-semantic-roles,css-color-border-fill,src/main/resources/qupath/ext/astra/launcher.css,1217,.combo-box-popup .list-cell:filled:selected:focused .text,-fx-fill,#ffffff,#ffffff,generated-css-token,closed-generated,Keep launcher theme/state values routed through LauncherThemeTokens and generated launcher.tokens.css; CSS uses renderer-safe concrete opacity mirrors guarded by PipelineLauncherTest.,theme/state pixel sampling plus generated-token and opacity-allowlist source guards,Theme/state pass 5 routes launcher stylesheet colors through generated LauncherThemeTokens values; opacity values are renderer-safe CSS mirrors constrained by LauncherThemeTokens.CSS_OPACITY_VALUES.
GVT-0496,colors-theme-semantic-roles,css-color-border-fill,src/main/resources/qupath/ext/astra/launcher.css,1221,.combo-box-popup .list-cell:disabled,-fx-text-fill,#758692,#758692,generated-css-token,closed-generated,Keep launcher theme/state values routed through LauncherThemeTokens and generated launcher.tokens.css; CSS uses renderer-safe concrete opacity mirrors guarded by PipelineLauncherTest.,theme/state pixel sampling plus generated-token and opacity-allowlist source guards,Theme/state pass 5 routes launcher stylesheet colors through generated LauncherThemeTokens values; opacity values are renderer-safe CSS mirrors constrained by LauncherThemeTokens.CSS_OPACITY_VALUES.
GVT-0497,opacity-translucency-disabled,css-color-border-fill,src/main/resources/qupath/ext/astra/launcher.css,1222,.combo-box-popup .list-cell:disabled,-fx-background-color,#f3f7f8,#f3f7f8,generated-css-token,closed-generated,Keep launcher theme/state values routed through LauncherThemeTokens and generated launcher.tokens.css; CSS uses renderer-safe concrete opacity mirrors guarded by PipelineLauncherTest.,theme/state pixel sampling plus generated-token and opacity-allowlist source guards,Theme/state pass 5 routes launcher stylesheet colors through generated LauncherThemeTokens values; opacity values are renderer-safe CSS mirrors constrained by LauncherThemeTokens.CSS_OPACITY_VALUES.
GVT-0498,colors-theme-semantic-roles,css-color-border-fill,src/main/resources/qupath/ext/astra/launcher.css,1226,.context-menu,-fx-background-color,#ffffff,#ffffff,generated-css-token,closed-generated,Keep launcher theme/state values routed through LauncherThemeTokens and generated launcher.tokens.css; CSS uses renderer-safe concrete opacity mirrors guarded by PipelineLauncherTest.,theme/state pixel sampling plus generated-token and opacity-allowlist source guards,Theme/state pass 5 routes launcher stylesheet colors through generated LauncherThemeTokens values; opacity values are renderer-safe CSS mirrors constrained by LauncherThemeTokens.CSS_OPACITY_VALUES.
GVT-0499,bevels-radii-arcs-tab-curvature,css-radius-arc,src/main/resources/qupath/ext/astra/launcher.css,1227,.context-menu,-fx-background-radius,7,renderer-safe generated concrete CSS value derived from LauncherGeometryTokens,generated-css-token,closed-generated,Keep generated concrete CSS synchronized with LauncherGeometryTokens; staleness tests must fail on drift.,Generated-token staleness test plus JavaFX preview/parser smoke and affected-surface visual review.,CSS declaration now uses renderer-safe generated concrete values because JavaFX looked-up size values are not reliable for size properties.
GVT-0500,colors-theme-semantic-roles,css-color-border-fill,src/main/resources/qupath/ext/astra/launcher.css,1228,.context-menu,-fx-border-color,#9fb9c2,#9fb9c2,generated-css-token,closed-generated,Keep launcher theme/state values routed through LauncherThemeTokens and generated launcher.tokens.css; CSS uses renderer-safe concrete opacity mirrors guarded by PipelineLauncherTest.,theme/state pixel sampling plus generated-token and opacity-allowlist source guards,Theme/state pass 5 routes launcher stylesheet colors through generated LauncherThemeTokens values; opacity values are renderer-safe CSS mirrors constrained by LauncherThemeTokens.CSS_OPACITY_VALUES.
GVT-0501,bevels-radii-arcs-tab-curvature,css-radius-arc,src/main/resources/qupath/ext/astra/launcher.css,1229,.context-menu,-fx-border-radius,7,renderer-safe generated concrete CSS value derived from LauncherGeometryTokens,generated-css-token,closed-generated,Keep generated concrete CSS synchronized with LauncherGeometryTokens; staleness tests must fail on drift.,Generated-token staleness test plus JavaFX preview/parser smoke and affected-surface visual review.,CSS declaration now uses renderer-safe generated concrete values because JavaFX looked-up size values are not reliable for size properties.
GVT-0502,margins-padding-gaps-spacing,css-spacing-insets,src/main/resources/qupath/ext/astra/launcher.css,1230,.context-menu,-fx-padding,5,renderer-safe generated concrete CSS value derived from LauncherGeometryTokens,generated-css-token,closed-generated,Keep generated concrete CSS synchronized with LauncherGeometryTokens; staleness tests must fail on drift.,Generated-token staleness test plus JavaFX preview/parser smoke and affected-surface visual review.,CSS declaration now uses renderer-safe generated concrete values because JavaFX looked-up size values are not reliable for size properties.
GVT-0503,bevels-radii-arcs-tab-curvature,css-radius-arc,src/main/resources/qupath/ext/astra/launcher.css,1235,.astra-header-context-menu .custom-menu-item,-fx-background-radius,5,renderer-safe generated concrete CSS value derived from LauncherGeometryTokens,generated-css-token,closed-generated,Keep generated concrete CSS synchronized with LauncherGeometryTokens; staleness tests must fail on drift.,Generated-token staleness test plus JavaFX preview/parser smoke and affected-surface visual review.,CSS declaration now uses renderer-safe generated concrete values because JavaFX looked-up size values are not reliable for size properties.
GVT-0504,margins-padding-gaps-spacing,css-spacing-insets,src/main/resources/qupath/ext/astra/launcher.css,1236,.astra-header-context-menu .custom-menu-item,-fx-padding,6 8,renderer-safe generated concrete CSS value derived from LauncherGeometryTokens,generated-css-token,closed-generated,Keep generated concrete CSS synchronized with LauncherGeometryTokens; staleness tests must fail on drift.,Generated-token staleness test plus JavaFX preview/parser smoke and affected-surface visual review.,CSS declaration now uses renderer-safe generated concrete values because JavaFX looked-up size values are not reliable for size properties.
GVT-0505,margins-padding-gaps-spacing,css-spacing-insets,src/main/resources/qupath/ext/astra/launcher.css,1240,.astra-header-context-menu .astra-header-options-menu-item,-fx-padding,0,renderer-safe generated concrete CSS value derived from LauncherGeometryTokens,generated-css-token,closed-generated,Keep generated concrete CSS synchronized with LauncherGeometryTokens; staleness tests must fail on drift.,Generated-token staleness test plus JavaFX preview/parser smoke and affected-surface visual review.,CSS declaration now uses renderer-safe generated concrete values because JavaFX looked-up size values are not reliable for size properties.
GVT-0506,colors-theme-semantic-roles,css-color-border-fill,src/main/resources/qupath/ext/astra/launcher.css,1245,.custom-menu-item,-fx-background-color,#ffffff,#ffffff,generated-css-token,closed-generated,Keep launcher theme/state values routed through LauncherThemeTokens and generated launcher.tokens.css; CSS uses renderer-safe concrete opacity mirrors guarded by PipelineLauncherTest.,theme/state pixel sampling plus generated-token and opacity-allowlist source guards,Theme/state pass 5 routes launcher stylesheet colors through generated LauncherThemeTokens values; opacity values are renderer-safe CSS mirrors constrained by LauncherThemeTokens.CSS_OPACITY_VALUES.
GVT-0507,typography-text-ink,css-font,src/main/resources/qupath/ext/astra/launcher.css,1251,.custom-menu-item .label,-fx-font-size,12px,12px,generated-css-token,closed-generated,Keep renderer-safe concrete CSS synchronized with LauncherTypographyTokens; staleness tests must fail on drift.,Generated-token staleness test plus text-contract sweep alpha proof for affected rendered text surfaces.,"Typography pass 4 routes CSS font stack, size, and weight through LauncherTypographyTokens and launcher.tokens.css while keeping JavaFX-safe concrete CSS values."
GVT-0508,colors-theme-semantic-roles,css-color-border-fill,src/main/resources/qupath/ext/astra/launcher.css,1252,.custom-menu-item .label,-fx-text-fill,#172431,#172431,generated-css-token,closed-generated,Keep launcher theme/state values routed through LauncherThemeTokens and generated launcher.tokens.css; CSS uses renderer-safe concrete opacity mirrors guarded by PipelineLauncherTest.,theme/state pixel sampling plus generated-token and opacity-allowlist source guards,Theme/state pass 5 routes launcher stylesheet colors through generated LauncherThemeTokens values; opacity values are renderer-safe CSS mirrors constrained by LauncherThemeTokens.CSS_OPACITY_VALUES.
GVT-0509,typography-text-ink,css-font,src/main/resources/qupath/ext/astra/launcher.css,1257,.astra-header-context-menu .custom-menu-item .label,-fx-font-size,12.5px,12.5px,generated-css-token,closed-generated,Keep renderer-safe concrete CSS synchronized with LauncherTypographyTokens; staleness tests must fail on drift.,Generated-token staleness test plus text-contract sweep alpha proof for affected rendered text surfaces.,"Typography pass 4 routes CSS font stack, size, and weight through LauncherTypographyTokens and launcher.tokens.css while keeping JavaFX-safe concrete CSS values."
GVT-0510,colors-theme-semantic-roles,css-color-border-fill,src/main/resources/qupath/ext/astra/launcher.css,1262,.custom-menu-item:focused,-fx-background-color,#e6f4f5,#e6f4f5,generated-css-token,closed-generated,Keep launcher theme/state values routed through LauncherThemeTokens and generated launcher.tokens.css; CSS uses renderer-safe concrete opacity mirrors guarded by PipelineLauncherTest.,theme/state pixel sampling plus generated-token and opacity-allowlist source guards,Theme/state pass 5 routes launcher stylesheet colors through generated LauncherThemeTokens values; opacity values are renderer-safe CSS mirrors constrained by LauncherThemeTokens.CSS_OPACITY_VALUES.
GVT-0511,margins-padding-gaps-spacing,css-spacing-insets,src/main/resources/qupath/ext/astra/launcher.css,1263,.custom-menu-item:focused,-fx-background-insets,0,renderer-safe generated concrete CSS value derived from LauncherGeometryTokens,generated-css-token,closed-generated,Keep generated concrete CSS synchronized with LauncherGeometryTokens; staleness tests must fail on drift.,Generated-token staleness test plus JavaFX preview/parser smoke and affected-surface visual review.,CSS declaration now uses renderer-safe generated concrete values because JavaFX looked-up size values are not reliable for size properties.
GVT-0512,colors-theme-semantic-roles,css-color-border-fill,src/main/resources/qupath/ext/astra/launcher.css,1268,.custom-menu-item:focused .label,-fx-text-fill,#0d4f55,#0d4f55,generated-css-token,closed-generated,Keep launcher theme/state values routed through LauncherThemeTokens and generated launcher.tokens.css; CSS uses renderer-safe concrete opacity mirrors guarded by PipelineLauncherTest.,theme/state pixel sampling plus generated-token and opacity-allowlist source guards,Theme/state pass 5 routes launcher stylesheet colors through generated LauncherThemeTokens values; opacity values are renderer-safe CSS mirrors constrained by LauncherThemeTokens.CSS_OPACITY_VALUES.
GVT-0513,typography-text-ink,css-font,src/main/resources/qupath/ext/astra/launcher.css,1273,.tooltip,-fx-font-size,12px,12px,generated-css-token,closed-generated,Keep renderer-safe concrete CSS synchronized with LauncherTypographyTokens; staleness tests must fail on drift.,Generated-token staleness test plus text-contract sweep alpha proof for affected rendered text surfaces.,"Typography pass 4 routes CSS font stack, size, and weight through LauncherTypographyTokens and launcher.tokens.css while keeping JavaFX-safe concrete CSS values."
GVT-0514,colors-theme-semantic-roles,css-color-border-fill,src/main/resources/qupath/ext/astra/launcher.css,1274,.tooltip,-fx-text-fill,#172431,#172431,generated-css-token,closed-generated,Keep launcher theme/state values routed through LauncherThemeTokens and generated launcher.tokens.css; CSS uses renderer-safe concrete opacity mirrors guarded by PipelineLauncherTest.,theme/state pixel sampling plus generated-token and opacity-allowlist source guards,Theme/state pass 5 routes launcher stylesheet colors through generated LauncherThemeTokens values; opacity values are renderer-safe CSS mirrors constrained by LauncherThemeTokens.CSS_OPACITY_VALUES.
GVT-0515,colors-theme-semantic-roles,css-color-border-fill,src/main/resources/qupath/ext/astra/launcher.css,1275,.tooltip,-fx-background-color,#fffdf4,#fffdf4,generated-css-token,closed-generated,Keep launcher theme/state values routed through LauncherThemeTokens and generated launcher.tokens.css; CSS uses renderer-safe concrete opacity mirrors guarded by PipelineLauncherTest.,theme/state pixel sampling plus generated-token and opacity-allowlist source guards,Theme/state pass 5 routes launcher stylesheet colors through generated LauncherThemeTokens values; opacity values are renderer-safe CSS mirrors constrained by LauncherThemeTokens.CSS_OPACITY_VALUES.
GVT-0516,colors-theme-semantic-roles,css-color-border-fill,src/main/resources/qupath/ext/astra/launcher.css,1276,.tooltip,-fx-border-color,#d7b653,#d7b653,generated-css-token,closed-generated,Keep launcher theme/state values routed through LauncherThemeTokens and generated launcher.tokens.css; CSS uses renderer-safe concrete opacity mirrors guarded by PipelineLauncherTest.,theme/state pixel sampling plus generated-token and opacity-allowlist source guards,Theme/state pass 5 routes launcher stylesheet colors through generated LauncherThemeTokens values; opacity values are renderer-safe CSS mirrors constrained by LauncherThemeTokens.CSS_OPACITY_VALUES.
GVT-0517,margins-padding-gaps-spacing,css-spacing-insets,src/main/resources/qupath/ext/astra/launcher.css,1278,.tooltip,-fx-padding,4px 8px 4px 8px,renderer-safe generated concrete CSS value derived from LauncherGeometryTokens,generated-css-token,closed-generated,Keep generated concrete CSS synchronized with LauncherGeometryTokens; staleness tests must fail on drift.,Generated-token staleness test plus JavaFX preview/parser smoke and affected-surface visual review.,CSS declaration now uses renderer-safe generated concrete values because JavaFX looked-up size values are not reliable for size properties.
GVT-0518,bevels-radii-arcs-tab-curvature,css-radius-arc,src/main/resources/qupath/ext/astra/launcher.css,1279,.tooltip,-fx-border-radius,5,renderer-safe generated concrete CSS value derived from LauncherGeometryTokens,generated-css-token,closed-generated,Keep generated concrete CSS synchronized with LauncherGeometryTokens; staleness tests must fail on drift.,Generated-token staleness test plus JavaFX preview/parser smoke and affected-surface visual review.,CSS declaration now uses renderer-safe generated concrete values because JavaFX looked-up size values are not reliable for size properties.
GVT-0519,bevels-radii-arcs-tab-curvature,css-radius-arc,src/main/resources/qupath/ext/astra/launcher.css,1280,.tooltip,-fx-background-radius,5,renderer-safe generated concrete CSS value derived from LauncherGeometryTokens,generated-css-token,closed-generated,Keep generated concrete CSS synchronized with LauncherGeometryTokens; staleness tests must fail on drift.,Generated-token staleness test plus JavaFX preview/parser smoke and affected-surface visual review.,CSS declaration now uses renderer-safe generated concrete values because JavaFX looked-up size values are not reliable for size properties.
GVT-0520,colors-theme-semantic-roles,css-color-border-fill,src/main/resources/qupath/ext/astra/launcher.css,1284,.astra-help-dialog-content,-fx-background-color,#f4f7f8,#f4f7f8,generated-css-token,closed-generated,Keep launcher theme/state values routed through LauncherThemeTokens and generated launcher.tokens.css; CSS uses renderer-safe concrete opacity mirrors guarded by PipelineLauncherTest.,theme/state pixel sampling plus generated-token and opacity-allowlist source guards,Theme/state pass 5 routes launcher stylesheet colors through generated LauncherThemeTokens values; opacity values are renderer-safe CSS mirrors constrained by LauncherThemeTokens.CSS_OPACITY_VALUES.
GVT-0521,typography-text-ink,css-font,src/main/resources/qupath/ext/astra/launcher.css,1289,.astra-help-title,-fx-font-size,22px,22px,generated-css-token,closed-generated,Keep renderer-safe concrete CSS synchronized with LauncherTypographyTokens; staleness tests must fail on drift.,Generated-token staleness test plus text-contract sweep alpha proof for affected rendered text surfaces.,"Typography pass 4 routes CSS font stack, size, and weight through LauncherTypographyTokens and launcher.tokens.css while keeping JavaFX-safe concrete CSS values."
GVT-0522,colors-theme-semantic-roles,css-color-border-fill,src/main/resources/qupath/ext/astra/launcher.css,1291,.astra-help-title,-fx-text-fill,#172431,#172431,generated-css-token,closed-generated,Keep launcher theme/state values routed through LauncherThemeTokens and generated launcher.tokens.css; CSS uses renderer-safe concrete opacity mirrors guarded by PipelineLauncherTest.,theme/state pixel sampling plus generated-token and opacity-allowlist source guards,Theme/state pass 5 routes launcher stylesheet colors through generated LauncherThemeTokens values; opacity values are renderer-safe CSS mirrors constrained by LauncherThemeTokens.CSS_OPACITY_VALUES.
GVT-0523,typography-text-ink,css-font,src/main/resources/qupath/ext/astra/launcher.css,1295,.astra-help-subtitle,-fx-font-size,11.5px,11.5px,generated-css-token,closed-generated,Keep renderer-safe concrete CSS synchronized with LauncherTypographyTokens; staleness tests must fail on drift.,Generated-token staleness test plus text-contract sweep alpha proof for affected rendered text surfaces.,"Typography pass 4 routes CSS font stack, size, and weight through LauncherTypographyTokens and launcher.tokens.css while keeping JavaFX-safe concrete CSS values."
GVT-0524,colors-theme-semantic-roles,css-color-border-fill,src/main/resources/qupath/ext/astra/launcher.css,1297,.astra-help-subtitle,-fx-text-fill,#5f7080,#5f7080,generated-css-token,closed-generated,Keep launcher theme/state values routed through LauncherThemeTokens and generated launcher.tokens.css; CSS uses renderer-safe concrete opacity mirrors guarded by PipelineLauncherTest.,theme/state pixel sampling plus generated-token and opacity-allowlist source guards,Theme/state pass 5 routes launcher stylesheet colors through generated LauncherThemeTokens values; opacity values are renderer-safe CSS mirrors constrained by LauncherThemeTokens.CSS_OPACITY_VALUES.
GVT-0525,colors-theme-semantic-roles,css-color-border-fill,src/main/resources/qupath/ext/astra/launcher.css,1301,.astra-help-summary-grid,-fx-background-color,#ffffff,#ffffff,generated-css-token,closed-generated,Keep launcher theme/state values routed through LauncherThemeTokens and generated launcher.tokens.css; CSS uses renderer-safe concrete opacity mirrors guarded by PipelineLauncherTest.,theme/state pixel sampling plus generated-token and opacity-allowlist source guards,Theme/state pass 5 routes launcher stylesheet colors through generated LauncherThemeTokens values; opacity values are renderer-safe CSS mirrors constrained by LauncherThemeTokens.CSS_OPACITY_VALUES.
GVT-0526,colors-theme-semantic-roles,css-color-border-fill,src/main/resources/qupath/ext/astra/launcher.css,1302,.astra-help-summary-grid,-fx-border-color,#c8dce1,#c8dce1,generated-css-token,closed-generated,Keep launcher theme/state values routed through LauncherThemeTokens and generated launcher.tokens.css; CSS uses renderer-safe concrete opacity mirrors guarded by PipelineLauncherTest.,theme/state pixel sampling plus generated-token and opacity-allowlist source guards,Theme/state pass 5 routes launcher stylesheet colors through generated LauncherThemeTokens values; opacity values are renderer-safe CSS mirrors constrained by LauncherThemeTokens.CSS_OPACITY_VALUES.
GVT-0527,bevels-radii-arcs-tab-curvature,css-radius-arc,src/main/resources/qupath/ext/astra/launcher.css,1303,.astra-help-summary-grid,-fx-border-radius,6,renderer-safe generated concrete CSS value derived from LauncherGeometryTokens,generated-css-token,closed-generated,Keep generated concrete CSS synchronized with LauncherGeometryTokens; staleness tests must fail on drift.,Generated-token staleness test plus JavaFX preview/parser smoke and affected-surface visual review.,CSS declaration now uses renderer-safe generated concrete values because JavaFX looked-up size values are not reliable for size properties.
GVT-0528,bevels-radii-arcs-tab-curvature,css-radius-arc,src/main/resources/qupath/ext/astra/launcher.css,1304,.astra-help-summary-grid,-fx-background-radius,6,renderer-safe generated concrete CSS value derived from LauncherGeometryTokens,generated-css-token,closed-generated,Keep generated concrete CSS synchronized with LauncherGeometryTokens; staleness tests must fail on drift.,Generated-token staleness test plus JavaFX preview/parser smoke and affected-surface visual review.,CSS declaration now uses renderer-safe generated concrete values because JavaFX looked-up size values are not reliable for size properties.
GVT-0529,typography-text-ink,css-font,src/main/resources/qupath/ext/astra/launcher.css,1308,.astra-help-summary-label,-fx-font-size,11px,11px,generated-css-token,closed-generated,Keep renderer-safe concrete CSS synchronized with LauncherTypographyTokens; staleness tests must fail on drift.,Generated-token staleness test plus text-contract sweep alpha proof for affected rendered text surfaces.,"Typography pass 4 routes CSS font stack, size, and weight through LauncherTypographyTokens and launcher.tokens.css while keeping JavaFX-safe concrete CSS values."
GVT-0530,colors-theme-semantic-roles,css-color-border-fill,src/main/resources/qupath/ext/astra/launcher.css,1310,.astra-help-summary-label,-fx-text-fill,#415866,#415866,generated-css-token,closed-generated,Keep launcher theme/state values routed through LauncherThemeTokens and generated launcher.tokens.css; CSS uses renderer-safe concrete opacity mirrors guarded by PipelineLauncherTest.,theme/state pixel sampling plus generated-token and opacity-allowlist source guards,Theme/state pass 5 routes launcher stylesheet colors through generated LauncherThemeTokens values; opacity values are renderer-safe CSS mirrors constrained by LauncherThemeTokens.CSS_OPACITY_VALUES.
GVT-0531,typography-text-ink,css-font,src/main/resources/qupath/ext/astra/launcher.css,1315,.astra-help-summary-value,-fx-font-size,11px,11px,generated-css-token,closed-generated,Keep renderer-safe concrete CSS synchronized with LauncherTypographyTokens; staleness tests must fail on drift.,Generated-token staleness test plus text-contract sweep alpha proof for affected rendered text surfaces.,"Typography pass 4 routes CSS font stack, size, and weight through LauncherTypographyTokens and launcher.tokens.css while keeping JavaFX-safe concrete CSS values."
GVT-0532,colors-theme-semantic-roles,css-color-border-fill,src/main/resources/qupath/ext/astra/launcher.css,1316,.astra-help-summary-value,-fx-text-fill,#172431,#172431,generated-css-token,closed-generated,Keep launcher theme/state values routed through LauncherThemeTokens and generated launcher.tokens.css; CSS uses renderer-safe concrete opacity mirrors guarded by PipelineLauncherTest.,theme/state pixel sampling plus generated-token and opacity-allowlist source guards,Theme/state pass 5 routes launcher stylesheet colors through generated LauncherThemeTokens values; opacity values are renderer-safe CSS mirrors constrained by LauncherThemeTokens.CSS_OPACITY_VALUES.
GVT-0533,typography-text-ink,css-font,src/main/resources/qupath/ext/astra/launcher.css,1320,.astra-help-section-title,-fx-font-size,12px,12px,generated-css-token,closed-generated,Keep renderer-safe concrete CSS synchronized with LauncherTypographyTokens; staleness tests must fail on drift.,Generated-token staleness test plus text-contract sweep alpha proof for affected rendered text surfaces.,"Typography pass 4 routes CSS font stack, size, and weight through LauncherTypographyTokens and launcher.tokens.css while keeping JavaFX-safe concrete CSS values."
GVT-0534,colors-theme-semantic-roles,css-color-border-fill,src/main/resources/qupath/ext/astra/launcher.css,1322,.astra-help-section-title,-fx-text-fill,#0d4f55,#0d4f55,generated-css-token,closed-generated,Keep launcher theme/state values routed through LauncherThemeTokens and generated launcher.tokens.css; CSS uses renderer-safe concrete opacity mirrors guarded by PipelineLauncherTest.,theme/state pixel sampling plus generated-token and opacity-allowlist source guards,Theme/state pass 5 routes launcher stylesheet colors through generated LauncherThemeTokens values; opacity values are renderer-safe CSS mirrors constrained by LauncherThemeTokens.CSS_OPACITY_VALUES.
GVT-0535,typography-text-ink,css-font,src/main/resources/qupath/ext/astra/launcher.css,1326,.astra-help-body,-fx-font-size,12px,12px,generated-css-token,closed-generated,Keep renderer-safe concrete CSS synchronized with LauncherTypographyTokens; staleness tests must fail on drift.,Generated-token staleness test plus text-contract sweep alpha proof for affected rendered text surfaces.,"Typography pass 4 routes CSS font stack, size, and weight through LauncherTypographyTokens and launcher.tokens.css while keeping JavaFX-safe concrete CSS values."
GVT-0536,colors-theme-semantic-roles,css-color-border-fill,src/main/resources/qupath/ext/astra/launcher.css,1327,.astra-help-body,-fx-text-fill,#172431,#172431,generated-css-token,closed-generated,Keep launcher theme/state values routed through LauncherThemeTokens and generated launcher.tokens.css; CSS uses renderer-safe concrete opacity mirrors guarded by PipelineLauncherTest.,theme/state pixel sampling plus generated-token and opacity-allowlist source guards,Theme/state pass 5 routes launcher stylesheet colors through generated LauncherThemeTokens values; opacity values are renderer-safe CSS mirrors constrained by LauncherThemeTokens.CSS_OPACITY_VALUES.
GVT-0537,colors-theme-semantic-roles,css-color-border-fill,src/main/resources/qupath/ext/astra/launcher.css,1331,.astra-help-details-shell,-fx-background-color,#f7fbfc,#f7fbfc,generated-css-token,closed-generated,Keep launcher theme/state values routed through LauncherThemeTokens and generated launcher.tokens.css; CSS uses renderer-safe concrete opacity mirrors guarded by PipelineLauncherTest.,theme/state pixel sampling plus generated-token and opacity-allowlist source guards,Theme/state pass 5 routes launcher stylesheet colors through generated LauncherThemeTokens values; opacity values are renderer-safe CSS mirrors constrained by LauncherThemeTokens.CSS_OPACITY_VALUES.
GVT-0538,colors-theme-semantic-roles,css-color-border-fill,src/main/resources/qupath/ext/astra/launcher.css,1332,.astra-help-details-shell,-fx-border-color,#7fa3ad,#7fa3ad,generated-css-token,closed-generated,Keep launcher theme/state values routed through LauncherThemeTokens and generated launcher.tokens.css; CSS uses renderer-safe concrete opacity mirrors guarded by PipelineLauncherTest.,theme/state pixel sampling plus generated-token and opacity-allowlist source guards,Theme/state pass 5 routes launcher stylesheet colors through generated LauncherThemeTokens values; opacity values are renderer-safe CSS mirrors constrained by LauncherThemeTokens.CSS_OPACITY_VALUES.
GVT-0539,bevels-radii-arcs-tab-curvature,css-radius-arc,src/main/resources/qupath/ext/astra/launcher.css,1333,.astra-help-details-shell,-fx-border-radius,7,renderer-safe generated concrete CSS value derived from LauncherGeometryTokens,generated-css-token,closed-generated,Keep generated concrete CSS synchronized with LauncherGeometryTokens; staleness tests must fail on drift.,Generated-token staleness test plus JavaFX preview/parser smoke and affected-surface visual review.,CSS declaration now uses renderer-safe generated concrete values because JavaFX looked-up size values are not reliable for size properties.
GVT-0540,bevels-radii-arcs-tab-curvature,css-radius-arc,src/main/resources/qupath/ext/astra/launcher.css,1334,.astra-help-details-shell,-fx-background-radius,7,renderer-safe generated concrete CSS value derived from LauncherGeometryTokens,generated-css-token,closed-generated,Keep generated concrete CSS synchronized with LauncherGeometryTokens; staleness tests must fail on drift.,Generated-token staleness test plus JavaFX preview/parser smoke and affected-surface visual review.,CSS declaration now uses renderer-safe generated concrete values because JavaFX looked-up size values are not reliable for size properties.
GVT-0541,opacity-translucency-disabled,css-effect,src/main/resources/qupath/ext/astra/launcher.css,1335,.astra-help-details-shell,-fx-effect,"dropshadow(gaussian, rgba(10, 47, 56, 0.08), 8, 0.16, 0, 1)","dropshadow(gaussian, rgba(10, 47, 56, 0.08), 8, 0.16, 0, 1)",generated-css-token,closed-generated,Keep launcher theme/state values routed through LauncherThemeTokens and generated launcher.tokens.css; CSS uses renderer-safe concrete opacity mirrors guarded by PipelineLauncherTest.,theme/state pixel sampling plus generated-token and opacity-allowlist source guards,Theme/state pass 5 routes launcher stylesheet colors through generated LauncherThemeTokens values; opacity values are renderer-safe CSS mirrors constrained by LauncherThemeTokens.CSS_OPACITY_VALUES.
GVT-0542,colors-theme-semantic-roles,css-color-border-fill,src/main/resources/qupath/ext/astra/launcher.css,1339,.astra-help-details-accent,-fx-background-color,"linear-gradient(to bottom, #16a39c, #0d4f55)","linear-gradient(to bottom, #16a39c, #0d4f55)",generated-css-token,closed-generated,Keep launcher theme/state values routed through LauncherThemeTokens and generated launcher.tokens.css; CSS uses renderer-safe concrete opacity mirrors guarded by PipelineLauncherTest.,theme/state pixel sampling plus generated-token and opacity-allowlist source guards,Theme/state pass 5 routes launcher stylesheet colors through generated LauncherThemeTokens values; opacity values are renderer-safe CSS mirrors constrained by LauncherThemeTokens.CSS_OPACITY_VALUES.
GVT-0543,bevels-radii-arcs-tab-curvature,css-radius-arc,src/main/resources/qupath/ext/astra/launcher.css,1340,.astra-help-details-accent,-fx-background-radius,7 0 0 7,renderer-safe generated concrete CSS value derived from LauncherGeometryTokens,generated-css-token,closed-generated,Keep generated concrete CSS synchronized with LauncherGeometryTokens; staleness tests must fail on drift.,Generated-token staleness test plus JavaFX preview/parser smoke and affected-surface visual review.,CSS declaration now uses renderer-safe generated concrete values because JavaFX looked-up size values are not reliable for size properties.
GVT-0544,colors-theme-semantic-roles,css-color-border-fill,src/main/resources/qupath/ext/astra/launcher.css,1344,.astra-help-details-scroll,-fx-background-color,#f7fbfc,#f7fbfc,generated-css-token,closed-generated,Keep launcher theme/state values routed through LauncherThemeTokens and generated launcher.tokens.css; CSS uses renderer-safe concrete opacity mirrors guarded by PipelineLauncherTest.,theme/state pixel sampling plus generated-token and opacity-allowlist source guards,Theme/state pass 5 routes launcher stylesheet colors through generated LauncherThemeTokens values; opacity values are renderer-safe CSS mirrors constrained by LauncherThemeTokens.CSS_OPACITY_VALUES.
GVT-0545,colors-theme-semantic-roles,css-color-border-fill,src/main/resources/qupath/ext/astra/launcher.css,1345,.astra-help-details-scroll,-fx-background,#f7fbfc,#f7fbfc,generated-css-token,closed-generated,Keep launcher theme/state values routed through LauncherThemeTokens and generated launcher.tokens.css; CSS uses renderer-safe concrete opacity mirrors guarded by PipelineLauncherTest.,theme/state pixel sampling plus generated-token and opacity-allowlist source guards,Theme/state pass 5 routes launcher stylesheet colors through generated LauncherThemeTokens values; opacity values are renderer-safe CSS mirrors constrained by LauncherThemeTokens.CSS_OPACITY_VALUES.
GVT-0546,margins-padding-gaps-spacing,css-spacing-insets,src/main/resources/qupath/ext/astra/launcher.css,1346,.astra-help-details-scroll,-fx-padding,0,renderer-safe generated concrete CSS value derived from LauncherGeometryTokens,generated-css-token,closed-generated,Keep generated concrete CSS synchronized with LauncherGeometryTokens; staleness tests must fail on drift.,Generated-token staleness test plus JavaFX preview/parser smoke and affected-surface visual review.,CSS declaration now uses renderer-safe generated concrete values because JavaFX looked-up size values are not reliable for size properties.
GVT-0547,colors-theme-semantic-roles,css-color-border-fill,src/main/resources/qupath/ext/astra/launcher.css,1350,.astra-help-details-scroll > .viewport,-fx-background-color,#f7fbfc,#f7fbfc,generated-css-token,closed-generated,Keep launcher theme/state values routed through LauncherThemeTokens and generated launcher.tokens.css; CSS uses renderer-safe concrete opacity mirrors guarded by PipelineLauncherTest.,theme/state pixel sampling plus generated-token and opacity-allowlist source guards,Theme/state pass 5 routes launcher stylesheet colors through generated LauncherThemeTokens values; opacity values are renderer-safe CSS mirrors constrained by LauncherThemeTokens.CSS_OPACITY_VALUES.
GVT-0548,colors-theme-semantic-roles,css-color-border-fill,src/main/resources/qupath/ext/astra/launcher.css,1354,.astra-help-details-cards,-fx-background-color,#f7fbfc,#f7fbfc,generated-css-token,closed-generated,Keep launcher theme/state values routed through LauncherThemeTokens and generated launcher.tokens.css; CSS uses renderer-safe concrete opacity mirrors guarded by PipelineLauncherTest.,theme/state pixel sampling plus generated-token and opacity-allowlist source guards,Theme/state pass 5 routes launcher stylesheet colors through generated LauncherThemeTokens values; opacity values are renderer-safe CSS mirrors constrained by LauncherThemeTokens.CSS_OPACITY_VALUES.
GVT-0549,colors-theme-semantic-roles,css-color-border-fill,src/main/resources/qupath/ext/astra/launcher.css,1358,.astra-help-detail-card,-fx-background-color,#ffffff,#ffffff,generated-css-token,closed-generated,Keep launcher theme/state values routed through LauncherThemeTokens and generated launcher.tokens.css; CSS uses renderer-safe concrete opacity mirrors guarded by PipelineLauncherTest.,theme/state pixel sampling plus generated-token and opacity-allowlist source guards,Theme/state pass 5 routes launcher stylesheet colors through generated LauncherThemeTokens values; opacity values are renderer-safe CSS mirrors constrained by LauncherThemeTokens.CSS_OPACITY_VALUES.
GVT-0550,colors-theme-semantic-roles,css-color-border-fill,src/main/resources/qupath/ext/astra/launcher.css,1359,.astra-help-detail-card,-fx-border-color,#d2e3e7,#d2e3e7,generated-css-token,closed-generated,Keep launcher theme/state values routed through LauncherThemeTokens and generated launcher.tokens.css; CSS uses renderer-safe concrete opacity mirrors guarded by PipelineLauncherTest.,theme/state pixel sampling plus generated-token and opacity-allowlist source guards,Theme/state pass 5 routes launcher stylesheet colors through generated LauncherThemeTokens values; opacity values are renderer-safe CSS mirrors constrained by LauncherThemeTokens.CSS_OPACITY_VALUES.
GVT-0551,bevels-radii-arcs-tab-curvature,css-radius-arc,src/main/resources/qupath/ext/astra/launcher.css,1360,.astra-help-detail-card,-fx-background-radius,6,renderer-safe generated concrete CSS value derived from LauncherGeometryTokens,generated-css-token,closed-generated,Keep generated concrete CSS synchronized with LauncherGeometryTokens; staleness tests must fail on drift.,Generated-token staleness test plus JavaFX preview/parser smoke and affected-surface visual review.,CSS declaration now uses renderer-safe generated concrete values because JavaFX looked-up size values are not reliable for size properties.
GVT-0552,bevels-radii-arcs-tab-curvature,css-radius-arc,src/main/resources/qupath/ext/astra/launcher.css,1361,.astra-help-detail-card,-fx-border-radius,6,renderer-safe generated concrete CSS value derived from LauncherGeometryTokens,generated-css-token,closed-generated,Keep generated concrete CSS synchronized with LauncherGeometryTokens; staleness tests must fail on drift.,Generated-token staleness test plus JavaFX preview/parser smoke and affected-surface visual review.,CSS declaration now uses renderer-safe generated concrete values because JavaFX looked-up size values are not reliable for size properties.
GVT-0553,typography-text-ink,css-font,src/main/resources/qupath/ext/astra/launcher.css,1365,.astra-help-detail-card-title,-fx-font-size,12px,12px,generated-css-token,closed-generated,Keep renderer-safe concrete CSS synchronized with LauncherTypographyTokens; staleness tests must fail on drift.,Generated-token staleness test plus text-contract sweep alpha proof for affected rendered text surfaces.,"Typography pass 4 routes CSS font stack, size, and weight through LauncherTypographyTokens and launcher.tokens.css while keeping JavaFX-safe concrete CSS values."
GVT-0554,colors-theme-semantic-roles,css-color-border-fill,src/main/resources/qupath/ext/astra/launcher.css,1367,.astra-help-detail-card-title,-fx-text-fill,#0d4f55,#0d4f55,generated-css-token,closed-generated,Keep launcher theme/state values routed through LauncherThemeTokens and generated launcher.tokens.css; CSS uses renderer-safe concrete opacity mirrors guarded by PipelineLauncherTest.,theme/state pixel sampling plus generated-token and opacity-allowlist source guards,Theme/state pass 5 routes launcher stylesheet colors through generated LauncherThemeTokens values; opacity values are renderer-safe CSS mirrors constrained by LauncherThemeTokens.CSS_OPACITY_VALUES.
GVT-0555,typography-text-ink,css-font,src/main/resources/qupath/ext/astra/launcher.css,1371,.astra-help-detail-card-body,-fx-font-size,12px,12px,generated-css-token,closed-generated,Keep renderer-safe concrete CSS synchronized with LauncherTypographyTokens; staleness tests must fail on drift.,Generated-token staleness test plus text-contract sweep alpha proof for affected rendered text surfaces.,"Typography pass 4 routes CSS font stack, size, and weight through LauncherTypographyTokens and launcher.tokens.css while keeping JavaFX-safe concrete CSS values."
GVT-0556,colors-theme-semantic-roles,css-color-border-fill,src/main/resources/qupath/ext/astra/launcher.css,1372,.astra-help-detail-card-body,-fx-text-fill,#172431,#172431,generated-css-token,closed-generated,Keep launcher theme/state values routed through LauncherThemeTokens and generated launcher.tokens.css; CSS uses renderer-safe concrete opacity mirrors guarded by PipelineLauncherTest.,theme/state pixel sampling plus generated-token and opacity-allowlist source guards,Theme/state pass 5 routes launcher stylesheet colors through generated LauncherThemeTokens values; opacity values are renderer-safe CSS mirrors constrained by LauncherThemeTokens.CSS_OPACITY_VALUES.
GVT-0557,margins-padding-gaps-spacing,css-spacing-insets,src/main/resources/qupath/ext/astra/launcher.css,1373,.astra-help-detail-card-body,-fx-line-spacing,2,renderer-safe generated concrete CSS value derived from LauncherGeometryTokens,generated-css-token,closed-generated,Keep generated concrete CSS synchronized with LauncherGeometryTokens; staleness tests must fail on drift.,Generated-token staleness test plus JavaFX preview/parser smoke and affected-surface visual review.,CSS declaration now uses renderer-safe generated concrete values because JavaFX looked-up size values are not reliable for size properties.
GVT-0558,typography-text-ink,css-font,src/main/resources/qupath/ext/astra/launcher.css,1377,.astra-dialog-body,-fx-font-size,12px,12px,generated-css-token,closed-generated,Keep renderer-safe concrete CSS synchronized with LauncherTypographyTokens; staleness tests must fail on drift.,Generated-token staleness test plus text-contract sweep alpha proof for affected rendered text surfaces.,"Typography pass 4 routes CSS font stack, size, and weight through LauncherTypographyTokens and launcher.tokens.css while keeping JavaFX-safe concrete CSS values."
GVT-0559,colors-theme-semantic-roles,css-color-border-fill,src/main/resources/qupath/ext/astra/launcher.css,1379,.astra-dialog-body,-fx-text-fill,#172431,#172431,generated-css-token,closed-generated,Keep launcher theme/state values routed through LauncherThemeTokens and generated launcher.tokens.css; CSS uses renderer-safe concrete opacity mirrors guarded by PipelineLauncherTest.,theme/state pixel sampling plus generated-token and opacity-allowlist source guards,Theme/state pass 5 routes launcher stylesheet colors through generated LauncherThemeTokens values; opacity values are renderer-safe CSS mirrors constrained by LauncherThemeTokens.CSS_OPACITY_VALUES.
GVT-0560,typography-text-ink,css-font,src/main/resources/qupath/ext/astra/launcher.css,1383,.astra-dialog-muted,-fx-font-size,11px,11px,generated-css-token,closed-generated,Keep renderer-safe concrete CSS synchronized with LauncherTypographyTokens; staleness tests must fail on drift.,Generated-token staleness test plus text-contract sweep alpha proof for affected rendered text surfaces.,"Typography pass 4 routes CSS font stack, size, and weight through LauncherTypographyTokens and launcher.tokens.css while keeping JavaFX-safe concrete CSS values."
GVT-0561,colors-theme-semantic-roles,css-color-border-fill,src/main/resources/qupath/ext/astra/launcher.css,1385,.astra-dialog-muted,-fx-text-fill,#415866,#415866,generated-css-token,closed-generated,Keep launcher theme/state values routed through LauncherThemeTokens and generated launcher.tokens.css; CSS uses renderer-safe concrete opacity mirrors guarded by PipelineLauncherTest.,theme/state pixel sampling plus generated-token and opacity-allowlist source guards,Theme/state pass 5 routes launcher stylesheet colors through generated LauncherThemeTokens values; opacity values are renderer-safe CSS mirrors constrained by LauncherThemeTokens.CSS_OPACITY_VALUES.
GVT-0562,typography-text-ink,css-font,src/main/resources/qupath/ext/astra/launcher.css,1389,.astra-dialog-error,-fx-font-size,11px,11px,generated-css-token,closed-generated,Keep renderer-safe concrete CSS synchronized with LauncherTypographyTokens; staleness tests must fail on drift.,Generated-token staleness test plus text-contract sweep alpha proof for affected rendered text surfaces.,"Typography pass 4 routes CSS font stack, size, and weight through LauncherTypographyTokens and launcher.tokens.css while keeping JavaFX-safe concrete CSS values."
GVT-0563,colors-theme-semantic-roles,css-color-border-fill,src/main/resources/qupath/ext/astra/launcher.css,1390,.astra-dialog-error,-fx-text-fill,#9b3126,#9b3126,generated-css-token,closed-generated,Keep launcher theme/state values routed through LauncherThemeTokens and generated launcher.tokens.css; CSS uses renderer-safe concrete opacity mirrors guarded by PipelineLauncherTest.,theme/state pixel sampling plus generated-token and opacity-allowlist source guards,Theme/state pass 5 routes launcher stylesheet colors through generated LauncherThemeTokens values; opacity values are renderer-safe CSS mirrors constrained by LauncherThemeTokens.CSS_OPACITY_VALUES.
GVT-0564,typography-text-ink,css-font,src/main/resources/qupath/ext/astra/launcher.css,1394,.astra-dialog-section-title,-fx-font-size,12px,12px,generated-css-token,closed-generated,Keep renderer-safe concrete CSS synchronized with LauncherTypographyTokens; staleness tests must fail on drift.,Generated-token staleness test plus text-contract sweep alpha proof for affected rendered text surfaces.,"Typography pass 4 routes CSS font stack, size, and weight through LauncherTypographyTokens and launcher.tokens.css while keeping JavaFX-safe concrete CSS values."
GVT-0565,colors-theme-semantic-roles,css-color-border-fill,src/main/resources/qupath/ext/astra/launcher.css,1396,.astra-dialog-section-title,-fx-text-fill,#172431,#172431,generated-css-token,closed-generated,Keep launcher theme/state values routed through LauncherThemeTokens and generated launcher.tokens.css; CSS uses renderer-safe concrete opacity mirrors guarded by PipelineLauncherTest.,theme/state pixel sampling plus generated-token and opacity-allowlist source guards,Theme/state pass 5 routes launcher stylesheet colors through generated LauncherThemeTokens values; opacity values are renderer-safe CSS mirrors constrained by LauncherThemeTokens.CSS_OPACITY_VALUES.
GVT-0566,colors-theme-semantic-roles,css-color-border-fill,src/main/resources/qupath/ext/astra/launcher.css,1400,.astra-channel-panel,-fx-background-color,#fff8df,#fff8df,generated-css-token,closed-generated,Keep launcher theme/state values routed through LauncherThemeTokens and generated launcher.tokens.css; CSS uses renderer-safe concrete opacity mirrors guarded by PipelineLauncherTest.,theme/state pixel sampling plus generated-token and opacity-allowlist source guards,Theme/state pass 5 routes launcher stylesheet colors through generated LauncherThemeTokens values; opacity values are renderer-safe CSS mirrors constrained by LauncherThemeTokens.CSS_OPACITY_VALUES.
GVT-0567,colors-theme-semantic-roles,css-color-border-fill,src/main/resources/qupath/ext/astra/launcher.css,1401,.astra-channel-panel,-fx-border-color,#f2b800,#f2b800,generated-css-token,closed-generated,Keep launcher theme/state values routed through LauncherThemeTokens and generated launcher.tokens.css; CSS uses renderer-safe concrete opacity mirrors guarded by PipelineLauncherTest.,theme/state pixel sampling plus generated-token and opacity-allowlist source guards,Theme/state pass 5 routes launcher stylesheet colors through generated LauncherThemeTokens values; opacity values are renderer-safe CSS mirrors constrained by LauncherThemeTokens.CSS_OPACITY_VALUES.
GVT-0568,bevels-radii-arcs-tab-curvature,css-radius-arc,src/main/resources/qupath/ext/astra/launcher.css,1402,.astra-channel-panel,-fx-border-radius,7,renderer-safe generated concrete CSS value derived from LauncherGeometryTokens,generated-css-token,closed-generated,Keep generated concrete CSS synchronized with LauncherGeometryTokens; staleness tests must fail on drift.,Generated-token staleness test plus JavaFX preview/parser smoke and affected-surface visual review.,CSS declaration now uses renderer-safe generated concrete values because JavaFX looked-up size values are not reliable for size properties.
GVT-0569,bevels-radii-arcs-tab-curvature,css-radius-arc,src/main/resources/qupath/ext/astra/launcher.css,1403,.astra-channel-panel,-fx-background-radius,7,renderer-safe generated concrete CSS value derived from LauncherGeometryTokens,generated-css-token,closed-generated,Keep generated concrete CSS synchronized with LauncherGeometryTokens; staleness tests must fail on drift.,Generated-token staleness test plus JavaFX preview/parser smoke and affected-surface visual review.,CSS declaration now uses renderer-safe generated concrete values because JavaFX looked-up size values are not reliable for size properties.
GVT-0570,typography-text-ink,css-font,src/main/resources/qupath/ext/astra/launcher.css,1407,.astra-channel-panel-title,-fx-font-size,14px,14px,generated-css-token,closed-generated,Keep renderer-safe concrete CSS synchronized with LauncherTypographyTokens; staleness tests must fail on drift.,Generated-token staleness test plus text-contract sweep alpha proof for affected rendered text surfaces.,"Typography pass 4 routes CSS font stack, size, and weight through LauncherTypographyTokens and launcher.tokens.css while keeping JavaFX-safe concrete CSS values."
GVT-0571,colors-theme-semantic-roles,css-color-border-fill,src/main/resources/qupath/ext/astra/launcher.css,1409,.astra-channel-panel-title,-fx-text-fill,#6f5200,#6f5200,generated-css-token,closed-generated,Keep launcher theme/state values routed through LauncherThemeTokens and generated launcher.tokens.css; CSS uses renderer-safe concrete opacity mirrors guarded by PipelineLauncherTest.,theme/state pixel sampling plus generated-token and opacity-allowlist source guards,Theme/state pass 5 routes launcher stylesheet colors through generated LauncherThemeTokens values; opacity values are renderer-safe CSS mirrors constrained by LauncherThemeTokens.CSS_OPACITY_VALUES.
GVT-0572,typography-text-ink,css-font,src/main/resources/qupath/ext/astra/launcher.css,1413,.astra-channel-panel-empty,-fx-font-size,12px,12px,generated-css-token,closed-generated,Keep renderer-safe concrete CSS synchronized with LauncherTypographyTokens; staleness tests must fail on drift.,Generated-token staleness test plus text-contract sweep alpha proof for affected rendered text surfaces.,"Typography pass 4 routes CSS font stack, size, and weight through LauncherTypographyTokens and launcher.tokens.css while keeping JavaFX-safe concrete CSS values."
GVT-0573,colors-theme-semantic-roles,css-color-border-fill,src/main/resources/qupath/ext/astra/launcher.css,1414,.astra-channel-panel-empty,-fx-text-fill,#725f2a,#725f2a,generated-css-token,closed-generated,Keep launcher theme/state values routed through LauncherThemeTokens and generated launcher.tokens.css; CSS uses renderer-safe concrete opacity mirrors guarded by PipelineLauncherTest.,theme/state pixel sampling plus generated-token and opacity-allowlist source guards,Theme/state pass 5 routes launcher stylesheet colors through generated LauncherThemeTokens values; opacity values are renderer-safe CSS mirrors constrained by LauncherThemeTokens.CSS_OPACITY_VALUES.
GVT-0574,margins-padding-gaps-spacing,css-spacing-insets,src/main/resources/qupath/ext/astra/launcher.css,1418,.astra-channel-panel-chips,-fx-padding,2 0 0 0,renderer-safe generated concrete CSS value derived from LauncherGeometryTokens,generated-css-token,closed-generated,Keep generated concrete CSS synchronized with LauncherGeometryTokens; staleness tests must fail on drift.,Generated-token staleness test plus JavaFX preview/parser smoke and affected-surface visual review.,CSS declaration now uses renderer-safe generated concrete values because JavaFX looked-up size values are not reliable for size properties.
GVT-0575,colors-theme-semantic-roles,css-color-border-fill,src/main/resources/qupath/ext/astra/launcher.css,1423,.astra-channel-chip,-fx-border-color,#e1d2a1,#e1d2a1,generated-css-token,closed-generated,Keep launcher theme/state values routed through LauncherThemeTokens and generated launcher.tokens.css; CSS uses renderer-safe concrete opacity mirrors guarded by PipelineLauncherTest.,theme/state pixel sampling plus generated-token and opacity-allowlist source guards,Theme/state pass 5 routes launcher stylesheet colors through generated LauncherThemeTokens values; opacity values are renderer-safe CSS mirrors constrained by LauncherThemeTokens.CSS_OPACITY_VALUES.
GVT-0576,bevels-radii-arcs-tab-curvature,css-radius-arc,src/main/resources/qupath/ext/astra/launcher.css,1424,.astra-channel-chip,-fx-border-radius,14,renderer-safe generated concrete CSS value derived from LauncherGeometryTokens,generated-css-token,closed-generated,Keep generated concrete CSS synchronized with LauncherGeometryTokens; staleness tests must fail on drift.,Generated-token staleness test plus JavaFX preview/parser smoke and affected-surface visual review.,CSS declaration now uses renderer-safe generated concrete values because JavaFX looked-up size values are not reliable for size properties.
GVT-0577,bevels-radii-arcs-tab-curvature,css-radius-arc,src/main/resources/qupath/ext/astra/launcher.css,1425,.astra-channel-chip,-fx-background-radius,14,renderer-safe generated concrete CSS value derived from LauncherGeometryTokens,generated-css-token,closed-generated,Keep generated concrete CSS synchronized with LauncherGeometryTokens; staleness tests must fail on drift.,Generated-token staleness test plus JavaFX preview/parser smoke and affected-surface visual review.,CSS declaration now uses renderer-safe generated concrete values because JavaFX looked-up size values are not reliable for size properties.
GVT-0578,typography-text-ink,css-font,src/main/resources/qupath/ext/astra/launcher.css,1429,.astra-channel-chip-name,-fx-font-size,12px,12px,generated-css-token,closed-generated,Keep renderer-safe concrete CSS synchronized with LauncherTypographyTokens; staleness tests must fail on drift.,Generated-token staleness test plus text-contract sweep alpha proof for affected rendered text surfaces.,"Typography pass 4 routes CSS font stack, size, and weight through LauncherTypographyTokens and launcher.tokens.css while keeping JavaFX-safe concrete CSS values."
GVT-0579,colors-theme-semantic-roles,css-color-border-fill,src/main/resources/qupath/ext/astra/launcher.css,1431,.astra-channel-chip-name,-fx-text-fill,#24323a,#24323a,generated-css-token,closed-generated,Keep launcher theme/state values routed through LauncherThemeTokens and generated launcher.tokens.css; CSS uses renderer-safe concrete opacity mirrors guarded by PipelineLauncherTest.,theme/state pixel sampling plus generated-token and opacity-allowlist source guards,Theme/state pass 5 routes launcher stylesheet colors through generated LauncherThemeTokens values; opacity values are renderer-safe CSS mirrors constrained by LauncherThemeTokens.CSS_OPACITY_VALUES.
GVT-0580,colors-theme-semantic-roles,css-color-border-fill,src/main/resources/qupath/ext/astra/launcher.css,1437,.astra-dialog-pane,-fx-background-color,#f4f7f8,#f4f7f8,generated-css-token,closed-generated,Keep launcher theme/state values routed through LauncherThemeTokens and generated launcher.tokens.css; CSS uses renderer-safe concrete opacity mirrors guarded by PipelineLauncherTest.,theme/state pixel sampling plus generated-token and opacity-allowlist source guards,Theme/state pass 5 routes launcher stylesheet colors through generated LauncherThemeTokens values; opacity values are renderer-safe CSS mirrors constrained by LauncherThemeTokens.CSS_OPACITY_VALUES.
GVT-0581,colors-theme-semantic-roles,css-color-border-fill,src/main/resources/qupath/ext/astra/launcher.css,1444,.astra-dialog-pane .header-panel,-fx-background-color,#f4f7f8,#f4f7f8,generated-css-token,closed-generated,Keep launcher theme/state values routed through LauncherThemeTokens and generated launcher.tokens.css; CSS uses renderer-safe concrete opacity mirrors guarded by PipelineLauncherTest.,theme/state pixel sampling plus generated-token and opacity-allowlist source guards,Theme/state pass 5 routes launcher stylesheet colors through generated LauncherThemeTokens values; opacity values are renderer-safe CSS mirrors constrained by LauncherThemeTokens.CSS_OPACITY_VALUES.
GVT-0582,typography-text-ink,css-font,src/main/resources/qupath/ext/astra/launcher.css,1449,.astra-dialog-pane .header-panel .label,-fx-font-size,20px,20px,generated-css-token,closed-generated,Keep renderer-safe concrete CSS synchronized with LauncherTypographyTokens; staleness tests must fail on drift.,Generated-token staleness test plus text-contract sweep alpha proof for affected rendered text surfaces.,"Typography pass 4 routes CSS font stack, size, and weight through LauncherTypographyTokens and launcher.tokens.css while keeping JavaFX-safe concrete CSS values."
GVT-0583,colors-theme-semantic-roles,css-color-border-fill,src/main/resources/qupath/ext/astra/launcher.css,1451,.astra-dialog-pane .header-panel .label,-fx-text-fill,#172431,#172431,generated-css-token,closed-generated,Keep launcher theme/state values routed through LauncherThemeTokens and generated launcher.tokens.css; CSS uses renderer-safe concrete opacity mirrors guarded by PipelineLauncherTest.,theme/state pixel sampling plus generated-token and opacity-allowlist source guards,Theme/state pass 5 routes launcher stylesheet colors through generated LauncherThemeTokens values; opacity values are renderer-safe CSS mirrors constrained by LauncherThemeTokens.CSS_OPACITY_VALUES.
GVT-0584,colors-theme-semantic-roles,css-color-border-fill,src/main/resources/qupath/ext/astra/launcher.css,1456,.astra-dialog-pane .content.label,-fx-text-fill,#172431,#172431,generated-css-token,closed-generated,Keep launcher theme/state values routed through LauncherThemeTokens and generated launcher.tokens.css; CSS uses renderer-safe concrete opacity mirrors guarded by PipelineLauncherTest.,theme/state pixel sampling plus generated-token and opacity-allowlist source guards,Theme/state pass 5 routes launcher stylesheet colors through generated LauncherThemeTokens values; opacity values are renderer-safe CSS mirrors constrained by LauncherThemeTokens.CSS_OPACITY_VALUES.
GVT-0585,colors-theme-semantic-roles,css-color-border-fill,src/main/resources/qupath/ext/astra/launcher.css,1461,.check-box.astra-checkbox,-fx-text-fill,#172431,#172431,generated-css-token,closed-generated,Keep launcher theme/state values routed through LauncherThemeTokens and generated launcher.tokens.css; CSS uses renderer-safe concrete opacity mirrors guarded by PipelineLauncherTest.,theme/state pixel sampling plus generated-token and opacity-allowlist source guards,Theme/state pass 5 routes launcher stylesheet colors through generated LauncherThemeTokens values; opacity values are renderer-safe CSS mirrors constrained by LauncherThemeTokens.CSS_OPACITY_VALUES.
GVT-0586,colors-theme-semantic-roles,css-color-border-fill,src/main/resources/qupath/ext/astra/launcher.css,1465,.check-box.astra-checkbox .box,-fx-background-color,#fbfdfe,#fbfdfe,generated-css-token,closed-generated,Keep launcher theme/state values routed through LauncherThemeTokens and generated launcher.tokens.css; CSS uses renderer-safe concrete opacity mirrors guarded by PipelineLauncherTest.,theme/state pixel sampling plus generated-token and opacity-allowlist source guards,Theme/state pass 5 routes launcher stylesheet colors through generated LauncherThemeTokens values; opacity values are renderer-safe CSS mirrors constrained by LauncherThemeTokens.CSS_OPACITY_VALUES.
GVT-0587,colors-theme-semantic-roles,css-color-border-fill,src/main/resources/qupath/ext/astra/launcher.css,1466,.check-box.astra-checkbox .box,-fx-border-color,#7fa3ad,#7fa3ad,generated-css-token,closed-generated,Keep launcher theme/state values routed through LauncherThemeTokens and generated launcher.tokens.css; CSS uses renderer-safe concrete opacity mirrors guarded by PipelineLauncherTest.,theme/state pixel sampling plus generated-token and opacity-allowlist source guards,Theme/state pass 5 routes launcher stylesheet colors through generated LauncherThemeTokens values; opacity values are renderer-safe CSS mirrors constrained by LauncherThemeTokens.CSS_OPACITY_VALUES.
GVT-0588,bevels-radii-arcs-tab-curvature,css-radius-arc,src/main/resources/qupath/ext/astra/launcher.css,1467,.check-box.astra-checkbox .box,-fx-border-radius,4,renderer-safe generated concrete CSS value derived from LauncherGeometryTokens,generated-css-token,closed-generated,Keep generated concrete CSS synchronized with LauncherGeometryTokens; staleness tests must fail on drift.,Generated-token staleness test plus JavaFX preview/parser smoke and affected-surface visual review.,CSS declaration now uses renderer-safe generated concrete values because JavaFX looked-up size values are not reliable for size properties.
GVT-0589,bevels-radii-arcs-tab-curvature,css-radius-arc,src/main/resources/qupath/ext/astra/launcher.css,1468,.check-box.astra-checkbox .box,-fx-background-radius,4,renderer-safe generated concrete CSS value derived from LauncherGeometryTokens,generated-css-token,closed-generated,Keep generated concrete CSS synchronized with LauncherGeometryTokens; staleness tests must fail on drift.,Generated-token staleness test plus JavaFX preview/parser smoke and affected-surface visual review.,CSS declaration now uses renderer-safe generated concrete values because JavaFX looked-up size values are not reliable for size properties.
GVT-0590,colors-theme-semantic-roles,css-color-border-fill,src/main/resources/qupath/ext/astra/launcher.css,1472,.check-box.astra-checkbox:selected .mark,-fx-background-color,#0d4f55,#0d4f55,generated-css-token,closed-generated,Keep launcher theme/state values routed through LauncherThemeTokens and generated launcher.tokens.css; CSS uses renderer-safe concrete opacity mirrors guarded by PipelineLauncherTest.,theme/state pixel sampling plus generated-token and opacity-allowlist source guards,Theme/state pass 5 routes launcher stylesheet colors through generated LauncherThemeTokens values; opacity values are renderer-safe CSS mirrors constrained by LauncherThemeTokens.CSS_OPACITY_VALUES.
GVT-0591,typography-text-ink,css-font,src/main/resources/qupath/ext/astra/launcher.css,1477,.astra-dialog-pane .button,-fx-font-size,12px,12px,generated-css-token,closed-generated,Keep renderer-safe concrete CSS synchronized with LauncherTypographyTokens; staleness tests must fail on drift.,Generated-token staleness test plus text-contract sweep alpha proof for affected rendered text surfaces.,"Typography pass 4 routes CSS font stack, size, and weight through LauncherTypographyTokens and launcher.tokens.css while keeping JavaFX-safe concrete CSS values."
GVT-0592,colors-theme-semantic-roles,css-color-border-fill,src/main/resources/qupath/ext/astra/launcher.css,1479,.astra-dialog-pane .button,-fx-background-color,#f9fcfd,#f9fcfd,generated-css-token,closed-generated,Keep launcher theme/state values routed through LauncherThemeTokens and generated launcher.tokens.css; CSS uses renderer-safe concrete opacity mirrors guarded by PipelineLauncherTest.,theme/state pixel sampling plus generated-token and opacity-allowlist source guards,Theme/state pass 5 routes launcher stylesheet colors through generated LauncherThemeTokens values; opacity values are renderer-safe CSS mirrors constrained by LauncherThemeTokens.CSS_OPACITY_VALUES.
GVT-0593,colors-theme-semantic-roles,css-color-border-fill,src/main/resources/qupath/ext/astra/launcher.css,1480,.astra-dialog-pane .button,-fx-text-fill,#0d4f55,#0d4f55,generated-css-token,closed-generated,Keep launcher theme/state values routed through LauncherThemeTokens and generated launcher.tokens.css; CSS uses renderer-safe concrete opacity mirrors guarded by PipelineLauncherTest.,theme/state pixel sampling plus generated-token and opacity-allowlist source guards,Theme/state pass 5 routes launcher stylesheet colors through generated LauncherThemeTokens values; opacity values are renderer-safe CSS mirrors constrained by LauncherThemeTokens.CSS_OPACITY_VALUES.
GVT-0594,colors-theme-semantic-roles,css-color-border-fill,src/main/resources/qupath/ext/astra/launcher.css,1481,.astra-dialog-pane .button,-fx-border-color,#b9cdd3,#b9cdd3,generated-css-token,closed-generated,Keep launcher theme/state values routed through LauncherThemeTokens and generated launcher.tokens.css; CSS uses renderer-safe concrete opacity mirrors guarded by PipelineLauncherTest.,theme/state pixel sampling plus generated-token and opacity-allowlist source guards,Theme/state pass 5 routes launcher stylesheet colors through generated LauncherThemeTokens values; opacity values are renderer-safe CSS mirrors constrained by LauncherThemeTokens.CSS_OPACITY_VALUES.
GVT-0595,bevels-radii-arcs-tab-curvature,css-radius-arc,src/main/resources/qupath/ext/astra/launcher.css,1482,.astra-dialog-pane .button,-fx-border-radius,5,renderer-safe generated concrete CSS value derived from LauncherGeometryTokens,generated-css-token,closed-generated,Keep generated concrete CSS synchronized with LauncherGeometryTokens; staleness tests must fail on drift.,Generated-token staleness test plus JavaFX preview/parser smoke and affected-surface visual review.,CSS declaration now uses renderer-safe generated concrete values because JavaFX looked-up size values are not reliable for size properties.
GVT-0596,bevels-radii-arcs-tab-curvature,css-radius-arc,src/main/resources/qupath/ext/astra/launcher.css,1483,.astra-dialog-pane .button,-fx-background-radius,5,renderer-safe generated concrete CSS value derived from LauncherGeometryTokens,generated-css-token,closed-generated,Keep generated concrete CSS synchronized with LauncherGeometryTokens; staleness tests must fail on drift.,Generated-token staleness test plus JavaFX preview/parser smoke and affected-surface visual review.,CSS declaration now uses renderer-safe generated concrete values because JavaFX looked-up size values are not reliable for size properties.
GVT-0597,colors-theme-semantic-roles,css-color-border-fill,src/main/resources/qupath/ext/astra/launcher.css,1487,.astra-output-pane,-fx-background-color,#062938,#062938,generated-css-token,closed-generated,Keep launcher theme/state values routed through LauncherThemeTokens and generated launcher.tokens.css; CSS uses renderer-safe concrete opacity mirrors guarded by PipelineLauncherTest.,theme/state pixel sampling plus generated-token and opacity-allowlist source guards,Theme/state pass 5 routes launcher stylesheet colors through generated LauncherThemeTokens values; opacity values are renderer-safe CSS mirrors constrained by LauncherThemeTokens.CSS_OPACITY_VALUES.
GVT-0598,colors-theme-semantic-roles,css-color-border-fill,src/main/resources/qupath/ext/astra/launcher.css,1488,.astra-output-pane,-fx-border-color,#1f6071,#1f6071,generated-css-token,closed-generated,Keep launcher theme/state values routed through LauncherThemeTokens and generated launcher.tokens.css; CSS uses renderer-safe concrete opacity mirrors guarded by PipelineLauncherTest.,theme/state pixel sampling plus generated-token and opacity-allowlist source guards,Theme/state pass 5 routes launcher stylesheet colors through generated LauncherThemeTokens values; opacity values are renderer-safe CSS mirrors constrained by LauncherThemeTokens.CSS_OPACITY_VALUES.
GVT-0599,bevels-radii-arcs-tab-curvature,css-radius-arc,src/main/resources/qupath/ext/astra/launcher.css,1489,.astra-output-pane,-fx-border-radius,8,renderer-safe generated concrete CSS value derived from LauncherGeometryTokens,generated-css-token,closed-generated,Keep generated concrete CSS synchronized with LauncherGeometryTokens; staleness tests must fail on drift.,Generated-token staleness test plus JavaFX preview/parser smoke and affected-surface visual review.,CSS declaration now uses renderer-safe generated concrete values because JavaFX looked-up size values are not reliable for size properties.
GVT-0600,bevels-radii-arcs-tab-curvature,css-radius-arc,src/main/resources/qupath/ext/astra/launcher.css,1490,.astra-output-pane,-fx-background-radius,8,renderer-safe generated concrete CSS value derived from LauncherGeometryTokens,generated-css-token,closed-generated,Keep generated concrete CSS synchronized with LauncherGeometryTokens; staleness tests must fail on drift.,Generated-token staleness test plus JavaFX preview/parser smoke and affected-surface visual review.,CSS declaration now uses renderer-safe generated concrete values because JavaFX looked-up size values are not reliable for size properties.
GVT-0601,opacity-translucency-disabled,css-effect,src/main/resources/qupath/ext/astra/launcher.css,1491,.astra-output-pane,-fx-effect,"dropshadow(gaussian, rgba(6, 28, 39, 0.26), 12, 0.2, 0, 2)","dropshadow(gaussian, rgba(6, 28, 39, 0.26), 12, 0.2, 0, 2)",generated-css-token,closed-generated,Keep launcher theme/state values routed through LauncherThemeTokens and generated launcher.tokens.css; CSS uses renderer-safe concrete opacity mirrors guarded by PipelineLauncherTest.,theme/state pixel sampling plus generated-token and opacity-allowlist source guards,Theme/state pass 5 routes launcher stylesheet colors through generated LauncherThemeTokens values; opacity values are renderer-safe CSS mirrors constrained by LauncherThemeTokens.CSS_OPACITY_VALUES.
GVT-0602,colors-theme-semantic-roles,css-color-border-fill,src/main/resources/qupath/ext/astra/launcher.css,1495,.astra-animated-gradient-header,-fx-background-color,#0d2430,#0d2430,generated-css-token,closed-generated,Keep launcher theme/state values routed through LauncherThemeTokens and generated launcher.tokens.css; CSS uses renderer-safe concrete opacity mirrors guarded by PipelineLauncherTest.,theme/state pixel sampling plus generated-token and opacity-allowlist source guards,Theme/state pass 5 routes launcher stylesheet colors through generated LauncherThemeTokens values; opacity values are renderer-safe CSS mirrors constrained by LauncherThemeTokens.CSS_OPACITY_VALUES.
GVT-0603,colors-theme-semantic-roles,css-color-border-fill,src/main/resources/qupath/ext/astra/launcher.css,1496,.astra-animated-gradient-header,-fx-border-color,#375f6c,#375f6c,generated-css-token,closed-generated,Keep launcher theme/state values routed through LauncherThemeTokens and generated launcher.tokens.css; CSS uses renderer-safe concrete opacity mirrors guarded by PipelineLauncherTest.,theme/state pixel sampling plus generated-token and opacity-allowlist source guards,Theme/state pass 5 routes launcher stylesheet colors through generated LauncherThemeTokens values; opacity values are renderer-safe CSS mirrors constrained by LauncherThemeTokens.CSS_OPACITY_VALUES.
GVT-0604,bevels-radii-arcs-tab-curvature,css-radius-arc,src/main/resources/qupath/ext/astra/launcher.css,1497,.astra-animated-gradient-header,-fx-border-radius,6,renderer-safe generated concrete CSS value derived from LauncherGeometryTokens,generated-css-token,closed-generated,Keep generated concrete CSS synchronized with LauncherGeometryTokens; staleness tests must fail on drift.,Generated-token staleness test plus JavaFX preview/parser smoke and affected-surface visual review.,CSS declaration now uses renderer-safe generated concrete values because JavaFX looked-up size values are not reliable for size properties.
GVT-0605,bevels-radii-arcs-tab-curvature,css-radius-arc,src/main/resources/qupath/ext/astra/launcher.css,1498,.astra-animated-gradient-header,-fx-background-radius,6,renderer-safe generated concrete CSS value derived from LauncherGeometryTokens,generated-css-token,closed-generated,Keep generated concrete CSS synchronized with LauncherGeometryTokens; staleness tests must fail on drift.,Generated-token staleness test plus JavaFX preview/parser smoke and affected-surface visual review.,CSS declaration now uses renderer-safe generated concrete values because JavaFX looked-up size values are not reliable for size properties.
GVT-0606,margins-padding-gaps-spacing,css-spacing-insets,src/main/resources/qupath/ext/astra/launcher.css,1506,.astra-output-header,-fx-padding,2 0 8 0,renderer-safe generated concrete CSS value derived from LauncherGeometryTokens,generated-css-token,closed-generated,Keep generated concrete CSS synchronized with LauncherGeometryTokens; staleness tests must fail on drift.,Generated-token staleness test plus JavaFX preview/parser smoke and affected-surface visual review.,CSS declaration now uses renderer-safe generated concrete values because JavaFX looked-up size values are not reliable for size properties.
GVT-0607,typography-text-ink,css-font,src/main/resources/qupath/ext/astra/launcher.css,1510,.astra-output-status,-fx-font-size,13px,13px,generated-css-token,closed-generated,Keep renderer-safe concrete CSS synchronized with LauncherTypographyTokens; staleness tests must fail on drift.,Generated-token staleness test plus text-contract sweep alpha proof for affected rendered text surfaces.,"Typography pass 4 routes CSS font stack, size, and weight through LauncherTypographyTokens and launcher.tokens.css while keeping JavaFX-safe concrete CSS values."
GVT-0608,colors-theme-semantic-roles,css-color-border-fill,src/main/resources/qupath/ext/astra/launcher.css,1516,.astra-output-status-warning,-fx-text-fill,#ffe0a3,#ffe0a3,generated-css-token,closed-generated,Keep launcher theme/state values routed through LauncherThemeTokens and generated launcher.tokens.css; CSS uses renderer-safe concrete opacity mirrors guarded by PipelineLauncherTest.,theme/state pixel sampling plus generated-token and opacity-allowlist source guards,Theme/state pass 5 routes launcher stylesheet colors through generated LauncherThemeTokens values; opacity values are renderer-safe CSS mirrors constrained by LauncherThemeTokens.CSS_OPACITY_VALUES.
GVT-0609,colors-theme-semantic-roles,css-color-border-fill,src/main/resources/qupath/ext/astra/launcher.css,1520,.astra-output-status-success,-fx-text-fill,#bdf2d0,#bdf2d0,generated-css-token,closed-generated,Keep launcher theme/state values routed through LauncherThemeTokens and generated launcher.tokens.css; CSS uses renderer-safe concrete opacity mirrors guarded by PipelineLauncherTest.,theme/state pixel sampling plus generated-token and opacity-allowlist source guards,Theme/state pass 5 routes launcher stylesheet colors through generated LauncherThemeTokens values; opacity values are renderer-safe CSS mirrors constrained by LauncherThemeTokens.CSS_OPACITY_VALUES.
GVT-0610,colors-theme-semantic-roles,css-color-border-fill,src/main/resources/qupath/ext/astra/launcher.css,1524,.astra-output-status-error,-fx-text-fill,#ffb8aa,#ffb8aa,generated-css-token,closed-generated,Keep launcher theme/state values routed through LauncherThemeTokens and generated launcher.tokens.css; CSS uses renderer-safe concrete opacity mirrors guarded by PipelineLauncherTest.,theme/state pixel sampling plus generated-token and opacity-allowlist source guards,Theme/state pass 5 routes launcher stylesheet colors through generated LauncherThemeTokens values; opacity values are renderer-safe CSS mirrors constrained by LauncherThemeTokens.CSS_OPACITY_VALUES.
GVT-0611,colors-theme-semantic-roles,css-color-border-fill,src/main/resources/qupath/ext/astra/launcher.css,1528,.astra-log-view,-fx-background-color,#061720,#061720,generated-css-token,closed-generated,Keep launcher theme/state values routed through LauncherThemeTokens and generated launcher.tokens.css; CSS uses renderer-safe concrete opacity mirrors guarded by PipelineLauncherTest.,theme/state pixel sampling plus generated-token and opacity-allowlist source guards,Theme/state pass 5 routes launcher stylesheet colors through generated LauncherThemeTokens values; opacity values are renderer-safe CSS mirrors constrained by LauncherThemeTokens.CSS_OPACITY_VALUES.
GVT-0612,colors-theme-semantic-roles,css-color-border-fill,src/main/resources/qupath/ext/astra/launcher.css,1529,.astra-log-view,-fx-border-color,#355b69,#355b69,generated-css-token,closed-generated,Keep launcher theme/state values routed through LauncherThemeTokens and generated launcher.tokens.css; CSS uses renderer-safe concrete opacity mirrors guarded by PipelineLauncherTest.,theme/state pixel sampling plus generated-token and opacity-allowlist source guards,Theme/state pass 5 routes launcher stylesheet colors through generated LauncherThemeTokens values; opacity values are renderer-safe CSS mirrors constrained by LauncherThemeTokens.CSS_OPACITY_VALUES.
GVT-0613,bevels-radii-arcs-tab-curvature,css-radius-arc,src/main/resources/qupath/ext/astra/launcher.css,1530,.astra-log-view,-fx-border-radius,6,renderer-safe generated concrete CSS value derived from LauncherGeometryTokens,generated-css-token,closed-generated,Keep generated concrete CSS synchronized with LauncherGeometryTokens; staleness tests must fail on drift.,Generated-token staleness test plus JavaFX preview/parser smoke and affected-surface visual review.,CSS declaration now uses renderer-safe generated concrete values because JavaFX looked-up size values are not reliable for size properties.
GVT-0614,bevels-radii-arcs-tab-curvature,css-radius-arc,src/main/resources/qupath/ext/astra/launcher.css,1531,.astra-log-view,-fx-background-radius,6,renderer-safe generated concrete CSS value derived from LauncherGeometryTokens,generated-css-token,closed-generated,Keep generated concrete CSS synchronized with LauncherGeometryTokens; staleness tests must fail on drift.,Generated-token staleness test plus JavaFX preview/parser smoke and affected-surface visual review.,CSS declaration now uses renderer-safe generated concrete values because JavaFX looked-up size values are not reliable for size properties.
GVT-0615,colors-theme-semantic-roles,css-color-border-fill,src/main/resources/qupath/ext/astra/launcher.css,1535,.astra-log-status-card,-fx-background-color,#0d2430,#0d2430,generated-css-token,closed-generated,Keep launcher theme/state values routed through LauncherThemeTokens and generated launcher.tokens.css; CSS uses renderer-safe concrete opacity mirrors guarded by PipelineLauncherTest.,theme/state pixel sampling plus generated-token and opacity-allowlist source guards,Theme/state pass 5 routes launcher stylesheet colors through generated LauncherThemeTokens values; opacity values are renderer-safe CSS mirrors constrained by LauncherThemeTokens.CSS_OPACITY_VALUES.
GVT-0616,colors-theme-semantic-roles,css-color-border-fill,src/main/resources/qupath/ext/astra/launcher.css,1536,.astra-log-status-card,-fx-border-color,#375f6c,#375f6c,generated-css-token,closed-generated,Keep launcher theme/state values routed through LauncherThemeTokens and generated launcher.tokens.css; CSS uses renderer-safe concrete opacity mirrors guarded by PipelineLauncherTest.,theme/state pixel sampling plus generated-token and opacity-allowlist source guards,Theme/state pass 5 routes launcher stylesheet colors through generated LauncherThemeTokens values; opacity values are renderer-safe CSS mirrors constrained by LauncherThemeTokens.CSS_OPACITY_VALUES.
GVT-0617,bevels-radii-arcs-tab-curvature,css-radius-arc,src/main/resources/qupath/ext/astra/launcher.css,1537,.astra-log-status-card,-fx-border-radius,6,renderer-safe generated concrete CSS value derived from LauncherGeometryTokens,generated-css-token,closed-generated,Keep generated concrete CSS synchronized with LauncherGeometryTokens; staleness tests must fail on drift.,Generated-token staleness test plus JavaFX preview/parser smoke and affected-surface visual review.,CSS declaration now uses renderer-safe generated concrete values because JavaFX looked-up size values are not reliable for size properties.
GVT-0618,bevels-radii-arcs-tab-curvature,css-radius-arc,src/main/resources/qupath/ext/astra/launcher.css,1538,.astra-log-status-card,-fx-background-radius,6,renderer-safe generated concrete CSS value derived from LauncherGeometryTokens,generated-css-token,closed-generated,Keep generated concrete CSS synchronized with LauncherGeometryTokens; staleness tests must fail on drift.,Generated-token staleness test plus JavaFX preview/parser smoke and affected-surface visual review.,CSS declaration now uses renderer-safe generated concrete values because JavaFX looked-up size values are not reliable for size properties.
GVT-0619,typography-text-ink,css-font,src/main/resources/qupath/ext/astra/launcher.css,1542,.astra-log-status-title,-fx-font-size,12.5px,12.5px,generated-css-token,closed-generated,Keep renderer-safe concrete CSS synchronized with LauncherTypographyTokens; staleness tests must fail on drift.,Generated-token staleness test plus text-contract sweep alpha proof for affected rendered text surfaces.,"Typography pass 4 routes CSS font stack, size, and weight through LauncherTypographyTokens and launcher.tokens.css while keeping JavaFX-safe concrete CSS values."
GVT-0620,colors-theme-semantic-roles,css-color-border-fill,src/main/resources/qupath/ext/astra/launcher.css,1544,.astra-log-status-title,-fx-text-fill,#ecfbf7,#ecfbf7,generated-css-token,closed-generated,Keep launcher theme/state values routed through LauncherThemeTokens and generated launcher.tokens.css; CSS uses renderer-safe concrete opacity mirrors guarded by PipelineLauncherTest.,theme/state pixel sampling plus generated-token and opacity-allowlist source guards,Theme/state pass 5 routes launcher stylesheet colors through generated LauncherThemeTokens values; opacity values are renderer-safe CSS mirrors constrained by LauncherThemeTokens.CSS_OPACITY_VALUES.
GVT-0621,typography-text-ink,css-font,src/main/resources/qupath/ext/astra/launcher.css,1548,.astra-log-status-detail,-fx-font-size,11px,11px,generated-css-token,closed-generated,Keep renderer-safe concrete CSS synchronized with LauncherTypographyTokens; staleness tests must fail on drift.,Generated-token staleness test plus text-contract sweep alpha proof for affected rendered text surfaces.,"Typography pass 4 routes CSS font stack, size, and weight through LauncherTypographyTokens and launcher.tokens.css while keeping JavaFX-safe concrete CSS values."
GVT-0622,colors-theme-semantic-roles,css-color-border-fill,src/main/resources/qupath/ext/astra/launcher.css,1550,.astra-log-status-detail,-fx-text-fill,#a9c8ce,#a9c8ce,generated-css-token,closed-generated,Keep launcher theme/state values routed through LauncherThemeTokens and generated launcher.tokens.css; CSS uses renderer-safe concrete opacity mirrors guarded by PipelineLauncherTest.,theme/state pixel sampling plus generated-token and opacity-allowlist source guards,Theme/state pass 5 routes launcher stylesheet colors through generated LauncherThemeTokens values; opacity values are renderer-safe CSS mirrors constrained by LauncherThemeTokens.CSS_OPACITY_VALUES.
GVT-0623,typography-text-ink,css-font,src/main/resources/qupath/ext/astra/launcher.css,1554,.astra-log-source-tab,-fx-font-size,10.5px,10.5px,generated-css-token,closed-generated,Keep renderer-safe concrete CSS synchronized with LauncherTypographyTokens; staleness tests must fail on drift.,Generated-token staleness test plus text-contract sweep alpha proof for affected rendered text surfaces.,"Typography pass 4 routes CSS font stack, size, and weight through LauncherTypographyTokens and launcher.tokens.css while keeping JavaFX-safe concrete CSS values."
GVT-0624,colors-theme-semantic-roles,css-color-border-fill,src/main/resources/qupath/ext/astra/launcher.css,1556,.astra-log-source-tab,-fx-text-fill,#061720,#061720,generated-css-token,closed-generated,Keep launcher theme/state values routed through LauncherThemeTokens and generated launcher.tokens.css; CSS uses renderer-safe concrete opacity mirrors guarded by PipelineLauncherTest.,theme/state pixel sampling plus generated-token and opacity-allowlist source guards,Theme/state pass 5 routes launcher stylesheet colors through generated LauncherThemeTokens values; opacity values are renderer-safe CSS mirrors constrained by LauncherThemeTokens.CSS_OPACITY_VALUES.
GVT-0625,margins-padding-gaps-spacing,css-spacing-insets,src/main/resources/qupath/ext/astra/launcher.css,1557,.astra-log-source-tab,-fx-padding,3 9 3 9,renderer-safe generated concrete CSS value derived from LauncherGeometryTokens,generated-css-token,closed-generated,Keep generated concrete CSS synchronized with LauncherGeometryTokens; staleness tests must fail on drift.,Generated-token staleness test plus JavaFX preview/parser smoke and affected-surface visual review.,CSS declaration now uses renderer-safe generated concrete values because JavaFX looked-up size values are not reliable for size properties.
GVT-0626,bevels-radii-arcs-tab-curvature,css-radius-arc,src/main/resources/qupath/ext/astra/launcher.css,1558,.astra-log-source-tab,-fx-background-radius,5 5 0 0,renderer-safe generated concrete CSS value derived from LauncherGeometryTokens,generated-css-token,closed-generated,Keep generated concrete CSS synchronized with LauncherGeometryTokens; staleness tests must fail on drift.,Generated-token staleness test plus JavaFX preview/parser smoke and affected-surface visual review.,CSS declaration now uses renderer-safe generated concrete values because JavaFX looked-up size values are not reliable for size properties.
GVT-0627,bevels-radii-arcs-tab-curvature,css-radius-arc,src/main/resources/qupath/ext/astra/launcher.css,1559,.astra-log-source-tab,-fx-border-radius,5 5 0 0,renderer-safe generated concrete CSS value derived from LauncherGeometryTokens,generated-css-token,closed-generated,Keep generated concrete CSS synchronized with LauncherGeometryTokens; staleness tests must fail on drift.,Generated-token staleness test plus JavaFX preview/parser smoke and affected-surface visual review.,CSS declaration now uses renderer-safe generated concrete values because JavaFX looked-up size values are not reliable for size properties.
GVT-0628,bevels-radii-arcs-tab-curvature,css-radius-arc,src/main/resources/qupath/ext/astra/launcher.css,1563,.astra-log-source-block,-fx-border-radius,6,renderer-safe generated concrete CSS value derived from LauncherGeometryTokens,generated-css-token,closed-generated,Keep generated concrete CSS synchronized with LauncherGeometryTokens; staleness tests must fail on drift.,Generated-token staleness test plus JavaFX preview/parser smoke and affected-surface visual review.,CSS declaration now uses renderer-safe generated concrete values because JavaFX looked-up size values are not reliable for size properties.
GVT-0629,bevels-radii-arcs-tab-curvature,css-radius-arc,src/main/resources/qupath/ext/astra/launcher.css,1564,.astra-log-source-block,-fx-background-radius,6,renderer-safe generated concrete CSS value derived from LauncherGeometryTokens,generated-css-token,closed-generated,Keep generated concrete CSS synchronized with LauncherGeometryTokens; staleness tests must fail on drift.,Generated-token staleness test plus JavaFX preview/parser smoke and affected-surface visual review.,CSS declaration now uses renderer-safe generated concrete values because JavaFX looked-up size values are not reliable for size properties.
GVT-0630,colors-theme-semantic-roles,css-color-border-fill,src/main/resources/qupath/ext/astra/launcher.css,1568,.astra-log-source-astra.astra-log-source-tab,-fx-background-color,#64d7c7,#64d7c7,generated-css-token,closed-generated,Keep launcher theme/state values routed through LauncherThemeTokens and generated launcher.tokens.css; CSS uses renderer-safe concrete opacity mirrors guarded by PipelineLauncherTest.,theme/state pixel sampling plus generated-token and opacity-allowlist source guards,Theme/state pass 5 routes launcher stylesheet colors through generated LauncherThemeTokens values; opacity values are renderer-safe CSS mirrors constrained by LauncherThemeTokens.CSS_OPACITY_VALUES.
GVT-0631,colors-theme-semantic-roles,css-color-border-fill,src/main/resources/qupath/ext/astra/launcher.css,1569,.astra-log-source-astra.astra-log-source-tab,-fx-border-color,#2f8077,#2f8077,generated-css-token,closed-generated,Keep launcher theme/state values routed through LauncherThemeTokens and generated launcher.tokens.css; CSS uses renderer-safe concrete opacity mirrors guarded by PipelineLauncherTest.,theme/state pixel sampling plus generated-token and opacity-allowlist source guards,Theme/state pass 5 routes launcher stylesheet colors through generated LauncherThemeTokens values; opacity values are renderer-safe CSS mirrors constrained by LauncherThemeTokens.CSS_OPACITY_VALUES.
GVT-0632,colors-theme-semantic-roles,css-color-border-fill,src/main/resources/qupath/ext/astra/launcher.css,1573,.astra-log-source-astra.astra-log-source-block,-fx-background-color,#0c2a2d,#0c2a2d,generated-css-token,closed-generated,Keep launcher theme/state values routed through LauncherThemeTokens and generated launcher.tokens.css; CSS uses renderer-safe concrete opacity mirrors guarded by PipelineLauncherTest.,theme/state pixel sampling plus generated-token and opacity-allowlist source guards,Theme/state pass 5 routes launcher stylesheet colors through generated LauncherThemeTokens values; opacity values are renderer-safe CSS mirrors constrained by LauncherThemeTokens.CSS_OPACITY_VALUES.
GVT-0633,colors-theme-semantic-roles,css-color-border-fill,src/main/resources/qupath/ext/astra/launcher.css,1574,.astra-log-source-astra.astra-log-source-block,-fx-border-color,#2f8077,#2f8077,generated-css-token,closed-generated,Keep launcher theme/state values routed through LauncherThemeTokens and generated launcher.tokens.css; CSS uses renderer-safe concrete opacity mirrors guarded by PipelineLauncherTest.,theme/state pixel sampling plus generated-token and opacity-allowlist source guards,Theme/state pass 5 routes launcher stylesheet colors through generated LauncherThemeTokens values; opacity values are renderer-safe CSS mirrors constrained by LauncherThemeTokens.CSS_OPACITY_VALUES.
GVT-0634,colors-theme-semantic-roles,css-color-border-fill,src/main/resources/qupath/ext/astra/launcher.css,1578,.astra-log-source-qupath.astra-log-source-tab,-fx-background-color,#9fc4ff,#9fc4ff,generated-css-token,closed-generated,Keep launcher theme/state values routed through LauncherThemeTokens and generated launcher.tokens.css; CSS uses renderer-safe concrete opacity mirrors guarded by PipelineLauncherTest.,theme/state pixel sampling plus generated-token and opacity-allowlist source guards,Theme/state pass 5 routes launcher stylesheet colors through generated LauncherThemeTokens values; opacity values are renderer-safe CSS mirrors constrained by LauncherThemeTokens.CSS_OPACITY_VALUES.
GVT-0635,colors-theme-semantic-roles,css-color-border-fill,src/main/resources/qupath/ext/astra/launcher.css,1579,.astra-log-source-qupath.astra-log-source-tab,-fx-border-color,#4e6f9d,#4e6f9d,generated-css-token,closed-generated,Keep launcher theme/state values routed through LauncherThemeTokens and generated launcher.tokens.css; CSS uses renderer-safe concrete opacity mirrors guarded by PipelineLauncherTest.,theme/state pixel sampling plus generated-token and opacity-allowlist source guards,Theme/state pass 5 routes launcher stylesheet colors through generated LauncherThemeTokens values; opacity values are renderer-safe CSS mirrors constrained by LauncherThemeTokens.CSS_OPACITY_VALUES.
GVT-0636,colors-theme-semantic-roles,css-color-border-fill,src/main/resources/qupath/ext/astra/launcher.css,1583,.astra-log-source-qupath.astra-log-source-block,-fx-background-color,#0d2235,#0d2235,generated-css-token,closed-generated,Keep launcher theme/state values routed through LauncherThemeTokens and generated launcher.tokens.css; CSS uses renderer-safe concrete opacity mirrors guarded by PipelineLauncherTest.,theme/state pixel sampling plus generated-token and opacity-allowlist source guards,Theme/state pass 5 routes launcher stylesheet colors through generated LauncherThemeTokens values; opacity values are renderer-safe CSS mirrors constrained by LauncherThemeTokens.CSS_OPACITY_VALUES.
GVT-0637,colors-theme-semantic-roles,css-color-border-fill,src/main/resources/qupath/ext/astra/launcher.css,1584,.astra-log-source-qupath.astra-log-source-block,-fx-border-color,#4e6f9d,#4e6f9d,generated-css-token,closed-generated,Keep launcher theme/state values routed through LauncherThemeTokens and generated launcher.tokens.css; CSS uses renderer-safe concrete opacity mirrors guarded by PipelineLauncherTest.,theme/state pixel sampling plus generated-token and opacity-allowlist source guards,Theme/state pass 5 routes launcher stylesheet colors through generated LauncherThemeTokens values; opacity values are renderer-safe CSS mirrors constrained by LauncherThemeTokens.CSS_OPACITY_VALUES.
GVT-0638,colors-theme-semantic-roles,css-color-border-fill,src/main/resources/qupath/ext/astra/launcher.css,1588,.astra-log-source-cellpose.astra-log-source-tab,-fx-background-color,#c5adff,#c5adff,generated-css-token,closed-generated,Keep launcher theme/state values routed through LauncherThemeTokens and generated launcher.tokens.css; CSS uses renderer-safe concrete opacity mirrors guarded by PipelineLauncherTest.,theme/state pixel sampling plus generated-token and opacity-allowlist source guards,Theme/state pass 5 routes launcher stylesheet colors through generated LauncherThemeTokens values; opacity values are renderer-safe CSS mirrors constrained by LauncherThemeTokens.CSS_OPACITY_VALUES.
GVT-0639,colors-theme-semantic-roles,css-color-border-fill,src/main/resources/qupath/ext/astra/launcher.css,1589,.astra-log-source-cellpose.astra-log-source-tab,-fx-border-color,#755fa6,#755fa6,generated-css-token,closed-generated,Keep launcher theme/state values routed through LauncherThemeTokens and generated launcher.tokens.css; CSS uses renderer-safe concrete opacity mirrors guarded by PipelineLauncherTest.,theme/state pixel sampling plus generated-token and opacity-allowlist source guards,Theme/state pass 5 routes launcher stylesheet colors through generated LauncherThemeTokens values; opacity values are renderer-safe CSS mirrors constrained by LauncherThemeTokens.CSS_OPACITY_VALUES.
GVT-0640,colors-theme-semantic-roles,css-color-border-fill,src/main/resources/qupath/ext/astra/launcher.css,1593,.astra-log-source-cellpose.astra-log-source-block,-fx-background-color,#191f37,#191f37,generated-css-token,closed-generated,Keep launcher theme/state values routed through LauncherThemeTokens and generated launcher.tokens.css; CSS uses renderer-safe concrete opacity mirrors guarded by PipelineLauncherTest.,theme/state pixel sampling plus generated-token and opacity-allowlist source guards,Theme/state pass 5 routes launcher stylesheet colors through generated LauncherThemeTokens values; opacity values are renderer-safe CSS mirrors constrained by LauncherThemeTokens.CSS_OPACITY_VALUES.
GVT-0641,colors-theme-semantic-roles,css-color-border-fill,src/main/resources/qupath/ext/astra/launcher.css,1594,.astra-log-source-cellpose.astra-log-source-block,-fx-border-color,#755fa6,#755fa6,generated-css-token,closed-generated,Keep launcher theme/state values routed through LauncherThemeTokens and generated launcher.tokens.css; CSS uses renderer-safe concrete opacity mirrors guarded by PipelineLauncherTest.,theme/state pixel sampling plus generated-token and opacity-allowlist source guards,Theme/state pass 5 routes launcher stylesheet colors through generated LauncherThemeTokens values; opacity values are renderer-safe CSS mirrors constrained by LauncherThemeTokens.CSS_OPACITY_VALUES.
GVT-0642,colors-theme-semantic-roles,css-color-border-fill,src/main/resources/qupath/ext/astra/launcher.css,1598,.astra-log-source-python.astra-log-source-tab,-fx-background-color,#f5cf75,#f5cf75,generated-css-token,closed-generated,Keep launcher theme/state values routed through LauncherThemeTokens and generated launcher.tokens.css; CSS uses renderer-safe concrete opacity mirrors guarded by PipelineLauncherTest.,theme/state pixel sampling plus generated-token and opacity-allowlist source guards,Theme/state pass 5 routes launcher stylesheet colors through generated LauncherThemeTokens values; opacity values are renderer-safe CSS mirrors constrained by LauncherThemeTokens.CSS_OPACITY_VALUES.
GVT-0643,colors-theme-semantic-roles,css-color-border-fill,src/main/resources/qupath/ext/astra/launcher.css,1599,.astra-log-source-python.astra-log-source-tab,-fx-border-color,#967234,#967234,generated-css-token,closed-generated,Keep launcher theme/state values routed through LauncherThemeTokens and generated launcher.tokens.css; CSS uses renderer-safe concrete opacity mirrors guarded by PipelineLauncherTest.,theme/state pixel sampling plus generated-token and opacity-allowlist source guards,Theme/state pass 5 routes launcher stylesheet colors through generated LauncherThemeTokens values; opacity values are renderer-safe CSS mirrors constrained by LauncherThemeTokens.CSS_OPACITY_VALUES.
GVT-0644,colors-theme-semantic-roles,css-color-border-fill,src/main/resources/qupath/ext/astra/launcher.css,1603,.astra-log-source-python.astra-log-source-block,-fx-background-color,#2c2412,#2c2412,generated-css-token,closed-generated,Keep launcher theme/state values routed through LauncherThemeTokens and generated launcher.tokens.css; CSS uses renderer-safe concrete opacity mirrors guarded by PipelineLauncherTest.,theme/state pixel sampling plus generated-token and opacity-allowlist source guards,Theme/state pass 5 routes launcher stylesheet colors through generated LauncherThemeTokens values; opacity values are renderer-safe CSS mirrors constrained by LauncherThemeTokens.CSS_OPACITY_VALUES.
GVT-0645,colors-theme-semantic-roles,css-color-border-fill,src/main/resources/qupath/ext/astra/launcher.css,1604,.astra-log-source-python.astra-log-source-block,-fx-border-color,#967234,#967234,generated-css-token,closed-generated,Keep launcher theme/state values routed through LauncherThemeTokens and generated launcher.tokens.css; CSS uses renderer-safe concrete opacity mirrors guarded by PipelineLauncherTest.,theme/state pixel sampling plus generated-token and opacity-allowlist source guards,Theme/state pass 5 routes launcher stylesheet colors through generated LauncherThemeTokens values; opacity values are renderer-safe CSS mirrors constrained by LauncherThemeTokens.CSS_OPACITY_VALUES.
GVT-0646,colors-theme-semantic-roles,css-color-border-fill,src/main/resources/qupath/ext/astra/launcher.css,1608,.astra-log-source-script.astra-log-source-tab,-fx-background-color,#b9c7cf,#b9c7cf,generated-css-token,closed-generated,Keep launcher theme/state values routed through LauncherThemeTokens and generated launcher.tokens.css; CSS uses renderer-safe concrete opacity mirrors guarded by PipelineLauncherTest.,theme/state pixel sampling plus generated-token and opacity-allowlist source guards,Theme/state pass 5 routes launcher stylesheet colors through generated LauncherThemeTokens values; opacity values are renderer-safe CSS mirrors constrained by LauncherThemeTokens.CSS_OPACITY_VALUES.
GVT-0647,colors-theme-semantic-roles,css-color-border-fill,src/main/resources/qupath/ext/astra/launcher.css,1609,.astra-log-source-script.astra-log-source-tab,-fx-border-color,#61727b,#61727b,generated-css-token,closed-generated,Keep launcher theme/state values routed through LauncherThemeTokens and generated launcher.tokens.css; CSS uses renderer-safe concrete opacity mirrors guarded by PipelineLauncherTest.,theme/state pixel sampling plus generated-token and opacity-allowlist source guards,Theme/state pass 5 routes launcher stylesheet colors through generated LauncherThemeTokens values; opacity values are renderer-safe CSS mirrors constrained by LauncherThemeTokens.CSS_OPACITY_VALUES.
GVT-0648,colors-theme-semantic-roles,css-color-border-fill,src/main/resources/qupath/ext/astra/launcher.css,1613,.astra-log-source-script.astra-log-source-block,-fx-background-color,#172630,#172630,generated-css-token,closed-generated,Keep launcher theme/state values routed through LauncherThemeTokens and generated launcher.tokens.css; CSS uses renderer-safe concrete opacity mirrors guarded by PipelineLauncherTest.,theme/state pixel sampling plus generated-token and opacity-allowlist source guards,Theme/state pass 5 routes launcher stylesheet colors through generated LauncherThemeTokens values; opacity values are renderer-safe CSS mirrors constrained by LauncherThemeTokens.CSS_OPACITY_VALUES.
GVT-0649,colors-theme-semantic-roles,css-color-border-fill,src/main/resources/qupath/ext/astra/launcher.css,1614,.astra-log-source-script.astra-log-source-block,-fx-border-color,#61727b,#61727b,generated-css-token,closed-generated,Keep launcher theme/state values routed through LauncherThemeTokens and generated launcher.tokens.css; CSS uses renderer-safe concrete opacity mirrors guarded by PipelineLauncherTest.,theme/state pixel sampling plus generated-token and opacity-allowlist source guards,Theme/state pass 5 routes launcher stylesheet colors through generated LauncherThemeTokens values; opacity values are renderer-safe CSS mirrors constrained by LauncherThemeTokens.CSS_OPACITY_VALUES.
GVT-0650,colors-theme-semantic-roles,css-color-border-fill,src/main/resources/qupath/ext/astra/launcher.css,1618,.astra-log-source-system.astra-log-source-tab,-fx-background-color,#9ee0b8,#9ee0b8,generated-css-token,closed-generated,Keep launcher theme/state values routed through LauncherThemeTokens and generated launcher.tokens.css; CSS uses renderer-safe concrete opacity mirrors guarded by PipelineLauncherTest.,theme/state pixel sampling plus generated-token and opacity-allowlist source guards,Theme/state pass 5 routes launcher stylesheet colors through generated LauncherThemeTokens values; opacity values are renderer-safe CSS mirrors constrained by LauncherThemeTokens.CSS_OPACITY_VALUES.
GVT-0651,colors-theme-semantic-roles,css-color-border-fill,src/main/resources/qupath/ext/astra/launcher.css,1619,.astra-log-source-system.astra-log-source-tab,-fx-border-color,#4b8760,#4b8760,generated-css-token,closed-generated,Keep launcher theme/state values routed through LauncherThemeTokens and generated launcher.tokens.css; CSS uses renderer-safe concrete opacity mirrors guarded by PipelineLauncherTest.,theme/state pixel sampling plus generated-token and opacity-allowlist source guards,Theme/state pass 5 routes launcher stylesheet colors through generated LauncherThemeTokens values; opacity values are renderer-safe CSS mirrors constrained by LauncherThemeTokens.CSS_OPACITY_VALUES.
GVT-0652,colors-theme-semantic-roles,css-color-border-fill,src/main/resources/qupath/ext/astra/launcher.css,1623,.astra-log-source-system.astra-log-source-block,-fx-background-color,#102a1f,#102a1f,generated-css-token,closed-generated,Keep launcher theme/state values routed through LauncherThemeTokens and generated launcher.tokens.css; CSS uses renderer-safe concrete opacity mirrors guarded by PipelineLauncherTest.,theme/state pixel sampling plus generated-token and opacity-allowlist source guards,Theme/state pass 5 routes launcher stylesheet colors through generated LauncherThemeTokens values; opacity values are renderer-safe CSS mirrors constrained by LauncherThemeTokens.CSS_OPACITY_VALUES.
GVT-0653,colors-theme-semantic-roles,css-color-border-fill,src/main/resources/qupath/ext/astra/launcher.css,1624,.astra-log-source-system.astra-log-source-block,-fx-border-color,#4b8760,#4b8760,generated-css-token,closed-generated,Keep launcher theme/state values routed through LauncherThemeTokens and generated launcher.tokens.css; CSS uses renderer-safe concrete opacity mirrors guarded by PipelineLauncherTest.,theme/state pixel sampling plus generated-token and opacity-allowlist source guards,Theme/state pass 5 routes launcher stylesheet colors through generated LauncherThemeTokens values; opacity values are renderer-safe CSS mirrors constrained by LauncherThemeTokens.CSS_OPACITY_VALUES.
GVT-0654,colors-theme-semantic-roles,css-color-border-fill,src/main/resources/qupath/ext/astra/launcher.css,1628,.astra-log-failure-summary,-fx-background-color,#341a18,#341a18,generated-css-token,closed-generated,Keep launcher theme/state values routed through LauncherThemeTokens and generated launcher.tokens.css; CSS uses renderer-safe concrete opacity mirrors guarded by PipelineLauncherTest.,theme/state pixel sampling plus generated-token and opacity-allowlist source guards,Theme/state pass 5 routes launcher stylesheet colors through generated LauncherThemeTokens values; opacity values are renderer-safe CSS mirrors constrained by LauncherThemeTokens.CSS_OPACITY_VALUES.
GVT-0655,colors-theme-semantic-roles,css-color-border-fill,src/main/resources/qupath/ext/astra/launcher.css,1629,.astra-log-failure-summary,-fx-border-color,#b9675b,#b9675b,generated-css-token,closed-generated,Keep launcher theme/state values routed through LauncherThemeTokens and generated launcher.tokens.css; CSS uses renderer-safe concrete opacity mirrors guarded by PipelineLauncherTest.,theme/state pixel sampling plus generated-token and opacity-allowlist source guards,Theme/state pass 5 routes launcher stylesheet colors through generated LauncherThemeTokens values; opacity values are renderer-safe CSS mirrors constrained by LauncherThemeTokens.CSS_OPACITY_VALUES.
GVT-0656,bevels-radii-arcs-tab-curvature,css-radius-arc,src/main/resources/qupath/ext/astra/launcher.css,1630,.astra-log-failure-summary,-fx-border-radius,6,renderer-safe generated concrete CSS value derived from LauncherGeometryTokens,generated-css-token,closed-generated,Keep generated concrete CSS synchronized with LauncherGeometryTokens; staleness tests must fail on drift.,Generated-token staleness test plus JavaFX preview/parser smoke and affected-surface visual review.,CSS declaration now uses renderer-safe generated concrete values because JavaFX looked-up size values are not reliable for size properties.
GVT-0657,bevels-radii-arcs-tab-curvature,css-radius-arc,src/main/resources/qupath/ext/astra/launcher.css,1631,.astra-log-failure-summary,-fx-background-radius,6,renderer-safe generated concrete CSS value derived from LauncherGeometryTokens,generated-css-token,closed-generated,Keep generated concrete CSS synchronized with LauncherGeometryTokens; staleness tests must fail on drift.,Generated-token staleness test plus JavaFX preview/parser smoke and affected-surface visual review.,CSS declaration now uses renderer-safe generated concrete values because JavaFX looked-up size values are not reliable for size properties.
GVT-0658,typography-text-ink,css-font,src/main/resources/qupath/ext/astra/launcher.css,1652,.astra-output-action-button,-fx-font-size,10.5px,10.5px,generated-css-token,closed-generated,Keep renderer-safe concrete CSS synchronized with LauncherTypographyTokens; staleness tests must fail on drift.,Generated-token staleness test plus text-contract sweep alpha proof for affected rendered text surfaces.,"Typography pass 4 routes CSS font stack, size, and weight through LauncherTypographyTokens and launcher.tokens.css while keeping JavaFX-safe concrete CSS values."
GVT-0659,typography-text-ink,css-font,src/main/resources/qupath/ext/astra/launcher.css,1665,.astra-log-copy-button,-fx-font-size,10.5px,10.5px,generated-css-token,closed-generated,Keep renderer-safe concrete CSS synchronized with LauncherTypographyTokens; staleness tests must fail on drift.,Generated-token staleness test plus text-contract sweep alpha proof for affected rendered text surfaces.,"Typography pass 4 routes CSS font stack, size, and weight through LauncherTypographyTokens and launcher.tokens.css while keeping JavaFX-safe concrete CSS values."
GVT-0660,colors-theme-semantic-roles,css-color-border-fill,src/main/resources/qupath/ext/astra/launcher.css,1666,.astra-log-copy-button,-fx-background-color,#163748,#163748,generated-css-token,closed-generated,Keep launcher theme/state values routed through LauncherThemeTokens and generated launcher.tokens.css; CSS uses renderer-safe concrete opacity mirrors guarded by PipelineLauncherTest.,theme/state pixel sampling plus generated-token and opacity-allowlist source guards,Theme/state pass 5 routes launcher stylesheet colors through generated LauncherThemeTokens values; opacity values are renderer-safe CSS mirrors constrained by LauncherThemeTokens.CSS_OPACITY_VALUES.
GVT-0661,colors-theme-semantic-roles,css-color-border-fill,src/main/resources/qupath/ext/astra/launcher.css,1667,.astra-log-copy-button,-fx-text-fill,#eaf7f4,#eaf7f4,generated-css-token,closed-generated,Keep launcher theme/state values routed through LauncherThemeTokens and generated launcher.tokens.css; CSS uses renderer-safe concrete opacity mirrors guarded by PipelineLauncherTest.,theme/state pixel sampling plus generated-token and opacity-allowlist source guards,Theme/state pass 5 routes launcher stylesheet colors through generated LauncherThemeTokens values; opacity values are renderer-safe CSS mirrors constrained by LauncherThemeTokens.CSS_OPACITY_VALUES.
GVT-0662,colors-theme-semantic-roles,css-color-border-fill,src/main/resources/qupath/ext/astra/launcher.css,1668,.astra-log-copy-button,-fx-border-color,#4d7583,#4d7583,generated-css-token,closed-generated,Keep launcher theme/state values routed through LauncherThemeTokens and generated launcher.tokens.css; CSS uses renderer-safe concrete opacity mirrors guarded by PipelineLauncherTest.,theme/state pixel sampling plus generated-token and opacity-allowlist source guards,Theme/state pass 5 routes launcher stylesheet colors through generated LauncherThemeTokens values; opacity values are renderer-safe CSS mirrors constrained by LauncherThemeTokens.CSS_OPACITY_VALUES.
GVT-0663,bevels-radii-arcs-tab-curvature,css-radius-arc,src/main/resources/qupath/ext/astra/launcher.css,1669,.astra-log-copy-button,-fx-border-radius,4,renderer-safe generated concrete CSS value derived from LauncherGeometryTokens,generated-css-token,closed-generated,Keep generated concrete CSS synchronized with LauncherGeometryTokens; staleness tests must fail on drift.,Generated-token staleness test plus JavaFX preview/parser smoke and affected-surface visual review.,CSS declaration now uses renderer-safe generated concrete values because JavaFX looked-up size values are not reliable for size properties.
GVT-0664,bevels-radii-arcs-tab-curvature,css-radius-arc,src/main/resources/qupath/ext/astra/launcher.css,1670,.astra-log-copy-button,-fx-background-radius,4,renderer-safe generated concrete CSS value derived from LauncherGeometryTokens,generated-css-token,closed-generated,Keep generated concrete CSS synchronized with LauncherGeometryTokens; staleness tests must fail on drift.,Generated-token staleness test plus JavaFX preview/parser smoke and affected-surface visual review.,CSS declaration now uses renderer-safe generated concrete values because JavaFX looked-up size values are not reliable for size properties.
GVT-0665,colors-theme-semantic-roles,css-color-border-fill,src/main/resources/qupath/ext/astra/launcher.css,1674,.astra-log-copy-button-copied,-fx-background-color,#dff4e8,#dff4e8,generated-css-token,closed-generated,Keep launcher theme/state values routed through LauncherThemeTokens and generated launcher.tokens.css; CSS uses renderer-safe concrete opacity mirrors guarded by PipelineLauncherTest.,theme/state pixel sampling plus generated-token and opacity-allowlist source guards,Theme/state pass 5 routes launcher stylesheet colors through generated LauncherThemeTokens values; opacity values are renderer-safe CSS mirrors constrained by LauncherThemeTokens.CSS_OPACITY_VALUES.
GVT-0666,colors-theme-semantic-roles,css-color-border-fill,src/main/resources/qupath/ext/astra/launcher.css,1675,.astra-log-copy-button-copied,-fx-text-fill,#17623b,#17623b,generated-css-token,closed-generated,Keep launcher theme/state values routed through LauncherThemeTokens and generated launcher.tokens.css; CSS uses renderer-safe concrete opacity mirrors guarded by PipelineLauncherTest.,theme/state pixel sampling plus generated-token and opacity-allowlist source guards,Theme/state pass 5 routes launcher stylesheet colors through generated LauncherThemeTokens values; opacity values are renderer-safe CSS mirrors constrained by LauncherThemeTokens.CSS_OPACITY_VALUES.
GVT-0667,colors-theme-semantic-roles,css-color-border-fill,src/main/resources/qupath/ext/astra/launcher.css,1676,.astra-log-copy-button-copied,-fx-border-color,#9fd9b7,#9fd9b7,generated-css-token,closed-generated,Keep launcher theme/state values routed through LauncherThemeTokens and generated launcher.tokens.css; CSS uses renderer-safe concrete opacity mirrors guarded by PipelineLauncherTest.,theme/state pixel sampling plus generated-token and opacity-allowlist source guards,Theme/state pass 5 routes launcher stylesheet colors through generated LauncherThemeTokens values; opacity values are renderer-safe CSS mirrors constrained by LauncherThemeTokens.CSS_OPACITY_VALUES.
GVT-0668,typography-text-ink,css-font,src/main/resources/qupath/ext/astra/launcher.css,1680,.astra-log-disclosure-button,-fx-font-size,10px,10px,generated-css-token,closed-generated,Keep renderer-safe concrete CSS synchronized with LauncherTypographyTokens; staleness tests must fail on drift.,Generated-token staleness test plus text-contract sweep alpha proof for affected rendered text surfaces.,"Typography pass 4 routes CSS font stack, size, and weight through LauncherTypographyTokens and launcher.tokens.css while keeping JavaFX-safe concrete CSS values."
GVT-0669,colors-theme-semantic-roles,css-color-border-fill,src/main/resources/qupath/ext/astra/launcher.css,1681,.astra-log-disclosure-button,-fx-background-color,#223846,#223846,generated-css-token,closed-generated,Keep launcher theme/state values routed through LauncherThemeTokens and generated launcher.tokens.css; CSS uses renderer-safe concrete opacity mirrors guarded by PipelineLauncherTest.,theme/state pixel sampling plus generated-token and opacity-allowlist source guards,Theme/state pass 5 routes launcher stylesheet colors through generated LauncherThemeTokens values; opacity values are renderer-safe CSS mirrors constrained by LauncherThemeTokens.CSS_OPACITY_VALUES.
GVT-0670,colors-theme-semantic-roles,css-color-border-fill,src/main/resources/qupath/ext/astra/launcher.css,1682,.astra-log-disclosure-button,-fx-text-fill,#cfe2e6,#cfe2e6,generated-css-token,closed-generated,Keep launcher theme/state values routed through LauncherThemeTokens and generated launcher.tokens.css; CSS uses renderer-safe concrete opacity mirrors guarded by PipelineLauncherTest.,theme/state pixel sampling plus generated-token and opacity-allowlist source guards,Theme/state pass 5 routes launcher stylesheet colors through generated LauncherThemeTokens values; opacity values are renderer-safe CSS mirrors constrained by LauncherThemeTokens.CSS_OPACITY_VALUES.
GVT-0671,colors-theme-semantic-roles,css-color-border-fill,src/main/resources/qupath/ext/astra/launcher.css,1683,.astra-log-disclosure-button,-fx-border-color,#405b68,#405b68,generated-css-token,closed-generated,Keep launcher theme/state values routed through LauncherThemeTokens and generated launcher.tokens.css; CSS uses renderer-safe concrete opacity mirrors guarded by PipelineLauncherTest.,theme/state pixel sampling plus generated-token and opacity-allowlist source guards,Theme/state pass 5 routes launcher stylesheet colors through generated LauncherThemeTokens values; opacity values are renderer-safe CSS mirrors constrained by LauncherThemeTokens.CSS_OPACITY_VALUES.
GVT-0672,bevels-radii-arcs-tab-curvature,css-radius-arc,src/main/resources/qupath/ext/astra/launcher.css,1684,.astra-log-disclosure-button,-fx-border-radius,4,renderer-safe generated concrete CSS value derived from LauncherGeometryTokens,generated-css-token,closed-generated,Keep generated concrete CSS synchronized with LauncherGeometryTokens; staleness tests must fail on drift.,Generated-token staleness test plus JavaFX preview/parser smoke and affected-surface visual review.,CSS declaration now uses renderer-safe generated concrete values because JavaFX looked-up size values are not reliable for size properties.
GVT-0673,bevels-radii-arcs-tab-curvature,css-radius-arc,src/main/resources/qupath/ext/astra/launcher.css,1685,.astra-log-disclosure-button,-fx-background-radius,4,renderer-safe generated concrete CSS value derived from LauncherGeometryTokens,generated-css-token,closed-generated,Keep generated concrete CSS synchronized with LauncherGeometryTokens; staleness tests must fail on drift.,Generated-token staleness test plus JavaFX preview/parser smoke and affected-surface visual review.,CSS declaration now uses renderer-safe generated concrete values because JavaFX looked-up size values are not reliable for size properties.
GVT-0674,typography-text-ink,css-font,src/main/resources/qupath/ext/astra/launcher.css,1689,.astra-log-card-title,-fx-font-size,12px,12px,generated-css-token,closed-generated,Keep renderer-safe concrete CSS synchronized with LauncherTypographyTokens; staleness tests must fail on drift.,Generated-token staleness test plus text-contract sweep alpha proof for affected rendered text surfaces.,"Typography pass 4 routes CSS font stack, size, and weight through LauncherTypographyTokens and launcher.tokens.css while keeping JavaFX-safe concrete CSS values."
GVT-0675,colors-theme-semantic-roles,css-color-border-fill,src/main/resources/qupath/ext/astra/launcher.css,1691,.astra-log-card-title,-fx-text-fill,#eefaf6,#eefaf6,generated-css-token,closed-generated,Keep launcher theme/state values routed through LauncherThemeTokens and generated launcher.tokens.css; CSS uses renderer-safe concrete opacity mirrors guarded by PipelineLauncherTest.,theme/state pixel sampling plus generated-token and opacity-allowlist source guards,Theme/state pass 5 routes launcher stylesheet colors through generated LauncherThemeTokens values; opacity values are renderer-safe CSS mirrors constrained by LauncherThemeTokens.CSS_OPACITY_VALUES.
GVT-0676,typography-text-ink,css-font,src/main/resources/qupath/ext/astra/launcher.css,1696,.astra-log-card-subtitle,-fx-font-size,10.8px,10.8px,generated-css-token,closed-generated,Keep renderer-safe concrete CSS synchronized with LauncherTypographyTokens; staleness tests must fail on drift.,Generated-token staleness test plus text-contract sweep alpha proof for affected rendered text surfaces.,"Typography pass 4 routes CSS font stack, size, and weight through LauncherTypographyTokens and launcher.tokens.css while keeping JavaFX-safe concrete CSS values."
GVT-0677,colors-theme-semantic-roles,css-color-border-fill,src/main/resources/qupath/ext/astra/launcher.css,1698,.astra-log-card-subtitle,-fx-text-fill,#bcd3d8,#bcd3d8,generated-css-token,closed-generated,Keep launcher theme/state values routed through LauncherThemeTokens and generated launcher.tokens.css; CSS uses renderer-safe concrete opacity mirrors guarded by PipelineLauncherTest.,theme/state pixel sampling plus generated-token and opacity-allowlist source guards,Theme/state pass 5 routes launcher stylesheet colors through generated LauncherThemeTokens values; opacity values are renderer-safe CSS mirrors constrained by LauncherThemeTokens.CSS_OPACITY_VALUES.
GVT-0678,colors-theme-semantic-roles,css-color-border-fill,src/main/resources/qupath/ext/astra/launcher.css,1702,.astra-log-key-value-card,-fx-background-color,#102733,#102733,generated-css-token,closed-generated,Keep launcher theme/state values routed through LauncherThemeTokens and generated launcher.tokens.css; CSS uses renderer-safe concrete opacity mirrors guarded by PipelineLauncherTest.,theme/state pixel sampling plus generated-token and opacity-allowlist source guards,Theme/state pass 5 routes launcher stylesheet colors through generated LauncherThemeTokens values; opacity values are renderer-safe CSS mirrors constrained by LauncherThemeTokens.CSS_OPACITY_VALUES.
GVT-0679,colors-theme-semantic-roles,css-color-border-fill,src/main/resources/qupath/ext/astra/launcher.css,1703,.astra-log-key-value-card,-fx-border-color,#2f5360,#2f5360,generated-css-token,closed-generated,Keep launcher theme/state values routed through LauncherThemeTokens and generated launcher.tokens.css; CSS uses renderer-safe concrete opacity mirrors guarded by PipelineLauncherTest.,theme/state pixel sampling plus generated-token and opacity-allowlist source guards,Theme/state pass 5 routes launcher stylesheet colors through generated LauncherThemeTokens values; opacity values are renderer-safe CSS mirrors constrained by LauncherThemeTokens.CSS_OPACITY_VALUES.
GVT-0680,bevels-radii-arcs-tab-curvature,css-radius-arc,src/main/resources/qupath/ext/astra/launcher.css,1704,.astra-log-key-value-card,-fx-border-radius,5,renderer-safe generated concrete CSS value derived from LauncherGeometryTokens,generated-css-token,closed-generated,Keep generated concrete CSS synchronized with LauncherGeometryTokens; staleness tests must fail on drift.,Generated-token staleness test plus JavaFX preview/parser smoke and affected-surface visual review.,CSS declaration now uses renderer-safe generated concrete values because JavaFX looked-up size values are not reliable for size properties.
GVT-0681,bevels-radii-arcs-tab-curvature,css-radius-arc,src/main/resources/qupath/ext/astra/launcher.css,1705,.astra-log-key-value-card,-fx-background-radius,5,renderer-safe generated concrete CSS value derived from LauncherGeometryTokens,generated-css-token,closed-generated,Keep generated concrete CSS synchronized with LauncherGeometryTokens; staleness tests must fail on drift.,Generated-token staleness test plus JavaFX preview/parser smoke and affected-surface visual review.,CSS declaration now uses renderer-safe generated concrete values because JavaFX looked-up size values are not reliable for size properties.
GVT-0682,typography-text-ink,css-font,src/main/resources/qupath/ext/astra/launcher.css,1709,.astra-log-key,-fx-font-size,10.5px,10.5px,generated-css-token,closed-generated,Keep renderer-safe concrete CSS synchronized with LauncherTypographyTokens; staleness tests must fail on drift.,Generated-token staleness test plus text-contract sweep alpha proof for affected rendered text surfaces.,"Typography pass 4 routes CSS font stack, size, and weight through LauncherTypographyTokens and launcher.tokens.css while keeping JavaFX-safe concrete CSS values."
GVT-0683,colors-theme-semantic-roles,css-color-border-fill,src/main/resources/qupath/ext/astra/launcher.css,1711,.astra-log-key,-fx-text-fill,#8fb8c0,#8fb8c0,generated-css-token,closed-generated,Keep launcher theme/state values routed through LauncherThemeTokens and generated launcher.tokens.css; CSS uses renderer-safe concrete opacity mirrors guarded by PipelineLauncherTest.,theme/state pixel sampling plus generated-token and opacity-allowlist source guards,Theme/state pass 5 routes launcher stylesheet colors through generated LauncherThemeTokens values; opacity values are renderer-safe CSS mirrors constrained by LauncherThemeTokens.CSS_OPACITY_VALUES.
GVT-0684,typography-text-ink,css-font,src/main/resources/qupath/ext/astra/launcher.css,1716,.astra-log-value,-fx-font-size,11px,11px,generated-css-token,closed-generated,Keep renderer-safe concrete CSS synchronized with LauncherTypographyTokens; staleness tests must fail on drift.,Generated-token staleness test plus text-contract sweep alpha proof for affected rendered text surfaces.,"Typography pass 4 routes CSS font stack, size, and weight through LauncherTypographyTokens and launcher.tokens.css while keeping JavaFX-safe concrete CSS values."
GVT-0685,colors-theme-semantic-roles,css-color-border-fill,src/main/resources/qupath/ext/astra/launcher.css,1718,.astra-log-value,-fx-text-fill,#dcebed,#dcebed,generated-css-token,closed-generated,Keep launcher theme/state values routed through LauncherThemeTokens and generated launcher.tokens.css; CSS uses renderer-safe concrete opacity mirrors guarded by PipelineLauncherTest.,theme/state pixel sampling plus generated-token and opacity-allowlist source guards,Theme/state pass 5 routes launcher stylesheet colors through generated LauncherThemeTokens values; opacity values are renderer-safe CSS mirrors constrained by LauncherThemeTokens.CSS_OPACITY_VALUES.
GVT-0686,colors-theme-semantic-roles,css-color-border-fill,src/main/resources/qupath/ext/astra/launcher.css,1722,.astra-log-command-card,-fx-background-color,#121d27,#121d27,generated-css-token,closed-generated,Keep launcher theme/state values routed through LauncherThemeTokens and generated launcher.tokens.css; CSS uses renderer-safe concrete opacity mirrors guarded by PipelineLauncherTest.,theme/state pixel sampling plus generated-token and opacity-allowlist source guards,Theme/state pass 5 routes launcher stylesheet colors through generated LauncherThemeTokens values; opacity values are renderer-safe CSS mirrors constrained by LauncherThemeTokens.CSS_OPACITY_VALUES.
GVT-0687,colors-theme-semantic-roles,css-color-border-fill,src/main/resources/qupath/ext/astra/launcher.css,1723,.astra-log-command-card,-fx-border-color,#586879,#586879,generated-css-token,closed-generated,Keep launcher theme/state values routed through LauncherThemeTokens and generated launcher.tokens.css; CSS uses renderer-safe concrete opacity mirrors guarded by PipelineLauncherTest.,theme/state pixel sampling plus generated-token and opacity-allowlist source guards,Theme/state pass 5 routes launcher stylesheet colors through generated LauncherThemeTokens values; opacity values are renderer-safe CSS mirrors constrained by LauncherThemeTokens.CSS_OPACITY_VALUES.
GVT-0688,bevels-radii-arcs-tab-curvature,css-radius-arc,src/main/resources/qupath/ext/astra/launcher.css,1724,.astra-log-command-card,-fx-border-radius,5,renderer-safe generated concrete CSS value derived from LauncherGeometryTokens,generated-css-token,closed-generated,Keep generated concrete CSS synchronized with LauncherGeometryTokens; staleness tests must fail on drift.,Generated-token staleness test plus JavaFX preview/parser smoke and affected-surface visual review.,CSS declaration now uses renderer-safe generated concrete values because JavaFX looked-up size values are not reliable for size properties.
GVT-0689,bevels-radii-arcs-tab-curvature,css-radius-arc,src/main/resources/qupath/ext/astra/launcher.css,1725,.astra-log-command-card,-fx-background-radius,5,renderer-safe generated concrete CSS value derived from LauncherGeometryTokens,generated-css-token,closed-generated,Keep generated concrete CSS synchronized with LauncherGeometryTokens; staleness tests must fail on drift.,Generated-token staleness test plus JavaFX preview/parser smoke and affected-surface visual review.,CSS declaration now uses renderer-safe generated concrete values because JavaFX looked-up size values are not reliable for size properties.
GVT-0690,typography-text-ink,css-font,src/main/resources/qupath/ext/astra/launcher.css,1729,.astra-log-command-title,-fx-font-size,10.5px,10.5px,generated-css-token,closed-generated,Keep renderer-safe concrete CSS synchronized with LauncherTypographyTokens; staleness tests must fail on drift.,Generated-token staleness test plus text-contract sweep alpha proof for affected rendered text surfaces.,"Typography pass 4 routes CSS font stack, size, and weight through LauncherTypographyTokens and launcher.tokens.css while keeping JavaFX-safe concrete CSS values."
GVT-0691,colors-theme-semantic-roles,css-color-border-fill,src/main/resources/qupath/ext/astra/launcher.css,1731,.astra-log-command-title,-fx-text-fill,#b9c7cf,#b9c7cf,generated-css-token,closed-generated,Keep launcher theme/state values routed through LauncherThemeTokens and generated launcher.tokens.css; CSS uses renderer-safe concrete opacity mirrors guarded by PipelineLauncherTest.,theme/state pixel sampling plus generated-token and opacity-allowlist source guards,Theme/state pass 5 routes launcher stylesheet colors through generated LauncherThemeTokens values; opacity values are renderer-safe CSS mirrors constrained by LauncherThemeTokens.CSS_OPACITY_VALUES.
GVT-0692,typography-text-ink,css-font,src/main/resources/qupath/ext/astra/launcher.css,1736,.astra-log-command-text,-fx-font-size,11px,11px,generated-css-token,closed-generated,Keep renderer-safe concrete CSS synchronized with LauncherTypographyTokens; staleness tests must fail on drift.,Generated-token staleness test plus text-contract sweep alpha proof for affected rendered text surfaces.,"Typography pass 4 routes CSS font stack, size, and weight through LauncherTypographyTokens and launcher.tokens.css while keeping JavaFX-safe concrete CSS values."
GVT-0693,colors-theme-semantic-roles,css-color-border-fill,src/main/resources/qupath/ext/astra/launcher.css,1738,.astra-log-command-text,-fx-text-fill,#e6edf2,#e6edf2,generated-css-token,closed-generated,Keep launcher theme/state values routed through LauncherThemeTokens and generated launcher.tokens.css; CSS uses renderer-safe concrete opacity mirrors guarded by PipelineLauncherTest.,theme/state pixel sampling plus generated-token and opacity-allowlist source guards,Theme/state pass 5 routes launcher stylesheet colors through generated LauncherThemeTokens values; opacity values are renderer-safe CSS mirrors constrained by LauncherThemeTokens.CSS_OPACITY_VALUES.
GVT-0694,bevels-radii-arcs-tab-curvature,css-radius-arc,src/main/resources/qupath/ext/astra/launcher.css,1742,.astra-log-line-accent,-fx-background-radius,4,renderer-safe generated concrete CSS value derived from LauncherGeometryTokens,generated-css-token,closed-generated,Keep generated concrete CSS synchronized with LauncherGeometryTokens; staleness tests must fail on drift.,Generated-token staleness test plus JavaFX preview/parser smoke and affected-surface visual review.,CSS declaration now uses renderer-safe generated concrete values because JavaFX looked-up size values are not reliable for size properties.
GVT-0695,typography-text-ink,css-font,src/main/resources/qupath/ext/astra/launcher.css,1747,.astra-log-line-text,-fx-font-size,11.5px,11.5px,generated-css-token,closed-generated,Keep renderer-safe concrete CSS synchronized with LauncherTypographyTokens; staleness tests must fail on drift.,Generated-token staleness test plus text-contract sweep alpha proof for affected rendered text surfaces.,"Typography pass 4 routes CSS font stack, size, and weight through LauncherTypographyTokens and launcher.tokens.css while keeping JavaFX-safe concrete CSS values."
GVT-0696,colors-theme-semantic-roles,css-color-border-fill,src/main/resources/qupath/ext/astra/launcher.css,1749,.astra-log-line-text,-fx-text-fill,#dcebed,#dcebed,generated-css-token,closed-generated,Keep launcher theme/state values routed through LauncherThemeTokens and generated launcher.tokens.css; CSS uses renderer-safe concrete opacity mirrors guarded by PipelineLauncherTest.,theme/state pixel sampling plus generated-token and opacity-allowlist source guards,Theme/state pass 5 routes launcher stylesheet colors through generated LauncherThemeTokens values; opacity values are renderer-safe CSS mirrors constrained by LauncherThemeTokens.CSS_OPACITY_VALUES.
GVT-0697,opacity-translucency-disabled,css-opacity,src/main/resources/qupath/ext/astra/launcher.css,1754,.astra-log-line-separator,-fx-opacity,0.72,0.72,generated-css-token,closed-generated,Keep launcher theme/state values routed through LauncherThemeTokens and generated launcher.tokens.css; CSS uses renderer-safe concrete opacity mirrors guarded by PipelineLauncherTest.,theme/state pixel sampling plus generated-token and opacity-allowlist source guards,Theme/state pass 5 routes launcher stylesheet colors through generated LauncherThemeTokens values; opacity values are renderer-safe CSS mirrors constrained by LauncherThemeTokens.CSS_OPACITY_VALUES.
GVT-0698,typography-text-ink,css-font,src/main/resources/qupath/ext/astra/launcher.css,1758,.astra-log-severity-badge,-fx-font-size,9.5px,9.5px,generated-css-token,closed-generated,Keep renderer-safe concrete CSS synchronized with LauncherTypographyTokens; staleness tests must fail on drift.,Generated-token staleness test plus text-contract sweep alpha proof for affected rendered text surfaces.,"Typography pass 4 routes CSS font stack, size, and weight through LauncherTypographyTokens and launcher.tokens.css while keeping JavaFX-safe concrete CSS values."
GVT-0699,colors-theme-semantic-roles,css-color-border-fill,src/main/resources/qupath/ext/astra/launcher.css,1760,.astra-log-severity-badge,-fx-text-fill,#061720,#061720,generated-css-token,closed-generated,Keep launcher theme/state values routed through LauncherThemeTokens and generated launcher.tokens.css; CSS uses renderer-safe concrete opacity mirrors guarded by PipelineLauncherTest.,theme/state pixel sampling plus generated-token and opacity-allowlist source guards,Theme/state pass 5 routes launcher stylesheet colors through generated LauncherThemeTokens values; opacity values are renderer-safe CSS mirrors constrained by LauncherThemeTokens.CSS_OPACITY_VALUES.
GVT-0700,margins-padding-gaps-spacing,css-spacing-insets,src/main/resources/qupath/ext/astra/launcher.css,1761,.astra-log-severity-badge,-fx-padding,2 5 2 5,renderer-safe generated concrete CSS value derived from LauncherGeometryTokens,generated-css-token,closed-generated,Keep generated concrete CSS synchronized with LauncherGeometryTokens; staleness tests must fail on drift.,Generated-token staleness test plus JavaFX preview/parser smoke and affected-surface visual review.,CSS declaration now uses renderer-safe generated concrete values because JavaFX looked-up size values are not reliable for size properties.
GVT-0701,bevels-radii-arcs-tab-curvature,css-radius-arc,src/main/resources/qupath/ext/astra/launcher.css,1762,.astra-log-severity-badge,-fx-background-radius,4,renderer-safe generated concrete CSS value derived from LauncherGeometryTokens,generated-css-token,closed-generated,Keep generated concrete CSS synchronized with LauncherGeometryTokens; staleness tests must fail on drift.,Generated-token staleness test plus JavaFX preview/parser smoke and affected-surface visual review.,CSS declaration now uses renderer-safe generated concrete values because JavaFX looked-up size values are not reliable for size properties.
GVT-0702,colors-theme-semantic-roles,css-color-border-fill,src/main/resources/qupath/ext/astra/launcher.css,1766,.astra-log-message-card,-fx-background-color,#0e2a34,#0e2a34,generated-css-token,closed-generated,Keep launcher theme/state values routed through LauncherThemeTokens and generated launcher.tokens.css; CSS uses renderer-safe concrete opacity mirrors guarded by PipelineLauncherTest.,theme/state pixel sampling plus generated-token and opacity-allowlist source guards,Theme/state pass 5 routes launcher stylesheet colors through generated LauncherThemeTokens values; opacity values are renderer-safe CSS mirrors constrained by LauncherThemeTokens.CSS_OPACITY_VALUES.
GVT-0703,bevels-radii-arcs-tab-curvature,css-radius-arc,src/main/resources/qupath/ext/astra/launcher.css,1767,.astra-log-message-card,-fx-border-radius,6,renderer-safe generated concrete CSS value derived from LauncherGeometryTokens,generated-css-token,closed-generated,Keep generated concrete CSS synchronized with LauncherGeometryTokens; staleness tests must fail on drift.,Generated-token staleness test plus JavaFX preview/parser smoke and affected-surface visual review.,CSS declaration now uses renderer-safe generated concrete values because JavaFX looked-up size values are not reliable for size properties.
GVT-0704,bevels-radii-arcs-tab-curvature,css-radius-arc,src/main/resources/qupath/ext/astra/launcher.css,1768,.astra-log-message-card,-fx-background-radius,6,renderer-safe generated concrete CSS value derived from LauncherGeometryTokens,generated-css-token,closed-generated,Keep generated concrete CSS synchronized with LauncherGeometryTokens; staleness tests must fail on drift.,Generated-token staleness test plus JavaFX preview/parser smoke and affected-surface visual review.,CSS declaration now uses renderer-safe generated concrete values because JavaFX looked-up size values are not reliable for size properties.
GVT-0705,colors-theme-semantic-roles,css-color-border-fill,src/main/resources/qupath/ext/astra/launcher.css,1773,.astra-log-severity-error.astra-log-severity-badge,-fx-background-color,#ff8f7f,#ff8f7f,generated-css-token,closed-generated,Keep launcher theme/state values routed through LauncherThemeTokens and generated launcher.tokens.css; CSS uses renderer-safe concrete opacity mirrors guarded by PipelineLauncherTest.,theme/state pixel sampling plus generated-token and opacity-allowlist source guards,Theme/state pass 5 routes launcher stylesheet colors through generated LauncherThemeTokens values; opacity values are renderer-safe CSS mirrors constrained by LauncherThemeTokens.CSS_OPACITY_VALUES.
GVT-0706,colors-theme-semantic-roles,css-color-border-fill,src/main/resources/qupath/ext/astra/launcher.css,1778,.astra-log-severity-warning.astra-log-severity-badge,-fx-background-color,#ffd166,#ffd166,generated-css-token,closed-generated,Keep launcher theme/state values routed through LauncherThemeTokens and generated launcher.tokens.css; CSS uses renderer-safe concrete opacity mirrors guarded by PipelineLauncherTest.,theme/state pixel sampling plus generated-token and opacity-allowlist source guards,Theme/state pass 5 routes launcher stylesheet colors through generated LauncherThemeTokens values; opacity values are renderer-safe CSS mirrors constrained by LauncherThemeTokens.CSS_OPACITY_VALUES.
GVT-0707,colors-theme-semantic-roles,css-color-border-fill,src/main/resources/qupath/ext/astra/launcher.css,1783,.astra-log-severity-success.astra-log-severity-badge,-fx-background-color,#8ee6a8,#8ee6a8,generated-css-token,closed-generated,Keep launcher theme/state values routed through LauncherThemeTokens and generated launcher.tokens.css; CSS uses renderer-safe concrete opacity mirrors guarded by PipelineLauncherTest.,theme/state pixel sampling plus generated-token and opacity-allowlist source guards,Theme/state pass 5 routes launcher stylesheet colors through generated LauncherThemeTokens values; opacity values are renderer-safe CSS mirrors constrained by LauncherThemeTokens.CSS_OPACITY_VALUES.
GVT-0708,colors-theme-semantic-roles,css-color-border-fill,src/main/resources/qupath/ext/astra/launcher.css,1788,.astra-log-severity-cancelled.astra-log-severity-badge,-fx-background-color,#f4c56a,#f4c56a,generated-css-token,closed-generated,Keep launcher theme/state values routed through LauncherThemeTokens and generated launcher.tokens.css; CSS uses renderer-safe concrete opacity mirrors guarded by PipelineLauncherTest.,theme/state pixel sampling plus generated-token and opacity-allowlist source guards,Theme/state pass 5 routes launcher stylesheet colors through generated LauncherThemeTokens values; opacity values are renderer-safe CSS mirrors constrained by LauncherThemeTokens.CSS_OPACITY_VALUES.
GVT-0709,colors-theme-semantic-roles,css-color-border-fill,src/main/resources/qupath/ext/astra/launcher.css,1793,.astra-log-severity-debug.astra-log-severity-badge,-fx-background-color,#7d92a0,#7d92a0,generated-css-token,closed-generated,Keep launcher theme/state values routed through LauncherThemeTokens and generated launcher.tokens.css; CSS uses renderer-safe concrete opacity mirrors guarded by PipelineLauncherTest.,theme/state pixel sampling plus generated-token and opacity-allowlist source guards,Theme/state pass 5 routes launcher stylesheet colors through generated LauncherThemeTokens values; opacity values are renderer-safe CSS mirrors constrained by LauncherThemeTokens.CSS_OPACITY_VALUES.
GVT-0710,colors-theme-semantic-roles,css-color-border-fill,src/main/resources/qupath/ext/astra/launcher.css,1798,.astra-log-severity-info.astra-log-severity-badge,-fx-background-color,#6fd6cb,#6fd6cb,generated-css-token,closed-generated,Keep launcher theme/state values routed through LauncherThemeTokens and generated launcher.tokens.css; CSS uses renderer-safe concrete opacity mirrors guarded by PipelineLauncherTest.,theme/state pixel sampling plus generated-token and opacity-allowlist source guards,Theme/state pass 5 routes launcher stylesheet colors through generated LauncherThemeTokens values; opacity values are renderer-safe CSS mirrors constrained by LauncherThemeTokens.CSS_OPACITY_VALUES.
GVT-0711,colors-theme-semantic-roles,css-color-border-fill,src/main/resources/qupath/ext/astra/launcher.css,1803,.astra-log-severity-neutral.astra-log-severity-badge,-fx-background-color,#7ca1ad,#7ca1ad,generated-css-token,closed-generated,Keep launcher theme/state values routed through LauncherThemeTokens and generated launcher.tokens.css; CSS uses renderer-safe concrete opacity mirrors guarded by PipelineLauncherTest.,theme/state pixel sampling plus generated-token and opacity-allowlist source guards,Theme/state pass 5 routes launcher stylesheet colors through generated LauncherThemeTokens values; opacity values are renderer-safe CSS mirrors constrained by LauncherThemeTokens.CSS_OPACITY_VALUES.
GVT-0712,colors-theme-semantic-roles,css-color-border-fill,src/main/resources/qupath/ext/astra/launcher.css,1807,.astra-log-severity-error.astra-log-line-text,-fx-text-fill,#ffd3cb,#ffd3cb,generated-css-token,closed-generated,Keep launcher theme/state values routed through LauncherThemeTokens and generated launcher.tokens.css; CSS uses renderer-safe concrete opacity mirrors guarded by PipelineLauncherTest.,theme/state pixel sampling plus generated-token and opacity-allowlist source guards,Theme/state pass 5 routes launcher stylesheet colors through generated LauncherThemeTokens values; opacity values are renderer-safe CSS mirrors constrained by LauncherThemeTokens.CSS_OPACITY_VALUES.
GVT-0713,colors-theme-semantic-roles,css-color-border-fill,src/main/resources/qupath/ext/astra/launcher.css,1811,.astra-log-severity-warning.astra-log-line-text,-fx-text-fill,#ffe0a3,#ffe0a3,generated-css-token,closed-generated,Keep launcher theme/state values routed through LauncherThemeTokens and generated launcher.tokens.css; CSS uses renderer-safe concrete opacity mirrors guarded by PipelineLauncherTest.,theme/state pixel sampling plus generated-token and opacity-allowlist source guards,Theme/state pass 5 routes launcher stylesheet colors through generated LauncherThemeTokens values; opacity values are renderer-safe CSS mirrors constrained by LauncherThemeTokens.CSS_OPACITY_VALUES.
GVT-0714,colors-theme-semantic-roles,css-color-border-fill,src/main/resources/qupath/ext/astra/launcher.css,1815,.astra-log-severity-success.astra-log-line-text,-fx-text-fill,#c5f2d2,#c5f2d2,generated-css-token,closed-generated,Keep launcher theme/state values routed through LauncherThemeTokens and generated launcher.tokens.css; CSS uses renderer-safe concrete opacity mirrors guarded by PipelineLauncherTest.,theme/state pixel sampling plus generated-token and opacity-allowlist source guards,Theme/state pass 5 routes launcher stylesheet colors through generated LauncherThemeTokens values; opacity values are renderer-safe CSS mirrors constrained by LauncherThemeTokens.CSS_OPACITY_VALUES.
GVT-0715,colors-theme-semantic-roles,css-color-border-fill,src/main/resources/qupath/ext/astra/launcher.css,1819,.astra-log-severity-cancelled.astra-log-line-text,-fx-text-fill,#ffe8b8,#ffe8b8,generated-css-token,closed-generated,Keep launcher theme/state values routed through LauncherThemeTokens and generated launcher.tokens.css; CSS uses renderer-safe concrete opacity mirrors guarded by PipelineLauncherTest.,theme/state pixel sampling plus generated-token and opacity-allowlist source guards,Theme/state pass 5 routes launcher stylesheet colors through generated LauncherThemeTokens values; opacity values are renderer-safe CSS mirrors constrained by LauncherThemeTokens.CSS_OPACITY_VALUES.
GVT-0716,colors-theme-semantic-roles,css-color-border-fill,src/main/resources/qupath/ext/astra/launcher.css,1823,.astra-log-severity-debug.astra-log-line-text,-fx-text-fill,#9fb3bd,#9fb3bd,generated-css-token,closed-generated,Keep launcher theme/state values routed through LauncherThemeTokens and generated launcher.tokens.css; CSS uses renderer-safe concrete opacity mirrors guarded by PipelineLauncherTest.,theme/state pixel sampling plus generated-token and opacity-allowlist source guards,Theme/state pass 5 routes launcher stylesheet colors through generated LauncherThemeTokens values; opacity values are renderer-safe CSS mirrors constrained by LauncherThemeTokens.CSS_OPACITY_VALUES.
GVT-0717,colors-theme-semantic-roles,css-color-border-fill,src/main/resources/qupath/ext/astra/launcher.css,1827,.astra-log-severity-error.astra-log-message-card,-fx-border-color,#b9675b,#b9675b,generated-css-token,closed-generated,Keep launcher theme/state values routed through LauncherThemeTokens and generated launcher.tokens.css; CSS uses renderer-safe concrete opacity mirrors guarded by PipelineLauncherTest.,theme/state pixel sampling plus generated-token and opacity-allowlist source guards,Theme/state pass 5 routes launcher stylesheet colors through generated LauncherThemeTokens values; opacity values are renderer-safe CSS mirrors constrained by LauncherThemeTokens.CSS_OPACITY_VALUES.
GVT-0718,colors-theme-semantic-roles,css-color-border-fill,src/main/resources/qupath/ext/astra/launcher.css,1832,.astra-log-severity-cancelled.astra-log-message-card,-fx-border-color,#a98234,#a98234,generated-css-token,closed-generated,Keep launcher theme/state values routed through LauncherThemeTokens and generated launcher.tokens.css; CSS uses renderer-safe concrete opacity mirrors guarded by PipelineLauncherTest.,theme/state pixel sampling plus generated-token and opacity-allowlist source guards,Theme/state pass 5 routes launcher stylesheet colors through generated LauncherThemeTokens values; opacity values are renderer-safe CSS mirrors constrained by LauncherThemeTokens.CSS_OPACITY_VALUES.
GVT-0719,colors-theme-semantic-roles,css-color-border-fill,src/main/resources/qupath/ext/astra/launcher.css,1836,.astra-log-severity-success.astra-log-message-card,-fx-border-color,#4d9a66,#4d9a66,generated-css-token,closed-generated,Keep launcher theme/state values routed through LauncherThemeTokens and generated launcher.tokens.css; CSS uses renderer-safe concrete opacity mirrors guarded by PipelineLauncherTest.,theme/state pixel sampling plus generated-token and opacity-allowlist source guards,Theme/state pass 5 routes launcher stylesheet colors through generated LauncherThemeTokens values; opacity values are renderer-safe CSS mirrors constrained by LauncherThemeTokens.CSS_OPACITY_VALUES.
GVT-0720,colors-theme-semantic-roles,css-color-border-fill,src/main/resources/qupath/ext/astra/launcher.css,1842,.astra-log-severity-debug.astra-log-message-card,-fx-border-color,#3b6670,#3b6670,generated-css-token,closed-generated,Keep launcher theme/state values routed through LauncherThemeTokens and generated launcher.tokens.css; CSS uses renderer-safe concrete opacity mirrors guarded by PipelineLauncherTest.,theme/state pixel sampling plus generated-token and opacity-allowlist source guards,Theme/state pass 5 routes launcher stylesheet colors through generated LauncherThemeTokens values; opacity values are renderer-safe CSS mirrors constrained by LauncherThemeTokens.CSS_OPACITY_VALUES.
GVT-0721,typography-text-ink,css-font,src/main/resources/qupath/ext/astra/launcher.css,1846,.astra-log-metric-badge,-fx-font-size,9.5px,9.5px,generated-css-token,closed-generated,Keep renderer-safe concrete CSS synchronized with LauncherTypographyTokens; staleness tests must fail on drift.,Generated-token staleness test plus text-contract sweep alpha proof for affected rendered text surfaces.,"Typography pass 4 routes CSS font stack, size, and weight through LauncherTypographyTokens and launcher.tokens.css while keeping JavaFX-safe concrete CSS values."
GVT-0722,colors-theme-semantic-roles,css-color-border-fill,src/main/resources/qupath/ext/astra/launcher.css,1848,.astra-log-metric-badge,-fx-text-fill,#06202b,#06202b,generated-css-token,closed-generated,Keep launcher theme/state values routed through LauncherThemeTokens and generated launcher.tokens.css; CSS uses renderer-safe concrete opacity mirrors guarded by PipelineLauncherTest.,theme/state pixel sampling plus generated-token and opacity-allowlist source guards,Theme/state pass 5 routes launcher stylesheet colors through generated LauncherThemeTokens values; opacity values are renderer-safe CSS mirrors constrained by LauncherThemeTokens.CSS_OPACITY_VALUES.
GVT-0723,colors-theme-semantic-roles,css-color-border-fill,src/main/resources/qupath/ext/astra/launcher.css,1849,.astra-log-metric-badge,-fx-background-color,#b9efe6,#b9efe6,generated-css-token,closed-generated,Keep launcher theme/state values routed through LauncherThemeTokens and generated launcher.tokens.css; CSS uses renderer-safe concrete opacity mirrors guarded by PipelineLauncherTest.,theme/state pixel sampling plus generated-token and opacity-allowlist source guards,Theme/state pass 5 routes launcher stylesheet colors through generated LauncherThemeTokens values; opacity values are renderer-safe CSS mirrors constrained by LauncherThemeTokens.CSS_OPACITY_VALUES.
GVT-0724,bevels-radii-arcs-tab-curvature,css-radius-arc,src/main/resources/qupath/ext/astra/launcher.css,1850,.astra-log-metric-badge,-fx-background-radius,999,renderer-safe generated concrete CSS value derived from LauncherGeometryTokens,generated-css-token,closed-generated,Keep generated concrete CSS synchronized with LauncherGeometryTokens; staleness tests must fail on drift.,Generated-token staleness test plus JavaFX preview/parser smoke and affected-surface visual review.,CSS declaration now uses renderer-safe generated concrete values because JavaFX looked-up size values are not reliable for size properties.
GVT-0725,margins-padding-gaps-spacing,css-spacing-insets,src/main/resources/qupath/ext/astra/launcher.css,1851,.astra-log-metric-badge,-fx-padding,2 7 2 7,renderer-safe generated concrete CSS value derived from LauncherGeometryTokens,generated-css-token,closed-generated,Keep generated concrete CSS synchronized with LauncherGeometryTokens; staleness tests must fail on drift.,Generated-token staleness test plus JavaFX preview/parser smoke and affected-surface visual review.,CSS declaration now uses renderer-safe generated concrete values because JavaFX looked-up size values are not reliable for size properties.
GVT-0726,bevels-radii-arcs-tab-curvature,css-radius-arc,src/main/resources/qupath/ext/astra/launcher.css,1855,.astra-log-timeline-dot,-fx-background-radius,999,renderer-safe generated concrete CSS value derived from LauncherGeometryTokens,generated-css-token,closed-generated,Keep generated concrete CSS synchronized with LauncherGeometryTokens; staleness tests must fail on drift.,Generated-token staleness test plus JavaFX preview/parser smoke and affected-surface visual review.,CSS declaration now uses renderer-safe generated concrete values because JavaFX looked-up size values are not reliable for size properties.
GVT-0727,typography-text-ink,css-font,src/main/resources/qupath/ext/astra/launcher.css,1859,.astra-log-timeline-label,-fx-font-size,10px,10px,generated-css-token,closed-generated,Keep renderer-safe concrete CSS synchronized with LauncherTypographyTokens; staleness tests must fail on drift.,Generated-token staleness test plus text-contract sweep alpha proof for affected rendered text surfaces.,"Typography pass 4 routes CSS font stack, size, and weight through LauncherTypographyTokens and launcher.tokens.css while keeping JavaFX-safe concrete CSS values."
GVT-0728,colors-theme-semantic-roles,css-color-border-fill,src/main/resources/qupath/ext/astra/launcher.css,1861,.astra-log-timeline-label,-fx-text-fill,#9eb9bf,#9eb9bf,generated-css-token,closed-generated,Keep launcher theme/state values routed through LauncherThemeTokens and generated launcher.tokens.css; CSS uses renderer-safe concrete opacity mirrors guarded by PipelineLauncherTest.,theme/state pixel sampling plus generated-token and opacity-allowlist source guards,Theme/state pass 5 routes launcher stylesheet colors through generated LauncherThemeTokens values; opacity values are renderer-safe CSS mirrors constrained by LauncherThemeTokens.CSS_OPACITY_VALUES.
GVT-0729,colors-theme-semantic-roles,css-color-border-fill,src/main/resources/qupath/ext/astra/launcher.css,1865,.astra-log-timeline-active.astra-log-timeline-dot,-fx-background-color,#6fd6cb,#6fd6cb,generated-css-token,closed-generated,Keep launcher theme/state values routed through LauncherThemeTokens and generated launcher.tokens.css; CSS uses renderer-safe concrete opacity mirrors guarded by PipelineLauncherTest.,theme/state pixel sampling plus generated-token and opacity-allowlist source guards,Theme/state pass 5 routes launcher stylesheet colors through generated LauncherThemeTokens values; opacity values are renderer-safe CSS mirrors constrained by LauncherThemeTokens.CSS_OPACITY_VALUES.
GVT-0730,colors-theme-semantic-roles,css-color-border-fill,src/main/resources/qupath/ext/astra/launcher.css,1869,.astra-log-timeline-complete.astra-log-timeline-dot,-fx-background-color,#8ee6a8,#8ee6a8,generated-css-token,closed-generated,Keep launcher theme/state values routed through LauncherThemeTokens and generated launcher.tokens.css; CSS uses renderer-safe concrete opacity mirrors guarded by PipelineLauncherTest.,theme/state pixel sampling plus generated-token and opacity-allowlist source guards,Theme/state pass 5 routes launcher stylesheet colors through generated LauncherThemeTokens values; opacity values are renderer-safe CSS mirrors constrained by LauncherThemeTokens.CSS_OPACITY_VALUES.
GVT-0731,colors-theme-semantic-roles,css-color-border-fill,src/main/resources/qupath/ext/astra/launcher.css,1873,.astra-log-timeline-warning.astra-log-timeline-dot,-fx-background-color,#ffd166,#ffd166,generated-css-token,closed-generated,Keep launcher theme/state values routed through LauncherThemeTokens and generated launcher.tokens.css; CSS uses renderer-safe concrete opacity mirrors guarded by PipelineLauncherTest.,theme/state pixel sampling plus generated-token and opacity-allowlist source guards,Theme/state pass 5 routes launcher stylesheet colors through generated LauncherThemeTokens values; opacity values are renderer-safe CSS mirrors constrained by LauncherThemeTokens.CSS_OPACITY_VALUES.
GVT-0732,colors-theme-semantic-roles,css-color-border-fill,src/main/resources/qupath/ext/astra/launcher.css,1877,.astra-log-timeline-error.astra-log-timeline-dot,-fx-background-color,#ff8f7f,#ff8f7f,generated-css-token,closed-generated,Keep launcher theme/state values routed through LauncherThemeTokens and generated launcher.tokens.css; CSS uses renderer-safe concrete opacity mirrors guarded by PipelineLauncherTest.,theme/state pixel sampling plus generated-token and opacity-allowlist source guards,Theme/state pass 5 routes launcher stylesheet colors through generated LauncherThemeTokens values; opacity values are renderer-safe CSS mirrors constrained by LauncherThemeTokens.CSS_OPACITY_VALUES.
GVT-0733,colors-theme-semantic-roles,css-color-border-fill,src/main/resources/qupath/ext/astra/launcher.css,1881,.astra-log-timeline-cancelled.astra-log-timeline-dot,-fx-background-color,#f4c56a,#f4c56a,generated-css-token,closed-generated,Keep launcher theme/state values routed through LauncherThemeTokens and generated launcher.tokens.css; CSS uses renderer-safe concrete opacity mirrors guarded by PipelineLauncherTest.,theme/state pixel sampling plus generated-token and opacity-allowlist source guards,Theme/state pass 5 routes launcher stylesheet colors through generated LauncherThemeTokens values; opacity values are renderer-safe CSS mirrors constrained by LauncherThemeTokens.CSS_OPACITY_VALUES.
GVT-0734,colors-theme-semantic-roles,css-color-border-fill,src/main/resources/qupath/ext/astra/launcher.css,1885,.astra-log-timeline-pending.astra-log-timeline-dot,-fx-background-color,#49636b,#49636b,generated-css-token,closed-generated,Keep launcher theme/state values routed through LauncherThemeTokens and generated launcher.tokens.css; CSS uses renderer-safe concrete opacity mirrors guarded by PipelineLauncherTest.,theme/state pixel sampling plus generated-token and opacity-allowlist source guards,Theme/state pass 5 routes launcher stylesheet colors through generated LauncherThemeTokens values; opacity values are renderer-safe CSS mirrors constrained by LauncherThemeTokens.CSS_OPACITY_VALUES.
GVT-0735,colors-theme-semantic-roles,css-color-border-fill,src/main/resources/qupath/ext/astra/launcher.css,1890,.astra-log-timeline-complete.astra-log-timeline-label,-fx-text-fill,#e7fbf5,#e7fbf5,generated-css-token,closed-generated,Keep launcher theme/state values routed through LauncherThemeTokens and generated launcher.tokens.css; CSS uses renderer-safe concrete opacity mirrors guarded by PipelineLauncherTest.,theme/state pixel sampling plus generated-token and opacity-allowlist source guards,Theme/state pass 5 routes launcher stylesheet colors through generated LauncherThemeTokens values; opacity values are renderer-safe CSS mirrors constrained by LauncherThemeTokens.CSS_OPACITY_VALUES.
GVT-0736,colors-theme-semantic-roles,css-color-border-fill,src/main/resources/qupath/ext/astra/launcher.css,1894,.astra-log-timeline-warning.astra-log-timeline-label,-fx-text-fill,#ffe0a3,#ffe0a3,generated-css-token,closed-generated,Keep launcher theme/state values routed through LauncherThemeTokens and generated launcher.tokens.css; CSS uses renderer-safe concrete opacity mirrors guarded by PipelineLauncherTest.,theme/state pixel sampling plus generated-token and opacity-allowlist source guards,Theme/state pass 5 routes launcher stylesheet colors through generated LauncherThemeTokens values; opacity values are renderer-safe CSS mirrors constrained by LauncherThemeTokens.CSS_OPACITY_VALUES.
GVT-0737,colors-theme-semantic-roles,css-color-border-fill,src/main/resources/qupath/ext/astra/launcher.css,1898,.astra-log-timeline-error.astra-log-timeline-label,-fx-text-fill,#ffd3cb,#ffd3cb,generated-css-token,closed-generated,Keep launcher theme/state values routed through LauncherThemeTokens and generated launcher.tokens.css; CSS uses renderer-safe concrete opacity mirrors guarded by PipelineLauncherTest.,theme/state pixel sampling plus generated-token and opacity-allowlist source guards,Theme/state pass 5 routes launcher stylesheet colors through generated LauncherThemeTokens values; opacity values are renderer-safe CSS mirrors constrained by LauncherThemeTokens.CSS_OPACITY_VALUES.
GVT-0738,colors-theme-semantic-roles,css-color-border-fill,src/main/resources/qupath/ext/astra/launcher.css,1902,.astra-log-timeline-cancelled.astra-log-timeline-label,-fx-text-fill,#ffe8b8,#ffe8b8,generated-css-token,closed-generated,Keep launcher theme/state values routed through LauncherThemeTokens and generated launcher.tokens.css; CSS uses renderer-safe concrete opacity mirrors guarded by PipelineLauncherTest.,theme/state pixel sampling plus generated-token and opacity-allowlist source guards,Theme/state pass 5 routes launcher stylesheet colors through generated LauncherThemeTokens values; opacity values are renderer-safe CSS mirrors constrained by LauncherThemeTokens.CSS_OPACITY_VALUES.
GVT-0739,typography-text-ink,css-font,src/main/resources/qupath/ext/astra/launcher.css,1906,.astra-log-timeline-duration,-fx-font-size,9px,9px,generated-css-token,closed-generated,Keep renderer-safe concrete CSS synchronized with LauncherTypographyTokens; staleness tests must fail on drift.,Generated-token staleness test plus text-contract sweep alpha proof for affected rendered text surfaces.,"Typography pass 4 routes CSS font stack, size, and weight through LauncherTypographyTokens and launcher.tokens.css while keeping JavaFX-safe concrete CSS values."
GVT-0740,colors-theme-semantic-roles,css-color-border-fill,src/main/resources/qupath/ext/astra/launcher.css,1908,.astra-log-timeline-duration,-fx-text-fill,#8fb8c0,#8fb8c0,generated-css-token,closed-generated,Keep launcher theme/state values routed through LauncherThemeTokens and generated launcher.tokens.css; CSS uses renderer-safe concrete opacity mirrors guarded by PipelineLauncherTest.,theme/state pixel sampling plus generated-token and opacity-allowlist source guards,Theme/state pass 5 routes launcher stylesheet colors through generated LauncherThemeTokens values; opacity values are renderer-safe CSS mirrors constrained by LauncherThemeTokens.CSS_OPACITY_VALUES.
GVT-0741,typography-text-ink,css-font,src/main/resources/qupath/ext/astra/launcher.css,1912,.astra-log-failure-title,-fx-font-size,12px,12px,generated-css-token,closed-generated,Keep renderer-safe concrete CSS synchronized with LauncherTypographyTokens; staleness tests must fail on drift.,Generated-token staleness test plus text-contract sweep alpha proof for affected rendered text surfaces.,"Typography pass 4 routes CSS font stack, size, and weight through LauncherTypographyTokens and launcher.tokens.css while keeping JavaFX-safe concrete CSS values."
GVT-0742,colors-theme-semantic-roles,css-color-border-fill,src/main/resources/qupath/ext/astra/launcher.css,1914,.astra-log-failure-title,-fx-text-fill,#ffe1dc,#ffe1dc,generated-css-token,closed-generated,Keep launcher theme/state values routed through LauncherThemeTokens and generated launcher.tokens.css; CSS uses renderer-safe concrete opacity mirrors guarded by PipelineLauncherTest.,theme/state pixel sampling plus generated-token and opacity-allowlist source guards,Theme/state pass 5 routes launcher stylesheet colors through generated LauncherThemeTokens values; opacity values are renderer-safe CSS mirrors constrained by LauncherThemeTokens.CSS_OPACITY_VALUES.
GVT-0743,typography-text-ink,css-font,src/main/resources/qupath/ext/astra/launcher.css,1919,.astra-log-failure-message,-fx-font-size,10.8px,10.8px,generated-css-token,closed-generated,Keep renderer-safe concrete CSS synchronized with LauncherTypographyTokens; staleness tests must fail on drift.,Generated-token staleness test plus text-contract sweep alpha proof for affected rendered text surfaces.,"Typography pass 4 routes CSS font stack, size, and weight through LauncherTypographyTokens and launcher.tokens.css while keeping JavaFX-safe concrete CSS values."
GVT-0744,colors-theme-semantic-roles,css-color-border-fill,src/main/resources/qupath/ext/astra/launcher.css,1921,.astra-log-failure-message,-fx-text-fill,#ffd3cb,#ffd3cb,generated-css-token,closed-generated,Keep launcher theme/state values routed through LauncherThemeTokens and generated launcher.tokens.css; CSS uses renderer-safe concrete opacity mirrors guarded by PipelineLauncherTest.,theme/state pixel sampling plus generated-token and opacity-allowlist source guards,Theme/state pass 5 routes launcher stylesheet colors through generated LauncherThemeTokens values; opacity values are renderer-safe CSS mirrors constrained by LauncherThemeTokens.CSS_OPACITY_VALUES.
GVT-0745,typography-text-ink,css-font,src/main/resources/qupath/ext/astra/launcher.css,1925,.astra-log-advice-label,-fx-font-size,10px,10px,generated-css-token,closed-generated,Keep renderer-safe concrete CSS synchronized with LauncherTypographyTokens; staleness tests must fail on drift.,Generated-token staleness test plus text-contract sweep alpha proof for affected rendered text surfaces.,"Typography pass 4 routes CSS font stack, size, and weight through LauncherTypographyTokens and launcher.tokens.css while keeping JavaFX-safe concrete CSS values."
GVT-0746,colors-theme-semantic-roles,css-color-border-fill,src/main/resources/qupath/ext/astra/launcher.css,1927,.astra-log-advice-label,-fx-text-fill,#ffad9f,#ffad9f,generated-css-token,closed-generated,Keep launcher theme/state values routed through LauncherThemeTokens and generated launcher.tokens.css; CSS uses renderer-safe concrete opacity mirrors guarded by PipelineLauncherTest.,theme/state pixel sampling plus generated-token and opacity-allowlist source guards,Theme/state pass 5 routes launcher stylesheet colors through generated LauncherThemeTokens values; opacity values are renderer-safe CSS mirrors constrained by LauncherThemeTokens.CSS_OPACITY_VALUES.
GVT-0747,typography-text-ink,css-font,src/main/resources/qupath/ext/astra/launcher.css,1931,.astra-log-advice-value,-fx-font-size,10.5px,10.5px,generated-css-token,closed-generated,Keep renderer-safe concrete CSS synchronized with LauncherTypographyTokens; staleness tests must fail on drift.,Generated-token staleness test plus text-contract sweep alpha proof for affected rendered text surfaces.,"Typography pass 4 routes CSS font stack, size, and weight through LauncherTypographyTokens and launcher.tokens.css while keeping JavaFX-safe concrete CSS values."
GVT-0748,colors-theme-semantic-roles,css-color-border-fill,src/main/resources/qupath/ext/astra/launcher.css,1933,.astra-log-advice-value,-fx-text-fill,#ffe9e5,#ffe9e5,generated-css-token,closed-generated,Keep launcher theme/state values routed through LauncherThemeTokens and generated launcher.tokens.css; CSS uses renderer-safe concrete opacity mirrors guarded by PipelineLauncherTest.,theme/state pixel sampling plus generated-token and opacity-allowlist source guards,Theme/state pass 5 routes launcher stylesheet colors through generated LauncherThemeTokens values; opacity values are renderer-safe CSS mirrors constrained by LauncherThemeTokens.CSS_OPACITY_VALUES.
GVT-0749,typography-text-ink,css-font,src/main/resources/qupath/ext/astra/launcher.css,1938,.astra-list-view,-fx-font-size,12px,12px,generated-css-token,closed-generated,Keep renderer-safe concrete CSS synchronized with LauncherTypographyTokens; staleness tests must fail on drift.,Generated-token staleness test plus text-contract sweep alpha proof for affected rendered text surfaces.,"Typography pass 4 routes CSS font stack, size, and weight through LauncherTypographyTokens and launcher.tokens.css while keeping JavaFX-safe concrete CSS values."
GVT-0750,colors-theme-semantic-roles,css-color-border-fill,src/main/resources/qupath/ext/astra/launcher.css,1939,.astra-list-view,-fx-background-color,#fbfdfe,#fbfdfe,generated-css-token,closed-generated,Keep launcher theme/state values routed through LauncherThemeTokens and generated launcher.tokens.css; CSS uses renderer-safe concrete opacity mirrors guarded by PipelineLauncherTest.,theme/state pixel sampling plus generated-token and opacity-allowlist source guards,Theme/state pass 5 routes launcher stylesheet colors through generated LauncherThemeTokens values; opacity values are renderer-safe CSS mirrors constrained by LauncherThemeTokens.CSS_OPACITY_VALUES.
GVT-0751,colors-theme-semantic-roles,css-color-border-fill,src/main/resources/qupath/ext/astra/launcher.css,1940,.astra-list-view,-fx-border-color,#7fa3ad,#7fa3ad,generated-css-token,closed-generated,Keep launcher theme/state values routed through LauncherThemeTokens and generated launcher.tokens.css; CSS uses renderer-safe concrete opacity mirrors guarded by PipelineLauncherTest.,theme/state pixel sampling plus generated-token and opacity-allowlist source guards,Theme/state pass 5 routes launcher stylesheet colors through generated LauncherThemeTokens values; opacity values are renderer-safe CSS mirrors constrained by LauncherThemeTokens.CSS_OPACITY_VALUES.
GVT-0752,bevels-radii-arcs-tab-curvature,css-radius-arc,src/main/resources/qupath/ext/astra/launcher.css,1941,.astra-list-view,-fx-border-radius,5,renderer-safe generated concrete CSS value derived from LauncherGeometryTokens,generated-css-token,closed-generated,Keep generated concrete CSS synchronized with LauncherGeometryTokens; staleness tests must fail on drift.,Generated-token staleness test plus JavaFX preview/parser smoke and affected-surface visual review.,CSS declaration now uses renderer-safe generated concrete values because JavaFX looked-up size values are not reliable for size properties.
GVT-0753,bevels-radii-arcs-tab-curvature,css-radius-arc,src/main/resources/qupath/ext/astra/launcher.css,1942,.astra-list-view,-fx-background-radius,5,renderer-safe generated concrete CSS value derived from LauncherGeometryTokens,generated-css-token,closed-generated,Keep generated concrete CSS synchronized with LauncherGeometryTokens; staleness tests must fail on drift.,Generated-token staleness test plus JavaFX preview/parser smoke and affected-surface visual review.,CSS declaration now uses renderer-safe generated concrete values because JavaFX looked-up size values are not reliable for size properties.
GVT-0754,typography-text-ink,css-font,src/main/resources/qupath/ext/astra/launcher.css,1948,.astra-list-view .list-cell,-fx-font-size,12px,12px,generated-css-token,closed-generated,Keep renderer-safe concrete CSS synchronized with LauncherTypographyTokens; staleness tests must fail on drift.,Generated-token staleness test plus text-contract sweep alpha proof for affected rendered text surfaces.,"Typography pass 4 routes CSS font stack, size, and weight through LauncherTypographyTokens and launcher.tokens.css while keeping JavaFX-safe concrete CSS values."
GVT-0755,colors-theme-semantic-roles,css-color-border-fill,src/main/resources/qupath/ext/astra/launcher.css,1949,.astra-list-view .list-cell,-fx-text-fill,#172431,#172431,generated-css-token,closed-generated,Keep launcher theme/state values routed through LauncherThemeTokens and generated launcher.tokens.css; CSS uses renderer-safe concrete opacity mirrors guarded by PipelineLauncherTest.,theme/state pixel sampling plus generated-token and opacity-allowlist source guards,Theme/state pass 5 routes launcher stylesheet colors through generated LauncherThemeTokens values; opacity values are renderer-safe CSS mirrors constrained by LauncherThemeTokens.CSS_OPACITY_VALUES.
GVT-0756,colors-theme-semantic-roles,css-color-border-fill,src/main/resources/qupath/ext/astra/launcher.css,1950,.astra-list-view .list-cell,-fx-background-color,#ffffff,#ffffff,generated-css-token,closed-generated,Keep launcher theme/state values routed through LauncherThemeTokens and generated launcher.tokens.css; CSS uses renderer-safe concrete opacity mirrors guarded by PipelineLauncherTest.,theme/state pixel sampling plus generated-token and opacity-allowlist source guards,Theme/state pass 5 routes launcher stylesheet colors through generated LauncherThemeTokens values; opacity values are renderer-safe CSS mirrors constrained by LauncherThemeTokens.CSS_OPACITY_VALUES.
GVT-0757,colors-theme-semantic-roles,css-color-border-fill,src/main/resources/qupath/ext/astra/launcher.css,1955,.astra-list-view .list-cell:filled:focused,-fx-background-color,#e6f4f5,#e6f4f5,generated-css-token,closed-generated,Keep launcher theme/state values routed through LauncherThemeTokens and generated launcher.tokens.css; CSS uses renderer-safe concrete opacity mirrors guarded by PipelineLauncherTest.,theme/state pixel sampling plus generated-token and opacity-allowlist source guards,Theme/state pass 5 routes launcher stylesheet colors through generated LauncherThemeTokens values; opacity values are renderer-safe CSS mirrors constrained by LauncherThemeTokens.CSS_OPACITY_VALUES.
GVT-0758,colors-theme-semantic-roles,css-color-border-fill,src/main/resources/qupath/ext/astra/launcher.css,1956,.astra-list-view .list-cell:filled:focused,-fx-text-fill,#0d4f55,#0d4f55,generated-css-token,closed-generated,Keep launcher theme/state values routed through LauncherThemeTokens and generated launcher.tokens.css; CSS uses renderer-safe concrete opacity mirrors guarded by PipelineLauncherTest.,theme/state pixel sampling plus generated-token and opacity-allowlist source guards,Theme/state pass 5 routes launcher stylesheet colors through generated LauncherThemeTokens values; opacity values are renderer-safe CSS mirrors constrained by LauncherThemeTokens.CSS_OPACITY_VALUES.
GVT-0759,colors-theme-semantic-roles,css-color-border-fill,src/main/resources/qupath/ext/astra/launcher.css,1960,.astra-list-view .list-cell:filled:selected,-fx-background-color,#1f7a7a,#1f7a7a,generated-css-token,closed-generated,Keep launcher theme/state values routed through LauncherThemeTokens and generated launcher.tokens.css; CSS uses renderer-safe concrete opacity mirrors guarded by PipelineLauncherTest.,theme/state pixel sampling plus generated-token and opacity-allowlist source guards,Theme/state pass 5 routes launcher stylesheet colors through generated LauncherThemeTokens values; opacity values are renderer-safe CSS mirrors constrained by LauncherThemeTokens.CSS_OPACITY_VALUES.
GVT-0760,colors-theme-semantic-roles,css-color-border-fill,src/main/resources/qupath/ext/astra/launcher.css,1961,.astra-list-view .list-cell:filled:selected,-fx-text-fill,#ffffff,#ffffff,generated-css-token,closed-generated,Keep launcher theme/state values routed through LauncherThemeTokens and generated launcher.tokens.css; CSS uses renderer-safe concrete opacity mirrors guarded by PipelineLauncherTest.,theme/state pixel sampling plus generated-token and opacity-allowlist source guards,Theme/state pass 5 routes launcher stylesheet colors through generated LauncherThemeTokens values; opacity values are renderer-safe CSS mirrors constrained by LauncherThemeTokens.CSS_OPACITY_VALUES.
GVT-0761,colors-theme-semantic-roles,css-color-border-fill,src/main/resources/qupath/ext/astra/launcher.css,1965,.astra-nested-panel,-fx-background-color,#ffffff,#ffffff,generated-css-token,closed-generated,Keep launcher theme/state values routed through LauncherThemeTokens and generated launcher.tokens.css; CSS uses renderer-safe concrete opacity mirrors guarded by PipelineLauncherTest.,theme/state pixel sampling plus generated-token and opacity-allowlist source guards,Theme/state pass 5 routes launcher stylesheet colors through generated LauncherThemeTokens values; opacity values are renderer-safe CSS mirrors constrained by LauncherThemeTokens.CSS_OPACITY_VALUES.
GVT-0762,colors-theme-semantic-roles,css-color-border-fill,src/main/resources/qupath/ext/astra/launcher.css,1966,.astra-nested-panel,-fx-border-color,#d7e2e6,#d7e2e6,generated-css-token,closed-generated,Keep launcher theme/state values routed through LauncherThemeTokens and generated launcher.tokens.css; CSS uses renderer-safe concrete opacity mirrors guarded by PipelineLauncherTest.,theme/state pixel sampling plus generated-token and opacity-allowlist source guards,Theme/state pass 5 routes launcher stylesheet colors through generated LauncherThemeTokens values; opacity values are renderer-safe CSS mirrors constrained by LauncherThemeTokens.CSS_OPACITY_VALUES.
GVT-0763,bevels-radii-arcs-tab-curvature,css-radius-arc,src/main/resources/qupath/ext/astra/launcher.css,1967,.astra-nested-panel,-fx-border-radius,6,renderer-safe generated concrete CSS value derived from LauncherGeometryTokens,generated-css-token,closed-generated,Keep generated concrete CSS synchronized with LauncherGeometryTokens; staleness tests must fail on drift.,Generated-token staleness test plus JavaFX preview/parser smoke and affected-surface visual review.,CSS declaration now uses renderer-safe generated concrete values because JavaFX looked-up size values are not reliable for size properties.
GVT-0764,bevels-radii-arcs-tab-curvature,css-radius-arc,src/main/resources/qupath/ext/astra/launcher.css,1968,.astra-nested-panel,-fx-background-radius,6,renderer-safe generated concrete CSS value derived from LauncherGeometryTokens,generated-css-token,closed-generated,Keep generated concrete CSS synchronized with LauncherGeometryTokens; staleness tests must fail on drift.,Generated-token staleness test plus JavaFX preview/parser smoke and affected-surface visual review.,CSS declaration now uses renderer-safe generated concrete values because JavaFX looked-up size values are not reliable for size properties.
GVT-0765,typography-text-ink,css-font,src/main/resources/qupath/ext/astra/launcher.css,1973,.astra-code-area,-fx-font-size,12px,12px,generated-css-token,closed-generated,Keep renderer-safe concrete CSS synchronized with LauncherTypographyTokens; staleness tests must fail on drift.,Generated-token staleness test plus text-contract sweep alpha proof for affected rendered text surfaces.,"Typography pass 4 routes CSS font stack, size, and weight through LauncherTypographyTokens and launcher.tokens.css while keeping JavaFX-safe concrete CSS values."
GVT-0766,colors-theme-semantic-roles,css-color-border-fill,src/main/resources/qupath/ext/astra/launcher.css,1974,.astra-code-area,-fx-control-inner-background,#fbfdff,#fbfdff,generated-css-token,closed-generated,Keep launcher theme/state values routed through LauncherThemeTokens and generated launcher.tokens.css; CSS uses renderer-safe concrete opacity mirrors guarded by PipelineLauncherTest.,theme/state pixel sampling plus generated-token and opacity-allowlist source guards,Theme/state pass 5 routes launcher stylesheet colors through generated LauncherThemeTokens values; opacity values are renderer-safe CSS mirrors constrained by LauncherThemeTokens.CSS_OPACITY_VALUES.
GVT-0767,colors-theme-semantic-roles,css-color-border-fill,src/main/resources/qupath/ext/astra/launcher.css,1975,.astra-code-area,-fx-text-fill,#172431,#172431,generated-css-token,closed-generated,Keep launcher theme/state values routed through LauncherThemeTokens and generated launcher.tokens.css; CSS uses renderer-safe concrete opacity mirrors guarded by PipelineLauncherTest.,theme/state pixel sampling plus generated-token and opacity-allowlist source guards,Theme/state pass 5 routes launcher stylesheet colors through generated LauncherThemeTokens values; opacity values are renderer-safe CSS mirrors constrained by LauncherThemeTokens.CSS_OPACITY_VALUES.
GVT-0768,colors-theme-semantic-roles,css-color-border-fill,src/main/resources/qupath/ext/astra/launcher.css,1976,.astra-code-area,-fx-border-color,#7fa3ad,#7fa3ad,generated-css-token,closed-generated,Keep launcher theme/state values routed through LauncherThemeTokens and generated launcher.tokens.css; CSS uses renderer-safe concrete opacity mirrors guarded by PipelineLauncherTest.,theme/state pixel sampling plus generated-token and opacity-allowlist source guards,Theme/state pass 5 routes launcher stylesheet colors through generated LauncherThemeTokens values; opacity values are renderer-safe CSS mirrors constrained by LauncherThemeTokens.CSS_OPACITY_VALUES.
GVT-0769,bevels-radii-arcs-tab-curvature,css-radius-arc,src/main/resources/qupath/ext/astra/launcher.css,1977,.astra-code-area,-fx-border-radius,5,renderer-safe generated concrete CSS value derived from LauncherGeometryTokens,generated-css-token,closed-generated,Keep generated concrete CSS synchronized with LauncherGeometryTokens; staleness tests must fail on drift.,Generated-token staleness test plus JavaFX preview/parser smoke and affected-surface visual review.,CSS declaration now uses renderer-safe generated concrete values because JavaFX looked-up size values are not reliable for size properties.
GVT-0770,bevels-radii-arcs-tab-curvature,css-radius-arc,src/main/resources/qupath/ext/astra/launcher.css,1978,.astra-code-area,-fx-background-radius,5,renderer-safe generated concrete CSS value derived from LauncherGeometryTokens,generated-css-token,closed-generated,Keep generated concrete CSS synchronized with LauncherGeometryTokens; staleness tests must fail on drift.,Generated-token staleness test plus JavaFX preview/parser smoke and affected-surface visual review.,CSS declaration now uses renderer-safe generated concrete values because JavaFX looked-up size values are not reliable for size properties.
GVT-0771,colors-theme-semantic-roles,css-color-border-fill,src/main/resources/qupath/ext/astra/launcher.css,1982,.astra-dialog-pane .button.astra-button-primary,-fx-background-color,#1f7a7a,#1f7a7a,generated-css-token,closed-generated,Keep launcher theme/state values routed through LauncherThemeTokens and generated launcher.tokens.css; CSS uses renderer-safe concrete opacity mirrors guarded by PipelineLauncherTest.,theme/state pixel sampling plus generated-token and opacity-allowlist source guards,Theme/state pass 5 routes launcher stylesheet colors through generated LauncherThemeTokens values; opacity values are renderer-safe CSS mirrors constrained by LauncherThemeTokens.CSS_OPACITY_VALUES.
GVT-0772,colors-theme-semantic-roles,css-color-border-fill,src/main/resources/qupath/ext/astra/launcher.css,1984,.astra-dialog-pane .button.astra-button-primary,-fx-border-color,#17696d,#17696d,generated-css-token,closed-generated,Keep launcher theme/state values routed through LauncherThemeTokens and generated launcher.tokens.css; CSS uses renderer-safe concrete opacity mirrors guarded by PipelineLauncherTest.,theme/state pixel sampling plus generated-token and opacity-allowlist source guards,Theme/state pass 5 routes launcher stylesheet colors through generated LauncherThemeTokens values; opacity values are renderer-safe CSS mirrors constrained by LauncherThemeTokens.CSS_OPACITY_VALUES.
GVT-0773,colors-theme-semantic-roles,css-color-border-fill,src/main/resources/qupath/ext/astra/launcher.css,1988,.astra-dialog-pane .button.astra-button-secondary,-fx-background-color,#f9fcfd,#f9fcfd,generated-css-token,closed-generated,Keep launcher theme/state values routed through LauncherThemeTokens and generated launcher.tokens.css; CSS uses renderer-safe concrete opacity mirrors guarded by PipelineLauncherTest.,theme/state pixel sampling plus generated-token and opacity-allowlist source guards,Theme/state pass 5 routes launcher stylesheet colors through generated LauncherThemeTokens values; opacity values are renderer-safe CSS mirrors constrained by LauncherThemeTokens.CSS_OPACITY_VALUES.
GVT-0774,colors-theme-semantic-roles,css-color-border-fill,src/main/resources/qupath/ext/astra/launcher.css,1989,.astra-dialog-pane .button.astra-button-secondary,-fx-text-fill,#0d4f55,#0d4f55,generated-css-token,closed-generated,Keep launcher theme/state values routed through LauncherThemeTokens and generated launcher.tokens.css; CSS uses renderer-safe concrete opacity mirrors guarded by PipelineLauncherTest.,theme/state pixel sampling plus generated-token and opacity-allowlist source guards,Theme/state pass 5 routes launcher stylesheet colors through generated LauncherThemeTokens values; opacity values are renderer-safe CSS mirrors constrained by LauncherThemeTokens.CSS_OPACITY_VALUES.
GVT-0775,colors-theme-semantic-roles,css-color-border-fill,src/main/resources/qupath/ext/astra/launcher.css,1990,.astra-dialog-pane .button.astra-button-secondary,-fx-border-color,#b9cdd3,#b9cdd3,generated-css-token,closed-generated,Keep launcher theme/state values routed through LauncherThemeTokens and generated launcher.tokens.css; CSS uses renderer-safe concrete opacity mirrors guarded by PipelineLauncherTest.,theme/state pixel sampling plus generated-token and opacity-allowlist source guards,Theme/state pass 5 routes launcher stylesheet colors through generated LauncherThemeTokens values; opacity values are renderer-safe CSS mirrors constrained by LauncherThemeTokens.CSS_OPACITY_VALUES.
GVT-0776,colors-theme-semantic-roles,css-color-border-fill,src/main/resources/qupath/ext/astra/launcher.css,1994,.astra-dialog-pane .button.astra-button-danger,-fx-background-color,#ffe8e2,#ffe8e2,generated-css-token,closed-generated,Keep launcher theme/state values routed through LauncherThemeTokens and generated launcher.tokens.css; CSS uses renderer-safe concrete opacity mirrors guarded by PipelineLauncherTest.,theme/state pixel sampling plus generated-token and opacity-allowlist source guards,Theme/state pass 5 routes launcher stylesheet colors through generated LauncherThemeTokens values; opacity values are renderer-safe CSS mirrors constrained by LauncherThemeTokens.CSS_OPACITY_VALUES.
GVT-0777,colors-theme-semantic-roles,css-color-border-fill,src/main/resources/qupath/ext/astra/launcher.css,1995,.astra-dialog-pane .button.astra-button-danger,-fx-text-fill,#7c2417,#7c2417,generated-css-token,closed-generated,Keep launcher theme/state values routed through LauncherThemeTokens and generated launcher.tokens.css; CSS uses renderer-safe concrete opacity mirrors guarded by PipelineLauncherTest.,theme/state pixel sampling plus generated-token and opacity-allowlist source guards,Theme/state pass 5 routes launcher stylesheet colors through generated LauncherThemeTokens values; opacity values are renderer-safe CSS mirrors constrained by LauncherThemeTokens.CSS_OPACITY_VALUES.
GVT-0778,colors-theme-semantic-roles,css-color-border-fill,src/main/resources/qupath/ext/astra/launcher.css,1996,.astra-dialog-pane .button.astra-button-danger,-fx-border-color,#f0a090,#f0a090,generated-css-token,closed-generated,Keep launcher theme/state values routed through LauncherThemeTokens and generated launcher.tokens.css; CSS uses renderer-safe concrete opacity mirrors guarded by PipelineLauncherTest.,theme/state pixel sampling plus generated-token and opacity-allowlist source guards,Theme/state pass 5 routes launcher stylesheet colors through generated LauncherThemeTokens values; opacity values are renderer-safe CSS mirrors constrained by LauncherThemeTokens.CSS_OPACITY_VALUES.
GVT-0779,colors-theme-semantic-roles,css-color-border-fill,src/main/resources/qupath/ext/astra/launcher.css,2000,.astra-dialog-pane .button.astra-button-success,-fx-background-color,#ecf9f1,#ecf9f1,generated-css-token,closed-generated,Keep launcher theme/state values routed through LauncherThemeTokens and generated launcher.tokens.css; CSS uses renderer-safe concrete opacity mirrors guarded by PipelineLauncherTest.,theme/state pixel sampling plus generated-token and opacity-allowlist source guards,Theme/state pass 5 routes launcher stylesheet colors through generated LauncherThemeTokens values; opacity values are renderer-safe CSS mirrors constrained by LauncherThemeTokens.CSS_OPACITY_VALUES.
GVT-0780,colors-theme-semantic-roles,css-color-border-fill,src/main/resources/qupath/ext/astra/launcher.css,2001,.astra-dialog-pane .button.astra-button-success,-fx-text-fill,#17623b,#17623b,generated-css-token,closed-generated,Keep launcher theme/state values routed through LauncherThemeTokens and generated launcher.tokens.css; CSS uses renderer-safe concrete opacity mirrors guarded by PipelineLauncherTest.,theme/state pixel sampling plus generated-token and opacity-allowlist source guards,Theme/state pass 5 routes launcher stylesheet colors through generated LauncherThemeTokens values; opacity values are renderer-safe CSS mirrors constrained by LauncherThemeTokens.CSS_OPACITY_VALUES.
GVT-0781,colors-theme-semantic-roles,css-color-border-fill,src/main/resources/qupath/ext/astra/launcher.css,2002,.astra-dialog-pane .button.astra-button-success,-fx-border-color,#9fd9b7,#9fd9b7,generated-css-token,closed-generated,Keep launcher theme/state values routed through LauncherThemeTokens and generated launcher.tokens.css; CSS uses renderer-safe concrete opacity mirrors guarded by PipelineLauncherTest.,theme/state pixel sampling plus generated-token and opacity-allowlist source guards,Theme/state pass 5 routes launcher stylesheet colors through generated LauncherThemeTokens values; opacity values are renderer-safe CSS mirrors constrained by LauncherThemeTokens.CSS_OPACITY_VALUES.
GVT-0782,opacity-translucency-disabled,css-color-border-fill,src/main/resources/qupath/ext/astra/launcher.css,2006,.astra-dialog-pane .button.astra-button-header,-fx-background-color,"rgba(255, 255, 255, 0.92)","rgba(255, 255, 255, 0.92)",generated-css-token,closed-generated,Keep launcher theme/state values routed through LauncherThemeTokens and generated launcher.tokens.css; CSS uses renderer-safe concrete opacity mirrors guarded by PipelineLauncherTest.,theme/state pixel sampling plus generated-token and opacity-allowlist source guards,Theme/state pass 5 routes launcher stylesheet colors through generated LauncherThemeTokens values; opacity values are renderer-safe CSS mirrors constrained by LauncherThemeTokens.CSS_OPACITY_VALUES.
GVT-0783,colors-theme-semantic-roles,css-color-border-fill,src/main/resources/qupath/ext/astra/launcher.css,2007,.astra-dialog-pane .button.astra-button-header,-fx-text-fill,#0d4f55,#0d4f55,generated-css-token,closed-generated,Keep launcher theme/state values routed through LauncherThemeTokens and generated launcher.tokens.css; CSS uses renderer-safe concrete opacity mirrors guarded by PipelineLauncherTest.,theme/state pixel sampling plus generated-token and opacity-allowlist source guards,Theme/state pass 5 routes launcher stylesheet colors through generated LauncherThemeTokens values; opacity values are renderer-safe CSS mirrors constrained by LauncherThemeTokens.CSS_OPACITY_VALUES.
GVT-0784,opacity-translucency-disabled,css-color-border-fill,src/main/resources/qupath/ext/astra/launcher.css,2008,.astra-dialog-pane .button.astra-button-header,-fx-border-color,"rgba(255, 255, 255, 0.95)","rgba(255, 255, 255, 0.95)",generated-css-token,closed-generated,Keep launcher theme/state values routed through LauncherThemeTokens and generated launcher.tokens.css; CSS uses renderer-safe concrete opacity mirrors guarded by PipelineLauncherTest.,theme/state pixel sampling plus generated-token and opacity-allowlist source guards,Theme/state pass 5 routes launcher stylesheet colors through generated LauncherThemeTokens values; opacity values are renderer-safe CSS mirrors constrained by LauncherThemeTokens.CSS_OPACITY_VALUES.
GVT-0785,colors-theme-semantic-roles,css-color-border-fill,src/main/resources/qupath/ext/astra/launcher.css,2012,.astra-dialog-pane .button.astra-button-toggle-active,-fx-background-color,#0d7f80,#0d7f80,generated-css-token,closed-generated,Keep launcher theme/state values routed through LauncherThemeTokens and generated launcher.tokens.css; CSS uses renderer-safe concrete opacity mirrors guarded by PipelineLauncherTest.,theme/state pixel sampling plus generated-token and opacity-allowlist source guards,Theme/state pass 5 routes launcher stylesheet colors through generated LauncherThemeTokens values; opacity values are renderer-safe CSS mirrors constrained by LauncherThemeTokens.CSS_OPACITY_VALUES.
GVT-0786,colors-theme-semantic-roles,css-color-border-fill,src/main/resources/qupath/ext/astra/launcher.css,2014,.astra-dialog-pane .button.astra-button-toggle-active,-fx-border-color,#07595d,#07595d,generated-css-token,closed-generated,Keep launcher theme/state values routed through LauncherThemeTokens and generated launcher.tokens.css; CSS uses renderer-safe concrete opacity mirrors guarded by PipelineLauncherTest.,theme/state pixel sampling plus generated-token and opacity-allowlist source guards,Theme/state pass 5 routes launcher stylesheet colors through generated LauncherThemeTokens values; opacity values are renderer-safe CSS mirrors constrained by LauncherThemeTokens.CSS_OPACITY_VALUES.
GVT-0787,opacity-translucency-disabled,css-opacity,src/main/resources/qupath/ext/astra/launcher.css,2018,.astra-parameter-row-dependent-disabled,-fx-opacity,1.0,1.0,generated-css-token,closed-generated,Keep launcher theme/state values routed through LauncherThemeTokens and generated launcher.tokens.css; CSS uses renderer-safe concrete opacity mirrors guarded by PipelineLauncherTest.,theme/state pixel sampling plus generated-token and opacity-allowlist source guards,Theme/state pass 5 routes launcher stylesheet colors through generated LauncherThemeTokens values; opacity values are renderer-safe CSS mirrors constrained by LauncherThemeTokens.CSS_OPACITY_VALUES.
GVT-0788,opacity-translucency-disabled,css-color-border-fill,src/main/resources/qupath/ext/astra/launcher.css,2023,.astra-parameter-row-dependent-disabled .astra-parameter-label,-fx-fill,#526a74,#526a74,generated-css-token,closed-generated,Keep launcher theme/state values routed through LauncherThemeTokens and generated launcher.tokens.css; CSS uses renderer-safe concrete opacity mirrors guarded by PipelineLauncherTest.,theme/state pixel sampling plus generated-token and opacity-allowlist source guards,Theme/state pass 5 routes launcher stylesheet colors through generated LauncherThemeTokens values; opacity values are renderer-safe CSS mirrors constrained by LauncherThemeTokens.CSS_OPACITY_VALUES.
GVT-0789,opacity-translucency-disabled,css-opacity,src/main/resources/qupath/ext/astra/launcher.css,2030,.astra-parameter-row-dependent-disabled.combo-box-base,-fx-opacity,1.0,1.0,generated-css-token,closed-generated,Keep launcher theme/state values routed through LauncherThemeTokens and generated launcher.tokens.css; CSS uses renderer-safe concrete opacity mirrors guarded by PipelineLauncherTest.,theme/state pixel sampling plus generated-token and opacity-allowlist source guards,Theme/state pass 5 routes launcher stylesheet colors through generated LauncherThemeTokens values; opacity values are renderer-safe CSS mirrors constrained by LauncherThemeTokens.CSS_OPACITY_VALUES.
GVT-0790,colors-theme-semantic-roles,css-color-border-fill,src/main/resources/qupath/ext/astra/launcher.css,2031,.astra-parameter-row-dependent-disabled.combo-box-base,-fx-text-fill,#49656d,#49656d,generated-css-token,closed-generated,Keep launcher theme/state values routed through LauncherThemeTokens and generated launcher.tokens.css; CSS uses renderer-safe concrete opacity mirrors guarded by PipelineLauncherTest.,theme/state pixel sampling plus generated-token and opacity-allowlist source guards,Theme/state pass 5 routes launcher stylesheet colors through generated LauncherThemeTokens values; opacity values are renderer-safe CSS mirrors constrained by LauncherThemeTokens.CSS_OPACITY_VALUES.
GVT-0791,opacity-translucency-disabled,css-color-border-fill,src/main/resources/qupath/ext/astra/launcher.css,2032,.astra-parameter-row-dependent-disabled.combo-box-base,-fx-background-color,#f4f8f9,#f4f8f9,generated-css-token,closed-generated,Keep launcher theme/state values routed through LauncherThemeTokens and generated launcher.tokens.css; CSS uses renderer-safe concrete opacity mirrors guarded by PipelineLauncherTest.,theme/state pixel sampling plus generated-token and opacity-allowlist source guards,Theme/state pass 5 routes launcher stylesheet colors through generated LauncherThemeTokens values; opacity values are renderer-safe CSS mirrors constrained by LauncherThemeTokens.CSS_OPACITY_VALUES.
GVT-0792,opacity-translucency-disabled,css-color-border-fill,src/main/resources/qupath/ext/astra/launcher.css,2033,.astra-parameter-row-dependent-disabled.combo-box-base,-fx-border-color,#b7cbd1,#b7cbd1,generated-css-token,closed-generated,Keep launcher theme/state values routed through LauncherThemeTokens and generated launcher.tokens.css; CSS uses renderer-safe concrete opacity mirrors guarded by PipelineLauncherTest.,theme/state pixel sampling plus generated-token and opacity-allowlist source guards,Theme/state pass 5 routes launcher stylesheet colors through generated LauncherThemeTokens values; opacity values are renderer-safe CSS mirrors constrained by LauncherThemeTokens.CSS_OPACITY_VALUES.
GVT-0793,colors-theme-semantic-roles,css-color-border-fill,src/main/resources/qupath/ext/astra/launcher.css,2037,.astra-runtime-installer-root,-fx-background-color,#f4f7f8,#f4f7f8,generated-css-token,closed-generated,Keep launcher theme/state values routed through LauncherThemeTokens and generated launcher.tokens.css; CSS uses renderer-safe concrete opacity mirrors guarded by PipelineLauncherTest.,theme/state pixel sampling plus generated-token and opacity-allowlist source guards,Theme/state pass 5 routes launcher stylesheet colors through generated LauncherThemeTokens values; opacity values are renderer-safe CSS mirrors constrained by LauncherThemeTokens.CSS_OPACITY_VALUES.
GVT-0794,colors-theme-semantic-roles,css-color-border-fill,src/main/resources/qupath/ext/astra/launcher.css,2042,.astra-runtime-installer-header,-fx-background-color,#ffffff,#ffffff,generated-css-token,closed-generated,Keep launcher theme/state values routed through LauncherThemeTokens and generated launcher.tokens.css; CSS uses renderer-safe concrete opacity mirrors guarded by PipelineLauncherTest.,theme/state pixel sampling plus generated-token and opacity-allowlist source guards,Theme/state pass 5 routes launcher stylesheet colors through generated LauncherThemeTokens values; opacity values are renderer-safe CSS mirrors constrained by LauncherThemeTokens.CSS_OPACITY_VALUES.
GVT-0795,colors-theme-semantic-roles,css-color-border-fill,src/main/resources/qupath/ext/astra/launcher.css,2043,.astra-runtime-installer-header,-fx-border-color,#c8dce1,#c8dce1,generated-css-token,closed-generated,Keep launcher theme/state values routed through LauncherThemeTokens and generated launcher.tokens.css; CSS uses renderer-safe concrete opacity mirrors guarded by PipelineLauncherTest.,theme/state pixel sampling plus generated-token and opacity-allowlist source guards,Theme/state pass 5 routes launcher stylesheet colors through generated LauncherThemeTokens values; opacity values are renderer-safe CSS mirrors constrained by LauncherThemeTokens.CSS_OPACITY_VALUES.
GVT-0796,bevels-radii-arcs-tab-curvature,css-radius-arc,src/main/resources/qupath/ext/astra/launcher.css,2044,.astra-runtime-installer-header,-fx-border-radius,7,renderer-safe generated concrete CSS value derived from LauncherGeometryTokens,generated-css-token,closed-generated,Keep generated concrete CSS synchronized with LauncherGeometryTokens; staleness tests must fail on drift.,Generated-token staleness test plus JavaFX preview/parser smoke and affected-surface visual review.,CSS declaration now uses renderer-safe generated concrete values because JavaFX looked-up size values are not reliable for size properties.
GVT-0797,bevels-radii-arcs-tab-curvature,css-radius-arc,src/main/resources/qupath/ext/astra/launcher.css,2045,.astra-runtime-installer-header,-fx-background-radius,7,renderer-safe generated concrete CSS value derived from LauncherGeometryTokens,generated-css-token,closed-generated,Keep generated concrete CSS synchronized with LauncherGeometryTokens; staleness tests must fail on drift.,Generated-token staleness test plus JavaFX preview/parser smoke and affected-surface visual review.,CSS declaration now uses renderer-safe generated concrete values because JavaFX looked-up size values are not reliable for size properties.
GVT-0798,typography-text-ink,css-font,src/main/resources/qupath/ext/astra/launcher.css,2049,.astra-runtime-installer-phase,-fx-font-size,18px,18px,generated-css-token,closed-generated,Keep renderer-safe concrete CSS synchronized with LauncherTypographyTokens; staleness tests must fail on drift.,Generated-token staleness test plus text-contract sweep alpha proof for affected rendered text surfaces.,"Typography pass 4 routes CSS font stack, size, and weight through LauncherTypographyTokens and launcher.tokens.css while keeping JavaFX-safe concrete CSS values."
GVT-0799,colors-theme-semantic-roles,css-color-border-fill,src/main/resources/qupath/ext/astra/launcher.css,2051,.astra-runtime-installer-phase,-fx-text-fill,#172431,#172431,generated-css-token,closed-generated,Keep launcher theme/state values routed through LauncherThemeTokens and generated launcher.tokens.css; CSS uses renderer-safe concrete opacity mirrors guarded by PipelineLauncherTest.,theme/state pixel sampling plus generated-token and opacity-allowlist source guards,Theme/state pass 5 routes launcher stylesheet colors through generated LauncherThemeTokens values; opacity values are renderer-safe CSS mirrors constrained by LauncherThemeTokens.CSS_OPACITY_VALUES.
GVT-0800,typography-text-ink,css-font,src/main/resources/qupath/ext/astra/launcher.css,2057,.astra-runtime-installer-step-list,-fx-font-size,12px,12px,generated-css-token,closed-generated,Keep renderer-safe concrete CSS synchronized with LauncherTypographyTokens; staleness tests must fail on drift.,Generated-token staleness test plus text-contract sweep alpha proof for affected rendered text surfaces.,"Typography pass 4 routes CSS font stack, size, and weight through LauncherTypographyTokens and launcher.tokens.css while keeping JavaFX-safe concrete CSS values."
GVT-0801,colors-theme-semantic-roles,css-color-border-fill,src/main/resources/qupath/ext/astra/launcher.css,2059,.astra-runtime-installer-step-list,-fx-text-fill,#415866,#415866,generated-css-token,closed-generated,Keep launcher theme/state values routed through LauncherThemeTokens and generated launcher.tokens.css; CSS uses renderer-safe concrete opacity mirrors guarded by PipelineLauncherTest.,theme/state pixel sampling plus generated-token and opacity-allowlist source guards,Theme/state pass 5 routes launcher stylesheet colors through generated LauncherThemeTokens values; opacity values are renderer-safe CSS mirrors constrained by LauncherThemeTokens.CSS_OPACITY_VALUES.
GVT-0802,colors-theme-semantic-roles,css-color-border-fill,src/main/resources/qupath/ext/astra/launcher.css,2063,.astra-runtime-installer-step-list,-fx-background-color,#e8f3f4,#e8f3f4,generated-css-token,closed-generated,Keep launcher theme/state values routed through LauncherThemeTokens and generated launcher.tokens.css; CSS uses renderer-safe concrete opacity mirrors guarded by PipelineLauncherTest.,theme/state pixel sampling plus generated-token and opacity-allowlist source guards,Theme/state pass 5 routes launcher stylesheet colors through generated LauncherThemeTokens values; opacity values are renderer-safe CSS mirrors constrained by LauncherThemeTokens.CSS_OPACITY_VALUES.
GVT-0803,colors-theme-semantic-roles,css-color-border-fill,src/main/resources/qupath/ext/astra/launcher.css,2064,.astra-runtime-installer-step-list,-fx-border-color,#c8dce1,#c8dce1,generated-css-token,closed-generated,Keep launcher theme/state values routed through LauncherThemeTokens and generated launcher.tokens.css; CSS uses renderer-safe concrete opacity mirrors guarded by PipelineLauncherTest.,theme/state pixel sampling plus generated-token and opacity-allowlist source guards,Theme/state pass 5 routes launcher stylesheet colors through generated LauncherThemeTokens values; opacity values are renderer-safe CSS mirrors constrained by LauncherThemeTokens.CSS_OPACITY_VALUES.
GVT-0804,bevels-radii-arcs-tab-curvature,css-radius-arc,src/main/resources/qupath/ext/astra/launcher.css,2065,.astra-runtime-installer-step-list,-fx-border-radius,7,renderer-safe generated concrete CSS value derived from LauncherGeometryTokens,generated-css-token,closed-generated,Keep generated concrete CSS synchronized with LauncherGeometryTokens; staleness tests must fail on drift.,Generated-token staleness test plus JavaFX preview/parser smoke and affected-surface visual review.,CSS declaration now uses renderer-safe generated concrete values because JavaFX looked-up size values are not reliable for size properties.
GVT-0805,bevels-radii-arcs-tab-curvature,css-radius-arc,src/main/resources/qupath/ext/astra/launcher.css,2066,.astra-runtime-installer-step-list,-fx-background-radius,7,renderer-safe generated concrete CSS value derived from LauncherGeometryTokens,generated-css-token,closed-generated,Keep generated concrete CSS synchronized with LauncherGeometryTokens; staleness tests must fail on drift.,Generated-token staleness test plus JavaFX preview/parser smoke and affected-surface visual review.,CSS declaration now uses renderer-safe generated concrete values because JavaFX looked-up size values are not reliable for size properties.
GVT-0806,colors-theme-semantic-roles,css-visual-declaration,src/main/resources/qupath/ext/astra/launcher.css,2070,.astra-runtime-installer-progress,-fx-accent,#1f7a7a,#1f7a7a,generated-css-token,closed-generated,Keep launcher theme/state values routed through LauncherThemeTokens and generated launcher.tokens.css; CSS uses renderer-safe concrete opacity mirrors guarded by PipelineLauncherTest.,theme/state pixel sampling plus generated-token and opacity-allowlist source guards,Theme/state pass 5 routes launcher stylesheet colors through generated LauncherThemeTokens values; opacity values are renderer-safe CSS mirrors constrained by LauncherThemeTokens.CSS_OPACITY_VALUES.
GVT-0807,colors-theme-semantic-roles,css-color-border-fill,src/main/resources/qupath/ext/astra/launcher.css,2074,.astra-runtime-installer-progress .track,-fx-background-color,#dbe8ec,#dbe8ec,generated-css-token,closed-generated,Keep launcher theme/state values routed through LauncherThemeTokens and generated launcher.tokens.css; CSS uses renderer-safe concrete opacity mirrors guarded by PipelineLauncherTest.,theme/state pixel sampling plus generated-token and opacity-allowlist source guards,Theme/state pass 5 routes launcher stylesheet colors through generated LauncherThemeTokens values; opacity values are renderer-safe CSS mirrors constrained by LauncherThemeTokens.CSS_OPACITY_VALUES.
GVT-0808,colors-theme-semantic-roles,css-color-border-fill,src/main/resources/qupath/ext/astra/launcher.css,2075,.astra-runtime-installer-progress .track,-fx-border-color,#b9cdd3,#b9cdd3,generated-css-token,closed-generated,Keep launcher theme/state values routed through LauncherThemeTokens and generated launcher.tokens.css; CSS uses renderer-safe concrete opacity mirrors guarded by PipelineLauncherTest.,theme/state pixel sampling plus generated-token and opacity-allowlist source guards,Theme/state pass 5 routes launcher stylesheet colors through generated LauncherThemeTokens values; opacity values are renderer-safe CSS mirrors constrained by LauncherThemeTokens.CSS_OPACITY_VALUES.
GVT-0809,bevels-radii-arcs-tab-curvature,css-radius-arc,src/main/resources/qupath/ext/astra/launcher.css,2076,.astra-runtime-installer-progress .track,-fx-border-radius,6,renderer-safe generated concrete CSS value derived from LauncherGeometryTokens,generated-css-token,closed-generated,Keep generated concrete CSS synchronized with LauncherGeometryTokens; staleness tests must fail on drift.,Generated-token staleness test plus JavaFX preview/parser smoke and affected-surface visual review.,CSS declaration now uses renderer-safe generated concrete values because JavaFX looked-up size values are not reliable for size properties.
GVT-0810,bevels-radii-arcs-tab-curvature,css-radius-arc,src/main/resources/qupath/ext/astra/launcher.css,2077,.astra-runtime-installer-progress .track,-fx-background-radius,6,renderer-safe generated concrete CSS value derived from LauncherGeometryTokens,generated-css-token,closed-generated,Keep generated concrete CSS synchronized with LauncherGeometryTokens; staleness tests must fail on drift.,Generated-token staleness test plus JavaFX preview/parser smoke and affected-surface visual review.,CSS declaration now uses renderer-safe generated concrete values because JavaFX looked-up size values are not reliable for size properties.
GVT-0811,colors-theme-semantic-roles,css-color-border-fill,src/main/resources/qupath/ext/astra/launcher.css,2081,.astra-runtime-installer-progress .bar,-fx-background-color,"linear-gradient(to right, #0d4f55, #1f7a7a, #39c5bb)","linear-gradient(to right, #0d4f55, #1f7a7a, #39c5bb)",generated-css-token,closed-generated,Keep launcher theme/state values routed through LauncherThemeTokens and generated launcher.tokens.css; CSS uses renderer-safe concrete opacity mirrors guarded by PipelineLauncherTest.,theme/state pixel sampling plus generated-token and opacity-allowlist source guards,Theme/state pass 5 routes launcher stylesheet colors through generated LauncherThemeTokens values; opacity values are renderer-safe CSS mirrors constrained by LauncherThemeTokens.CSS_OPACITY_VALUES.
GVT-0812,bevels-radii-arcs-tab-curvature,css-radius-arc,src/main/resources/qupath/ext/astra/launcher.css,2082,.astra-runtime-installer-progress .bar,-fx-background-radius,6,renderer-safe generated concrete CSS value derived from LauncherGeometryTokens,generated-css-token,closed-generated,Keep generated concrete CSS synchronized with LauncherGeometryTokens; staleness tests must fail on drift.,Generated-token staleness test plus JavaFX preview/parser smoke and affected-surface visual review.,CSS declaration now uses renderer-safe generated concrete values because JavaFX looked-up size values are not reliable for size properties.
GVT-0813,colors-theme-semantic-roles,css-color-border-fill,src/main/resources/qupath/ext/astra/launcher.css,2086,.astra-runtime-installer-status-card,-fx-background-color,#ffffff,#ffffff,generated-css-token,closed-generated,Keep launcher theme/state values routed through LauncherThemeTokens and generated launcher.tokens.css; CSS uses renderer-safe concrete opacity mirrors guarded by PipelineLauncherTest.,theme/state pixel sampling plus generated-token and opacity-allowlist source guards,Theme/state pass 5 routes launcher stylesheet colors through generated LauncherThemeTokens values; opacity values are renderer-safe CSS mirrors constrained by LauncherThemeTokens.CSS_OPACITY_VALUES.
GVT-0814,colors-theme-semantic-roles,css-color-border-fill,src/main/resources/qupath/ext/astra/launcher.css,2087,.astra-runtime-installer-status-card,-fx-border-color,#c8dce1,#c8dce1,generated-css-token,closed-generated,Keep launcher theme/state values routed through LauncherThemeTokens and generated launcher.tokens.css; CSS uses renderer-safe concrete opacity mirrors guarded by PipelineLauncherTest.,theme/state pixel sampling plus generated-token and opacity-allowlist source guards,Theme/state pass 5 routes launcher stylesheet colors through generated LauncherThemeTokens values; opacity values are renderer-safe CSS mirrors constrained by LauncherThemeTokens.CSS_OPACITY_VALUES.
GVT-0815,bevels-radii-arcs-tab-curvature,css-radius-arc,src/main/resources/qupath/ext/astra/launcher.css,2088,.astra-runtime-installer-status-card,-fx-border-radius,7,renderer-safe generated concrete CSS value derived from LauncherGeometryTokens,generated-css-token,closed-generated,Keep generated concrete CSS synchronized with LauncherGeometryTokens; staleness tests must fail on drift.,Generated-token staleness test plus JavaFX preview/parser smoke and affected-surface visual review.,CSS declaration now uses renderer-safe generated concrete values because JavaFX looked-up size values are not reliable for size properties.
GVT-0816,bevels-radii-arcs-tab-curvature,css-radius-arc,src/main/resources/qupath/ext/astra/launcher.css,2089,.astra-runtime-installer-status-card,-fx-background-radius,7,renderer-safe generated concrete CSS value derived from LauncherGeometryTokens,generated-css-token,closed-generated,Keep generated concrete CSS synchronized with LauncherGeometryTokens; staleness tests must fail on drift.,Generated-token staleness test plus JavaFX preview/parser smoke and affected-surface visual review.,CSS declaration now uses renderer-safe generated concrete values because JavaFX looked-up size values are not reliable for size properties.
GVT-0817,typography-text-ink,css-font,src/main/resources/qupath/ext/astra/launcher.css,2093,.astra-runtime-installer-result-title,-fx-font-size,14px,14px,generated-css-token,closed-generated,Keep renderer-safe concrete CSS synchronized with LauncherTypographyTokens; staleness tests must fail on drift.,Generated-token staleness test plus text-contract sweep alpha proof for affected rendered text surfaces.,"Typography pass 4 routes CSS font stack, size, and weight through LauncherTypographyTokens and launcher.tokens.css while keeping JavaFX-safe concrete CSS values."
GVT-0818,colors-theme-semantic-roles,css-color-border-fill,src/main/resources/qupath/ext/astra/launcher.css,2095,.astra-runtime-installer-result-title,-fx-text-fill,#172431,#172431,generated-css-token,closed-generated,Keep launcher theme/state values routed through LauncherThemeTokens and generated launcher.tokens.css; CSS uses renderer-safe concrete opacity mirrors guarded by PipelineLauncherTest.,theme/state pixel sampling plus generated-token and opacity-allowlist source guards,Theme/state pass 5 routes launcher stylesheet colors through generated LauncherThemeTokens values; opacity values are renderer-safe CSS mirrors constrained by LauncherThemeTokens.CSS_OPACITY_VALUES.
GVT-0819,typography-text-ink,css-font,src/main/resources/qupath/ext/astra/launcher.css,2099,.astra-runtime-installer-result-body,-fx-font-size,12px,12px,generated-css-token,closed-generated,Keep renderer-safe concrete CSS synchronized with LauncherTypographyTokens; staleness tests must fail on drift.,Generated-token staleness test plus text-contract sweep alpha proof for affected rendered text surfaces.,"Typography pass 4 routes CSS font stack, size, and weight through LauncherTypographyTokens and launcher.tokens.css while keeping JavaFX-safe concrete CSS values."
GVT-0820,colors-theme-semantic-roles,css-color-border-fill,src/main/resources/qupath/ext/astra/launcher.css,2100,.astra-runtime-installer-result-body,-fx-text-fill,#24323a,#24323a,generated-css-token,closed-generated,Keep launcher theme/state values routed through LauncherThemeTokens and generated launcher.tokens.css; CSS uses renderer-safe concrete opacity mirrors guarded by PipelineLauncherTest.,theme/state pixel sampling plus generated-token and opacity-allowlist source guards,Theme/state pass 5 routes launcher stylesheet colors through generated LauncherThemeTokens values; opacity values are renderer-safe CSS mirrors constrained by LauncherThemeTokens.CSS_OPACITY_VALUES.
GVT-0821,colors-theme-semantic-roles,css-color-border-fill,src/main/resources/qupath/ext/astra/launcher.css,2104,.astra-runtime-installer-log-pane,-fx-background-color,#ffffff,#ffffff,generated-css-token,closed-generated,Keep launcher theme/state values routed through LauncherThemeTokens and generated launcher.tokens.css; CSS uses renderer-safe concrete opacity mirrors guarded by PipelineLauncherTest.,theme/state pixel sampling plus generated-token and opacity-allowlist source guards,Theme/state pass 5 routes launcher stylesheet colors through generated LauncherThemeTokens values; opacity values are renderer-safe CSS mirrors constrained by LauncherThemeTokens.CSS_OPACITY_VALUES.
GVT-0822,colors-theme-semantic-roles,css-color-border-fill,src/main/resources/qupath/ext/astra/launcher.css,2105,.astra-runtime-installer-log-pane,-fx-border-color,#c8dce1,#c8dce1,generated-css-token,closed-generated,Keep launcher theme/state values routed through LauncherThemeTokens and generated launcher.tokens.css; CSS uses renderer-safe concrete opacity mirrors guarded by PipelineLauncherTest.,theme/state pixel sampling plus generated-token and opacity-allowlist source guards,Theme/state pass 5 routes launcher stylesheet colors through generated LauncherThemeTokens values; opacity values are renderer-safe CSS mirrors constrained by LauncherThemeTokens.CSS_OPACITY_VALUES.
GVT-0823,bevels-radii-arcs-tab-curvature,css-radius-arc,src/main/resources/qupath/ext/astra/launcher.css,2106,.astra-runtime-installer-log-pane,-fx-border-radius,7,renderer-safe generated concrete CSS value derived from LauncherGeometryTokens,generated-css-token,closed-generated,Keep generated concrete CSS synchronized with LauncherGeometryTokens; staleness tests must fail on drift.,Generated-token staleness test plus JavaFX preview/parser smoke and affected-surface visual review.,CSS declaration now uses renderer-safe generated concrete values because JavaFX looked-up size values are not reliable for size properties.
GVT-0824,bevels-radii-arcs-tab-curvature,css-radius-arc,src/main/resources/qupath/ext/astra/launcher.css,2107,.astra-runtime-installer-log-pane,-fx-background-radius,7,renderer-safe generated concrete CSS value derived from LauncherGeometryTokens,generated-css-token,closed-generated,Keep generated concrete CSS synchronized with LauncherGeometryTokens; staleness tests must fail on drift.,Generated-token staleness test plus JavaFX preview/parser smoke and affected-surface visual review.,CSS declaration now uses renderer-safe generated concrete values because JavaFX looked-up size values are not reliable for size properties.
GVT-0825,colors-theme-semantic-roles,css-color-border-fill,src/main/resources/qupath/ext/astra/launcher.css,2111,.astra-runtime-installer-log-pane > .title,-fx-background-color,#e8f3f4,#e8f3f4,generated-css-token,closed-generated,Keep launcher theme/state values routed through LauncherThemeTokens and generated launcher.tokens.css; CSS uses renderer-safe concrete opacity mirrors guarded by PipelineLauncherTest.,theme/state pixel sampling plus generated-token and opacity-allowlist source guards,Theme/state pass 5 routes launcher stylesheet colors through generated LauncherThemeTokens values; opacity values are renderer-safe CSS mirrors constrained by LauncherThemeTokens.CSS_OPACITY_VALUES.
GVT-0826,colors-theme-semantic-roles,css-color-border-fill,src/main/resources/qupath/ext/astra/launcher.css,2112,.astra-runtime-installer-log-pane > .title,-fx-border-color,#c8dce1,#c8dce1,generated-css-token,closed-generated,Keep launcher theme/state values routed through LauncherThemeTokens and generated launcher.tokens.css; CSS uses renderer-safe concrete opacity mirrors guarded by PipelineLauncherTest.,theme/state pixel sampling plus generated-token and opacity-allowlist source guards,Theme/state pass 5 routes launcher stylesheet colors through generated LauncherThemeTokens values; opacity values are renderer-safe CSS mirrors constrained by LauncherThemeTokens.CSS_OPACITY_VALUES.
GVT-0827,bevels-radii-arcs-tab-curvature,css-radius-arc,src/main/resources/qupath/ext/astra/launcher.css,2113,.astra-runtime-installer-log-pane > .title,-fx-background-radius,7 7 0 0,renderer-safe generated concrete CSS value derived from LauncherGeometryTokens,generated-css-token,closed-generated,Keep generated concrete CSS synchronized with LauncherGeometryTokens; staleness tests must fail on drift.,Generated-token staleness test plus JavaFX preview/parser smoke and affected-surface visual review.,CSS declaration now uses renderer-safe generated concrete values because JavaFX looked-up size values are not reliable for size properties.
GVT-0828,typography-text-ink,css-font,src/main/resources/qupath/ext/astra/launcher.css,2117,.astra-runtime-installer-log-pane > .title > .text,-fx-font-size,12px,12px,generated-css-token,closed-generated,Keep renderer-safe concrete CSS synchronized with LauncherTypographyTokens; staleness tests must fail on drift.,Generated-token staleness test plus text-contract sweep alpha proof for affected rendered text surfaces.,"Typography pass 4 routes CSS font stack, size, and weight through LauncherTypographyTokens and launcher.tokens.css while keeping JavaFX-safe concrete CSS values."
GVT-0829,colors-theme-semantic-roles,css-color-border-fill,src/main/resources/qupath/ext/astra/launcher.css,2119,.astra-runtime-installer-log-pane > .title > .text,-fx-fill,#0d4f55,#0d4f55,generated-css-token,closed-generated,Keep launcher theme/state values routed through LauncherThemeTokens and generated launcher.tokens.css; CSS uses renderer-safe concrete opacity mirrors guarded by PipelineLauncherTest.,theme/state pixel sampling plus generated-token and opacity-allowlist source guards,Theme/state pass 5 routes launcher stylesheet colors through generated LauncherThemeTokens values; opacity values are renderer-safe CSS mirrors constrained by LauncherThemeTokens.CSS_OPACITY_VALUES.
GVT-0830,typography-text-ink,css-font,src/main/resources/qupath/ext/astra/launcher.css,2124,.astra-runtime-installer-log,-fx-font-size,11px,11px,generated-css-token,closed-generated,Keep renderer-safe concrete CSS synchronized with LauncherTypographyTokens; staleness tests must fail on drift.,Generated-token staleness test plus text-contract sweep alpha proof for affected rendered text surfaces.,"Typography pass 4 routes CSS font stack, size, and weight through LauncherTypographyTokens and launcher.tokens.css while keeping JavaFX-safe concrete CSS values."
GVT-0831,colors-theme-semantic-roles,css-color-border-fill,src/main/resources/qupath/ext/astra/launcher.css,2125,.astra-runtime-installer-log,-fx-text-fill,#172431,#172431,generated-css-token,closed-generated,Keep launcher theme/state values routed through LauncherThemeTokens and generated launcher.tokens.css; CSS uses renderer-safe concrete opacity mirrors guarded by PipelineLauncherTest.,theme/state pixel sampling plus generated-token and opacity-allowlist source guards,Theme/state pass 5 routes launcher stylesheet colors through generated LauncherThemeTokens values; opacity values are renderer-safe CSS mirrors constrained by LauncherThemeTokens.CSS_OPACITY_VALUES.
GVT-0832,colors-theme-semantic-roles,css-color-border-fill,src/main/resources/qupath/ext/astra/launcher.css,2126,.astra-runtime-installer-log,-fx-control-inner-background,#fbfdfe,#fbfdfe,generated-css-token,closed-generated,Keep launcher theme/state values routed through LauncherThemeTokens and generated launcher.tokens.css; CSS uses renderer-safe concrete opacity mirrors guarded by PipelineLauncherTest.,theme/state pixel sampling plus generated-token and opacity-allowlist source guards,Theme/state pass 5 routes launcher stylesheet colors through generated LauncherThemeTokens values; opacity values are renderer-safe CSS mirrors constrained by LauncherThemeTokens.CSS_OPACITY_VALUES.
GVT-0833,dialogs-popups-menus-lists,java-usage,src/test/java/qupath/ext/astra/LauncherPreviewApp.java,278,,java-visual-literal,2.8,"schedule(HEADER_SETTINGS_MENU_CAPTURE_SECONDS, () -> snapshotSurfaceGeometry(""settings-menu-geometry"", title, Surface.HEADER_MENU, true));",generated/test-only,closed-test-only,Preview-only popup/dialog capture timing now uses named LauncherPreviewApp constants; production GUI behavior is unaffected.,actual popup/window captures + rendered bounds tables,Pass 7: test-only transient-surface capture timing token; proof lives in gui-transient-surface-audit.csv and targeted preview diagnostics.
GVT-0834,dialogs-popups-menus-lists,java-usage,src/test/java/qupath/ext/astra/LauncherPreviewApp.java,281,,java-visual-literal,4.2,"schedule(HEADER_PROJECT_MENU_CAPTURE_SECONDS, () -> snapshotSurfaceGeometry(""project-menu-geometry"", title, Surface.HEADER_MENU, true));",generated/test-only,closed-test-only,Preview-only popup/dialog capture timing now uses named LauncherPreviewApp constants; production GUI behavior is unaffected.,actual popup/window captures + rendered bounds tables,Pass 7: test-only transient-surface capture timing token; proof lives in gui-transient-surface-audit.csv and targeted preview diagnostics.
GVT-0835,dialogs-popups-menus-lists,java-usage,src/test/java/qupath/ext/astra/LauncherPreviewApp.java,284,,java-visual-literal,5.6,"schedule(HEADER_VIEW_MENU_CAPTURE_SECONDS, () -> snapshotSurfaceGeometry(""view-menu-geometry"", title, Surface.HEADER_MENU, true));",generated/test-only,closed-test-only,Preview-only popup/dialog capture timing now uses named LauncherPreviewApp constants; production GUI behavior is unaffected.,actual popup/window captures + rendered bounds tables,Pass 7: test-only transient-surface capture timing token; proof lives in gui-transient-surface-audit.csv and targeted preview diagnostics.
GVT-0836,control-geometry,java-usage,src/test/java/qupath/ext/astra/LauncherPreviewApp.java,322,,java-visual-literal,3.2,"schedule(3.2, () -> snapshotSurfaceGeometry(""combo-popup-geometry"", title, Surface.COMBO_POPUP, true));",generated/test-only,closed-test-only,Keep diagnostic/test-only geometry derived from named tokens; do not use these values as production layout constants.,preview diagnostic artifact or focused test guard,Control-geometry pass 3 resolved this test/diagnostic row as generated or token-derived proof code.
GVT-0837,control-geometry,java-usage,src/test/java/qupath/ext/astra/LauncherPreviewApp.java,449,,java-visual-literal,2.9,"schedule(2.9, () -> snapshotSurfaceGeometry(""custom-controls-geometry"", title, Surface.CUSTOM_CONTROLS, false));",generated/test-only,closed-test-only,Keep diagnostic/test-only geometry derived from named tokens; do not use these values as production layout constants.,preview diagnostic artifact or focused test guard,Control-geometry pass 3 resolved this test/diagnostic row as generated or token-derived proof code.
GVT-0838,dialogs-popups-menus-lists,java-usage,src/test/java/qupath/ext/astra/LauncherPreviewApp.java,519,,java-visual-literal,4.1,"schedule(SELECTED_IMAGES_DIALOG_CAPTURE_SECONDS, () -> snapshotSurfaceGeometry(""selected-images-dialog-geometry"", title, Surface.DIALOG, true));",generated/test-only,closed-test-only,Preview-only popup/dialog capture timing now uses named LauncherPreviewApp constants; production GUI behavior is unaffected.,actual popup/window captures + rendered bounds tables,Pass 7: test-only transient-surface capture timing token; proof lives in gui-transient-surface-audit.csv and targeted preview diagnostics.
GVT-0839,dialogs-popups-menus-lists,java-usage,src/test/java/qupath/ext/astra/LauncherPreviewApp.java,526,,java-visual-literal,3.6,"schedule(MULTI_SELECT_DIALOG_CAPTURE_SECONDS, () -> snapshotSurfaceGeometry(""multi-select-dialog-geometry"", title, Surface.DIALOG, true));",generated/test-only,closed-test-only,Preview-only popup/dialog capture timing now uses named LauncherPreviewApp constants; production GUI behavior is unaffected.,actual popup/window captures + rendered bounds tables,Pass 7: test-only transient-surface capture timing token; proof lives in gui-transient-surface-audit.csv and targeted preview diagnostics.
GVT-0840,colors-theme-semantic-roles,java-usage,src/test/java/qupath/ext/astra/LauncherPreviewApp.java,1528,,color,0 95 115,"new Color(0, 95, 115));",generated/test-only,closed-test-only,Keep as diagnostic overlay color unless it becomes production UI.,preview diagnostic screenshot QA only,"Preview-only diagnostic paint, not a launcher user-facing theme source."
GVT-0841,colors-theme-semantic-roles,java-usage,src/test/java/qupath/ext/astra/LauncherPreviewApp.java,1530,,color,255 159 28,"new Color(255, 159, 28));",generated/test-only,closed-test-only,Keep as diagnostic overlay color unless it becomes production UI.,preview diagnostic screenshot QA only,"Preview-only diagnostic paint, not a launcher user-facing theme source."
GVT-0842,colors-theme-semantic-roles,java-usage,src/test/java/qupath/ext/astra/LauncherPreviewApp.java,1537,,color,255 0 110,"new Color(255, 0, 110))));",generated/test-only,closed-test-only,Keep as diagnostic overlay color unless it becomes production UI.,preview diagnostic screenshot QA only,"Preview-only diagnostic paint, not a launcher user-facing theme source."
GVT-0843,colors-theme-semantic-roles,java-usage,src/test/java/qupath/ext/astra/LauncherPreviewApp.java,1539,,color,42 157 143,"new Color(42, 157, 143));",generated/test-only,closed-test-only,Keep as diagnostic overlay color unless it becomes production UI.,preview diagnostic screenshot QA only,"Preview-only diagnostic paint, not a launcher user-facing theme source."
GVT-0844,colors-theme-semantic-roles,java-usage,src/test/java/qupath/ext/astra/LauncherPreviewApp.java,1541,,color,131 56 236,"new Color(131, 56, 236));",generated/test-only,closed-test-only,Keep as diagnostic overlay color unless it becomes production UI.,preview diagnostic screenshot QA only,"Preview-only diagnostic paint, not a launcher user-facing theme source."
GVT-0845,colors-theme-semantic-roles,java-usage,src/test/java/qupath/ext/astra/LauncherPreviewApp.java,1543,,color,88 129 87,"new Color(88, 129, 87));",generated/test-only,closed-test-only,Keep as diagnostic overlay color unless it becomes production UI.,preview diagnostic screenshot QA only,"Preview-only diagnostic paint, not a launcher user-facing theme source."
GVT-0846,colors-theme-semantic-roles,java-usage,src/test/java/qupath/ext/astra/LauncherPreviewApp.java,1545,,color,230 57 70,"new Color(230, 57, 70));",generated/test-only,closed-test-only,Keep as diagnostic overlay color unless it becomes production UI.,preview diagnostic screenshot QA only,"Preview-only diagnostic paint, not a launcher user-facing theme source."
GVT-0847,colors-theme-semantic-roles,java-usage,src/test/java/qupath/ext/astra/LauncherPreviewApp.java,1547,,color,69 123 157,"new Color(69, 123, 157));",generated/test-only,closed-test-only,Keep as diagnostic overlay color unless it becomes production UI.,preview diagnostic screenshot QA only,"Preview-only diagnostic paint, not a launcher user-facing theme source."
GVT-0848,colors-theme-semantic-roles,java-usage,src/test/java/qupath/ext/astra/LauncherPreviewApp.java,1549,,color,88 129 87,"new Color(88, 129, 87));",generated/test-only,closed-test-only,Keep as diagnostic overlay color unless it becomes production UI.,preview diagnostic screenshot QA only,"Preview-only diagnostic paint, not a launcher user-facing theme source."
GVT-0849,colors-theme-semantic-roles,java-usage,src/test/java/qupath/ext/astra/LauncherPreviewApp.java,1551,,color,230 57 70,"new Color(230, 57, 70));",generated/test-only,closed-test-only,Keep as diagnostic overlay color unless it becomes production UI.,preview diagnostic screenshot QA only,"Preview-only diagnostic paint, not a launcher user-facing theme source."
GVT-0850,colors-theme-semantic-roles,java-usage,src/test/java/qupath/ext/astra/LauncherPreviewApp.java,1553,,color,42 157 143,"new Color(42, 157, 143));",generated/test-only,closed-test-only,Keep as diagnostic overlay color unless it becomes production UI.,preview diagnostic screenshot QA only,"Preview-only diagnostic paint, not a launcher user-facing theme source."
GVT-0851,colors-theme-semantic-roles,java-usage,src/test/java/qupath/ext/astra/LauncherPreviewApp.java,1555,,color,131 56 236,"new Color(131, 56, 236));",generated/test-only,closed-test-only,Keep as diagnostic overlay color unless it becomes production UI.,preview diagnostic screenshot QA only,"Preview-only diagnostic paint, not a launcher user-facing theme source."
GVT-0852,colors-theme-semantic-roles,java-usage,src/test/java/qupath/ext/astra/LauncherPreviewApp.java,1580,,color,0 95 115,""".astra-header-action-rail"", new Color(0, 95, 115));",generated/test-only,closed-test-only,Keep as diagnostic overlay color unless it becomes production UI.,preview diagnostic screenshot QA only,"Preview-only diagnostic paint, not a launcher user-facing theme source."
GVT-0853,colors-theme-semantic-roles,java-usage,src/test/java/qupath/ext/astra/LauncherPreviewApp.java,1582,,color,255 159 28,""".astra-header-action-rail-tab"", new Color(255, 159, 28));",generated/test-only,closed-test-only,Keep as diagnostic overlay color unless it becomes production UI.,preview diagnostic screenshot QA only,"Preview-only diagnostic paint, not a launcher user-facing theme source."
GVT-0854,colors-theme-semantic-roles,java-usage,src/test/java/qupath/ext/astra/LauncherPreviewApp.java,1586,,color,42 157 143,"new Color(42, 157, 143))));",generated/test-only,closed-test-only,Keep as diagnostic overlay color unless it becomes production UI.,preview diagnostic screenshot QA only,"Preview-only diagnostic paint, not a launcher user-facing theme source."
GVT-0855,colors-theme-semantic-roles,java-usage,src/test/java/qupath/ext/astra/LauncherPreviewApp.java,1590,,color,0 95 115,""".astra-header-context-menu"", new Color(0, 95, 115));",generated/test-only,closed-test-only,Keep as diagnostic overlay color unless it becomes production UI.,preview diagnostic screenshot QA only,"Preview-only diagnostic paint, not a launcher user-facing theme source."
GVT-0856,colors-theme-semantic-roles,java-usage,src/test/java/qupath/ext/astra/LauncherPreviewApp.java,1592,,color,42 157 143,""".astra-header-options-panel"", new Color(42, 157, 143));",generated/test-only,closed-test-only,Keep as diagnostic overlay color unless it becomes production UI.,preview diagnostic screenshot QA only,"Preview-only diagnostic paint, not a launcher user-facing theme source."
GVT-0857,colors-theme-semantic-roles,java-usage,src/test/java/qupath/ext/astra/LauncherPreviewApp.java,1594,,color,255 159 28,""".astra-header-options-group"", new Color(255, 159, 28));",generated/test-only,closed-test-only,Keep as diagnostic overlay color unless it becomes production UI.,preview diagnostic screenshot QA only,"Preview-only diagnostic paint, not a launcher user-facing theme source."
GVT-0858,colors-theme-semantic-roles,java-usage,src/test/java/qupath/ext/astra/LauncherPreviewApp.java,1598,,color,131 56 236,"new Color(131, 56, 236))));",generated/test-only,closed-test-only,Keep as diagnostic overlay color unless it becomes production UI.,preview diagnostic screenshot QA only,"Preview-only diagnostic paint, not a launcher user-facing theme source."
GVT-0859,colors-theme-semantic-roles,java-usage,src/test/java/qupath/ext/astra/LauncherPreviewApp.java,1602,,color,0 95 115,""".astra-combo"", new Color(0, 95, 115));",generated/test-only,closed-test-only,Keep as diagnostic overlay color unless it becomes production UI.,preview diagnostic screenshot QA only,"Preview-only diagnostic paint, not a launcher user-facing theme source."
GVT-0860,colors-theme-semantic-roles,java-usage,src/test/java/qupath/ext/astra/LauncherPreviewApp.java,1604,,color,42 157 143,""".astra-combo-cell"", new Color(42, 157, 143));",generated/test-only,closed-test-only,Keep as diagnostic overlay color unless it becomes production UI.,preview diagnostic screenshot QA only,"Preview-only diagnostic paint, not a launcher user-facing theme source."
GVT-0861,colors-theme-semantic-roles,java-usage,src/test/java/qupath/ext/astra/LauncherPreviewApp.java,1606,,color,255 159 28,""".astra-combo-arrow-button"", new Color(255, 159, 28));",generated/test-only,closed-test-only,Keep as diagnostic overlay color unless it becomes production UI.,preview diagnostic screenshot QA only,"Preview-only diagnostic paint, not a launcher user-facing theme source."
GVT-0862,colors-theme-semantic-roles,java-usage,src/test/java/qupath/ext/astra/LauncherPreviewApp.java,1610,,color,0 95 115,""".list-view"", new Color(0, 95, 115));",generated/test-only,closed-test-only,Keep as diagnostic overlay color unless it becomes production UI.,preview diagnostic screenshot QA only,"Preview-only diagnostic paint, not a launcher user-facing theme source."
GVT-0863,colors-theme-semantic-roles,java-usage,src/test/java/qupath/ext/astra/LauncherPreviewApp.java,1614,,color,42 157 143,"new Color(42, 157, 143))));",generated/test-only,closed-test-only,Keep as diagnostic overlay color unless it becomes production UI.,preview diagnostic screenshot QA only,"Preview-only diagnostic paint, not a launcher user-facing theme source."
GVT-0864,colors-theme-semantic-roles,java-usage,src/test/java/qupath/ext/astra/LauncherPreviewApp.java,1618,,color,0 95 115,""".astra-asset-combo-diagnostic"", new Color(0, 95, 115));",generated/test-only,closed-test-only,Keep as diagnostic overlay color unless it becomes production UI.,preview diagnostic screenshot QA only,"Preview-only diagnostic paint, not a launcher user-facing theme source."
GVT-0865,colors-theme-semantic-roles,java-usage,src/test/java/qupath/ext/astra/LauncherPreviewApp.java,1620,,color,255 159 28,""".astra-asset-empty-combo"", new Color(255, 159, 28));",generated/test-only,closed-test-only,Keep as diagnostic overlay color unless it becomes production UI.,preview diagnostic screenshot QA only,"Preview-only diagnostic paint, not a launcher user-facing theme source."
GVT-0866,colors-theme-semantic-roles,java-usage,src/test/java/qupath/ext/astra/LauncherPreviewApp.java,1622,,color,42 157 143,""".astra-asset-populated-combo"", new Color(42, 157, 143));",generated/test-only,closed-test-only,Keep as diagnostic overlay color unless it becomes production UI.,preview diagnostic screenshot QA only,"Preview-only diagnostic paint, not a launcher user-facing theme source."
GVT-0867,colors-theme-semantic-roles,java-usage,src/test/java/qupath/ext/astra/LauncherPreviewApp.java,1626,,color,0 95 115,""".list-view"", new Color(0, 95, 115));",generated/test-only,closed-test-only,Keep as diagnostic overlay color unless it becomes production UI.,preview diagnostic screenshot QA only,"Preview-only diagnostic paint, not a launcher user-facing theme source."
GVT-0868,colors-theme-semantic-roles,java-usage,src/test/java/qupath/ext/astra/LauncherPreviewApp.java,1630,,color,42 157 143,"new Color(42, 157, 143))));",generated/test-only,closed-test-only,Keep as diagnostic overlay color unless it becomes production UI.,preview diagnostic screenshot QA only,"Preview-only diagnostic paint, not a launcher user-facing theme source."
GVT-0869,colors-theme-semantic-roles,java-usage,src/test/java/qupath/ext/astra/LauncherPreviewApp.java,1634,,color,0 95 115,""".tooltip"", new Color(0, 95, 115));",generated/test-only,closed-test-only,Keep as diagnostic overlay color unless it becomes production UI.,preview diagnostic screenshot QA only,"Preview-only diagnostic paint, not a launcher user-facing theme source."
GVT-0870,colors-theme-semantic-roles,java-usage,src/test/java/qupath/ext/astra/LauncherPreviewApp.java,1638,,color,0 95 115,"new Color(0, 95, 115)));",generated/test-only,closed-test-only,Keep as diagnostic overlay color unless it becomes production UI.,preview diagnostic screenshot QA only,"Preview-only diagnostic paint, not a launcher user-facing theme source."
GVT-0871,colors-theme-semantic-roles,java-usage,src/test/java/qupath/ext/astra/LauncherPreviewApp.java,1643,,color,0 95 115,""".astra-runtime-installer-root"", new Color(0, 95, 115));",generated/test-only,closed-test-only,Keep as diagnostic overlay color unless it becomes production UI.,preview diagnostic screenshot QA only,"Preview-only diagnostic paint, not a launcher user-facing theme source."
GVT-0872,colors-theme-semantic-roles,java-usage,src/test/java/qupath/ext/astra/LauncherPreviewApp.java,1645,,color,42 157 143,""".astra-runtime-installer-header"", new Color(42, 157, 143));",generated/test-only,closed-test-only,Keep as diagnostic overlay color unless it becomes production UI.,preview diagnostic screenshot QA only,"Preview-only diagnostic paint, not a launcher user-facing theme source."
GVT-0873,colors-theme-semantic-roles,java-usage,src/test/java/qupath/ext/astra/LauncherPreviewApp.java,1647,,color,255 159 28,""".astra-runtime-installer-log"", new Color(255, 159, 28));",generated/test-only,closed-test-only,Keep as diagnostic overlay color unless it becomes production UI.,preview diagnostic screenshot QA only,"Preview-only diagnostic paint, not a launcher user-facing theme source."
GVT-0874,colors-theme-semantic-roles,java-usage,src/test/java/qupath/ext/astra/LauncherPreviewApp.java,1651,,color,0 95 115,""".astra-output-pane"", new Color(0, 95, 115));",generated/test-only,closed-test-only,Keep as diagnostic overlay color unless it becomes production UI.,preview diagnostic screenshot QA only,"Preview-only diagnostic paint, not a launcher user-facing theme source."
GVT-0875,colors-theme-semantic-roles,java-usage,src/test/java/qupath/ext/astra/LauncherPreviewApp.java,1653,,color,42 157 143,""".astra-log-status-card"", new Color(42, 157, 143));",generated/test-only,closed-test-only,Keep as diagnostic overlay color unless it becomes production UI.,preview diagnostic screenshot QA only,"Preview-only diagnostic paint, not a launcher user-facing theme source."
GVT-0876,colors-theme-semantic-roles,java-usage,src/test/java/qupath/ext/astra/LauncherPreviewApp.java,1655,,color,255 159 28,""".astra-log-scroll"", new Color(255, 159, 28));",generated/test-only,closed-test-only,Keep as diagnostic overlay color unless it becomes production UI.,preview diagnostic screenshot QA only,"Preview-only diagnostic paint, not a launcher user-facing theme source."
GVT-0877,colors-theme-semantic-roles,java-usage,src/test/java/qupath/ext/astra/LauncherPreviewApp.java,1657,,color,131 56 236,""".astra-log-copy-button"", new Color(131, 56, 236));",generated/test-only,closed-test-only,Keep as diagnostic overlay color unless it becomes production UI.,preview diagnostic screenshot QA only,"Preview-only diagnostic paint, not a launcher user-facing theme source."
GVT-0878,colors-theme-semantic-roles,java-usage,src/test/java/qupath/ext/astra/LauncherPreviewApp.java,1661,,color,0 95 115,""".astra-log-view"", new Color(0, 95, 115));",generated/test-only,closed-test-only,Keep as diagnostic overlay color unless it becomes production UI.,preview diagnostic screenshot QA only,"Preview-only diagnostic paint, not a launcher user-facing theme source."
GVT-0879,colors-theme-semantic-roles,java-usage,src/test/java/qupath/ext/astra/LauncherPreviewApp.java,1663,,color,42 157 143,""".astra-log-status-card"", new Color(42, 157, 143));",generated/test-only,closed-test-only,Keep as diagnostic overlay color unless it becomes production UI.,preview diagnostic screenshot QA only,"Preview-only diagnostic paint, not a launcher user-facing theme source."
GVT-0880,colors-theme-semantic-roles,java-usage,src/test/java/qupath/ext/astra/LauncherPreviewApp.java,1665,,color,255 159 28,""".astra-log-source-tab"", new Color(255, 159, 28));",generated/test-only,closed-test-only,Keep as diagnostic overlay color unless it becomes production UI.,preview diagnostic screenshot QA only,"Preview-only diagnostic paint, not a launcher user-facing theme source."
GVT-0881,colors-theme-semantic-roles,java-usage,src/test/java/qupath/ext/astra/LauncherPreviewApp.java,1667,,color,131 56 236,""".astra-log-source-block"", new Color(131, 56, 236));",generated/test-only,closed-test-only,Keep as diagnostic overlay color unless it becomes production UI.,preview diagnostic screenshot QA only,"Preview-only diagnostic paint, not a launcher user-facing theme source."
GVT-0882,colors-theme-semantic-roles,java-usage,src/test/java/qupath/ext/astra/LauncherPreviewApp.java,1669,,color,88 129 87,""".astra-log-message-card"", new Color(88, 129, 87));",generated/test-only,closed-test-only,Keep as diagnostic overlay color unless it becomes production UI.,preview diagnostic screenshot QA only,"Preview-only diagnostic paint, not a launcher user-facing theme source."
GVT-0883,colors-theme-semantic-roles,java-usage,src/test/java/qupath/ext/astra/LauncherPreviewApp.java,1673,,color,0 95 115,""".astra-channel-panel"", new Color(0, 95, 115));",generated/test-only,closed-test-only,Keep as diagnostic overlay color unless it becomes production UI.,preview diagnostic screenshot QA only,"Preview-only diagnostic paint, not a launcher user-facing theme source."
GVT-0884,colors-theme-semantic-roles,java-usage,src/test/java/qupath/ext/astra/LauncherPreviewApp.java,1675,,color,42 157 143,""".astra-channel-panel-title"", new Color(42, 157, 143));",generated/test-only,closed-test-only,Keep as diagnostic overlay color unless it becomes production UI.,preview diagnostic screenshot QA only,"Preview-only diagnostic paint, not a launcher user-facing theme source."
GVT-0885,colors-theme-semantic-roles,java-usage,src/test/java/qupath/ext/astra/LauncherPreviewApp.java,1677,,color,255 159 28,""".astra-channel-panel-chips"", new Color(255, 159, 28));",generated/test-only,closed-test-only,Keep as diagnostic overlay color unless it becomes production UI.,preview diagnostic screenshot QA only,"Preview-only diagnostic paint, not a launcher user-facing theme source."
GVT-0886,colors-theme-semantic-roles,java-usage,src/test/java/qupath/ext/astra/LauncherPreviewApp.java,1679,,color,131 56 236,""".astra-channel-chip"", new Color(131, 56, 236));",generated/test-only,closed-test-only,Keep as diagnostic overlay color unless it becomes production UI.,preview diagnostic screenshot QA only,"Preview-only diagnostic paint, not a launcher user-facing theme source."
GVT-0887,colors-theme-semantic-roles,java-usage,src/test/java/qupath/ext/astra/LauncherPreviewApp.java,1683,,color,0 95 115,""".astra-routine-settings-panel"", new Color(0, 95, 115));",generated/test-only,closed-test-only,Keep as diagnostic overlay color unless it becomes production UI.,preview diagnostic screenshot QA only,"Preview-only diagnostic paint, not a launcher user-facing theme source."
GVT-0888,colors-theme-semantic-roles,java-usage,src/test/java/qupath/ext/astra/LauncherPreviewApp.java,1685,,color,42 157 143,""".astra-section-content"", new Color(42, 157, 143));",generated/test-only,closed-test-only,Keep as diagnostic overlay color unless it becomes production UI.,preview diagnostic screenshot QA only,"Preview-only diagnostic paint, not a launcher user-facing theme source."
GVT-0889,colors-theme-semantic-roles,java-usage,src/test/java/qupath/ext/astra/LauncherPreviewApp.java,1687,,color,255 159 28,""".astra-section-content-focused"", new Color(255, 159, 28));",generated/test-only,closed-test-only,Keep as diagnostic overlay color unless it becomes production UI.,preview diagnostic screenshot QA only,"Preview-only diagnostic paint, not a launcher user-facing theme source."
GVT-0890,colors-theme-semantic-roles,java-usage,src/test/java/qupath/ext/astra/LauncherPreviewApp.java,1689,,color,131 56 236,""".astra-dependent-panel"", new Color(131, 56, 236));",generated/test-only,closed-test-only,Keep as diagnostic overlay color unless it becomes production UI.,preview diagnostic screenshot QA only,"Preview-only diagnostic paint, not a launcher user-facing theme source."
GVT-0891,colors-theme-semantic-roles,java-usage,src/test/java/qupath/ext/astra/LauncherPreviewApp.java,1691,,color,88 129 87,""".astra-advanced-settings-panel"", new Color(88, 129, 87));",generated/test-only,closed-test-only,Keep as diagnostic overlay color unless it becomes production UI.,preview diagnostic screenshot QA only,"Preview-only diagnostic paint, not a launcher user-facing theme source."
GVT-0892,colors-theme-semantic-roles,java-usage,src/test/java/qupath/ext/astra/LauncherPreviewApp.java,1693,,color,230 57 70,""".astra-nested-panel"", new Color(230, 57, 70));",generated/test-only,closed-test-only,Keep as diagnostic overlay color unless it becomes production UI.,preview diagnostic screenshot QA only,"Preview-only diagnostic paint, not a launcher user-facing theme source."
GVT-0893,colors-theme-semantic-roles,java-usage,src/test/java/qupath/ext/astra/LauncherPreviewApp.java,1697,,color,0 95 115,""".astra-section-content-focused"", new Color(0, 95, 115));",generated/test-only,closed-test-only,Keep as diagnostic overlay color unless it becomes production UI.,preview diagnostic screenshot QA only,"Preview-only diagnostic paint, not a launcher user-facing theme source."
GVT-0894,colors-theme-semantic-roles,java-usage,src/test/java/qupath/ext/astra/LauncherPreviewApp.java,1699,,color,42 157 143,""".astra-semantic-card"", new Color(42, 157, 143));",generated/test-only,closed-test-only,Keep as diagnostic overlay color unless it becomes production UI.,preview diagnostic screenshot QA only,"Preview-only diagnostic paint, not a launcher user-facing theme source."
GVT-0895,colors-theme-semantic-roles,java-usage,src/test/java/qupath/ext/astra/LauncherPreviewApp.java,1701,,color,255 159 28,""".astra-nested-panel"", new Color(255, 159, 28));",generated/test-only,closed-test-only,Keep as diagnostic overlay color unless it becomes production UI.,preview diagnostic screenshot QA only,"Preview-only diagnostic paint, not a launcher user-facing theme source."
GVT-0896,colors-theme-semantic-roles,java-usage,src/test/java/qupath/ext/astra/LauncherPreviewApp.java,1703,,color,131 56 236,""".astra-colocalization-check-row"", new Color(131, 56, 236));",generated/test-only,closed-test-only,Keep as diagnostic overlay color unless it becomes production UI.,preview diagnostic screenshot QA only,"Preview-only diagnostic paint, not a launcher user-facing theme source."
GVT-0897,colors-theme-semantic-roles,java-usage,src/test/java/qupath/ext/astra/LauncherPreviewApp.java,1705,,color,230 57 70,""".astra-marker-key-map-editor"", new Color(230, 57, 70));",generated/test-only,closed-test-only,Keep as diagnostic overlay color unless it becomes production UI.,preview diagnostic screenshot QA only,"Preview-only diagnostic paint, not a launcher user-facing theme source."
GVT-0898,colors-theme-semantic-roles,java-usage,src/test/java/qupath/ext/astra/LauncherPreviewApp.java,1709,,color,0 95 115,""".astra-marker-key-map-editor"", new Color(0, 95, 115));",generated/test-only,closed-test-only,Keep as diagnostic overlay color unless it becomes production UI.,preview diagnostic screenshot QA only,"Preview-only diagnostic paint, not a launcher user-facing theme source."
GVT-0899,colors-theme-semantic-roles,java-usage,src/test/java/qupath/ext/astra/LauncherPreviewApp.java,1713,,color,42 157 143,"new Color(42, 157, 143))));",generated/test-only,closed-test-only,Keep as diagnostic overlay color unless it becomes production UI.,preview diagnostic screenshot QA only,"Preview-only diagnostic paint, not a launcher user-facing theme source."
GVT-0900,colors-theme-semantic-roles,java-usage,src/test/java/qupath/ext/astra/LauncherPreviewApp.java,1715,,color,255 159 28,""".astra-input"", new Color(255, 159, 28));",generated/test-only,closed-test-only,Keep as diagnostic overlay color unless it becomes production UI.,preview diagnostic screenshot QA only,"Preview-only diagnostic paint, not a launcher user-facing theme source."
GVT-0901,colors-theme-semantic-roles,java-usage,src/test/java/qupath/ext/astra/LauncherPreviewApp.java,1719,,color,0 95 115,""".dialog-pane"", new Color(0, 95, 115));",generated/test-only,closed-test-only,Keep as diagnostic overlay color unless it becomes production UI.,preview diagnostic screenshot QA only,"Preview-only diagnostic paint, not a launcher user-facing theme source."
GVT-0902,colors-theme-semantic-roles,java-usage,src/test/java/qupath/ext/astra/LauncherPreviewApp.java,1721,,color,42 157 143,""".content"", new Color(42, 157, 143));",generated/test-only,closed-test-only,Keep as diagnostic overlay color unless it becomes production UI.,preview diagnostic screenshot QA only,"Preview-only diagnostic paint, not a launcher user-facing theme source."
GVT-0903,colors-theme-semantic-roles,java-usage,src/test/java/qupath/ext/astra/LauncherPreviewApp.java,1723,,color,88 129 87,""".astra-help-dialog-content"", new Color(88, 129, 87));",generated/test-only,closed-test-only,Keep as diagnostic overlay color unless it becomes production UI.,preview diagnostic screenshot QA only,"Preview-only diagnostic paint, not a launcher user-facing theme source."
GVT-0904,colors-theme-semantic-roles,java-usage,src/test/java/qupath/ext/astra/LauncherPreviewApp.java,1725,,color,42 157 143,""".astra-help-details-shell"", new Color(42, 157, 143));",generated/test-only,closed-test-only,Keep as diagnostic overlay color unless it becomes production UI.,preview diagnostic screenshot QA only,"Preview-only diagnostic paint, not a launcher user-facing theme source."
GVT-0905,colors-theme-semantic-roles,java-usage,src/test/java/qupath/ext/astra/LauncherPreviewApp.java,1727,,color,255 159 28,""".astra-list-view"", new Color(255, 159, 28));",generated/test-only,closed-test-only,Keep as diagnostic overlay color unless it becomes production UI.,preview diagnostic screenshot QA only,"Preview-only diagnostic paint, not a launcher user-facing theme source."
GVT-0906,colors-theme-semantic-roles,java-usage,src/test/java/qupath/ext/astra/LauncherPreviewApp.java,1729,,color,131 56 236,""".astra-input"", new Color(131, 56, 236));",generated/test-only,closed-test-only,Keep as diagnostic overlay color unless it becomes production UI.,preview diagnostic screenshot QA only,"Preview-only diagnostic paint, not a launcher user-facing theme source."
GVT-0907,borders-strokes,java-usage,src/test/java/qupath/ext/astra/LauncherPreviewApp.java,2357,,java-visual-literal,2.0,"LauncherGeometryTokens.SURFACE_BORDER_WIDTH * 2.0,",generated/test-only,closed-test-only,Keep as proof scaffolding or generated-token mirror; do not treat as production visual source.,rendered stroke alpha bounds + border width pixel scans,Diagnostic or source-test mirror only; production source of truth is tokenized and guarded by focused tests.
GVT-0908,borders-strokes,java-usage,src/test/java/qupath/ext/astra/LauncherPreviewApp.java,2359,,java-visual-literal,2,"""SURFACE_BORDER_WIDTH * 2"");",generated/test-only,closed-test-only,Keep as proof scaffolding or generated-token mirror; do not treat as production visual source.,rendered stroke alpha bounds + border width pixel scans,Diagnostic or source-test mirror only; production source of truth is tokenized and guarded by focused tests.
GVT-0909,borders-strokes,java-usage,src/test/java/qupath/ext/astra/LauncherPreviewApp.java,2620,,java-visual-literal,2.0,"+ (LauncherGeometryTokens.SURFACE_BORDER_WIDTH * 2.0),",generated/test-only,closed-test-only,Keep as proof scaffolding or generated-token mirror; do not treat as production visual source.,rendered stroke alpha bounds + border width pixel scans,Diagnostic or source-test mirror only; production source of truth is tokenized and guarded by focused tests.
GVT-0910,margins-padding-gaps-spacing,java-usage,src/test/java/qupath/ext/astra/LauncherPreviewApp.java,2622,,java-visual-literal,2,"""OUTPUT_PANE_INSET + StyledLogView.LOG_ROW_GAP + (SURFACE_BORDER_WIDTH * 2)"");",already-tokenized,closed-proven,Keep preview proof formula derived from LauncherGeometryTokens count tokens.,Focused PipelineLauncherTest plus targeted preview proof.,Preview diagnostic formula now uses semantic spacing count tokens instead of raw edge counts.
GVT-0911,borders-strokes,java-usage,src/test/java/qupath/ext/astra/LauncherPreviewApp.java,2626,,java-visual-literal,2.0,"+ (LauncherGeometryTokens.SURFACE_BORDER_WIDTH * 2.0),",generated/test-only,closed-test-only,Keep as proof scaffolding or generated-token mirror; do not treat as production visual source.,rendered stroke alpha bounds + border width pixel scans,Diagnostic or source-test mirror only; production source of truth is tokenized and guarded by focused tests.
GVT-0912,margins-padding-gaps-spacing,java-usage,src/test/java/qupath/ext/astra/LauncherPreviewApp.java,2628,,java-visual-literal,2,"""OUTPUT_PANE_INSET + StyledLogView.LOG_ROW_GAP + (SURFACE_BORDER_WIDTH * 2)"");",already-tokenized,closed-proven,Keep preview proof formula derived from LauncherGeometryTokens count tokens.,Focused PipelineLauncherTest plus targeted preview proof.,Preview diagnostic formula now uses semantic spacing count tokens instead of raw edge counts.
GVT-0913,borders-strokes,java-usage,src/test/java/qupath/ext/astra/LauncherPreviewApp.java,3337,,java-visual-literal,2.0d,"LauncherGeometryTokens.SURFACE_BORDER_WIDTH * 2.0d,",generated/test-only,closed-test-only,Keep as proof scaffolding or generated-token mirror; do not treat as production visual source.,rendered stroke alpha bounds + border width pixel scans,Diagnostic or source-test mirror only; production source of truth is tokenized and guarded by focused tests.
GVT-0914,borders-strokes,java-usage,src/test/java/qupath/ext/astra/LauncherPreviewApp.java,3339,,java-visual-literal,2,"""SURFACE_BORDER_WIDTH * 2"");",generated/test-only,closed-test-only,Keep as proof scaffolding or generated-token mirror; do not treat as production visual source.,rendered stroke alpha bounds + border width pixel scans,Diagnostic or source-test mirror only; production source of truth is tokenized and guarded by focused tests.
GVT-0915,control-geometry,java-usage,src/test/java/qupath/ext/astra/LauncherPreviewApp.java,3900,,java-visual-literal,3,"barBounds.getWidth(), ""SCROLLBAR_GUTTER_WIDTH / 3"");",generated/test-only,closed-test-only,Keep diagnostic/test-only geometry derived from named tokens; do not use these values as production layout constants.,preview diagnostic artifact or focused test guard,Control-geometry pass 3 resolved this test/diagnostic row as generated or token-derived proof code.
GVT-0916,margins-padding-gaps-spacing,java-usage,src/test/java/qupath/ext/astra/LauncherPreviewApp.java,4209,,java-visual-literal,2.0,"staticField(""HELP_DIALOG_INSET"") - (borderWidth * 2.0),",already-tokenized,closed-proven,Keep preview proof formula derived from LauncherGeometryTokens count tokens.,Focused PipelineLauncherTest plus targeted preview proof.,Preview diagnostic formula now uses semantic spacing count tokens instead of raw edge counts.
GVT-0917,margins-padding-gaps-spacing,java-usage,src/test/java/qupath/ext/astra/LauncherPreviewApp.java,4211,,java-visual-literal,2,"""HELP_DIALOG_INSET - (SURFACE_BORDER_WIDTH * 2)"");",already-tokenized,closed-proven,Keep preview proof formula derived from LauncherGeometryTokens count tokens.,Focused PipelineLauncherTest plus targeted preview proof.,Preview diagnostic formula now uses semantic spacing count tokens instead of raw edge counts.
GVT-0918,margins-padding-gaps-spacing,java-usage,src/test/java/qupath/ext/astra/LauncherPreviewApp.java,4293,,java-visual-literal,2.0,"staticField(""HELP_DIALOG_INSET"") - (borderWidth * 2.0),",already-tokenized,closed-proven,Keep preview proof formula derived from LauncherGeometryTokens count tokens.,Focused PipelineLauncherTest plus targeted preview proof.,Preview diagnostic formula now uses semantic spacing count tokens instead of raw edge counts.
GVT-0919,margins-padding-gaps-spacing,java-usage,src/test/java/qupath/ext/astra/LauncherPreviewApp.java,4295,,java-visual-literal,2,"""HELP_DIALOG_INSET - (SURFACE_BORDER_WIDTH * 2)"");",already-tokenized,closed-proven,Keep preview proof formula derived from LauncherGeometryTokens count tokens.,Focused PipelineLauncherTest plus targeted preview proof.,Preview diagnostic formula now uses semantic spacing count tokens instead of raw edge counts.
GVT-0920,header-footer-tab-shape-metrics,java-usage,src/test/java/qupath/ext/astra/LauncherPreviewApp.java,4314,,java-visual-literal,2.0d,"double slopeWidth = Math.min(nestedStaticField(""HeaderGeometry"", ""ACTION_RIBBON_SLOPE_WIDTH""), width / 2.0d);",generated/test-only,closed-test-only,Keep as proof scaffolding or generated-token mirror; do not treat as production visual source.,rendered button alpha + live path segment zero-delta table,Diagnostic or source-test mirror only; production source of truth is tokenized and guarded by focused tests.
GVT-0921,header-footer-tab-shape-metrics,java-usage,src/test/java/qupath/ext/astra/LauncherPreviewApp.java,4315,,radius/arc,2.0d,"double bevelRadius = Math.min(nestedStaticField(""HeaderGeometry"", ""ACTION_RIBBON_BEVEL_RADIUS""), height / 2.0d);",generated/test-only,closed-test-only,Keep as proof scaffolding or generated-token mirror; do not treat as production visual source.,rendered button alpha + live path segment zero-delta table,Diagnostic or source-test mirror only; production source of truth is tokenized and guarded by focused tests.
GVT-0922,header-footer-tab-shape-metrics,java-usage,src/test/java/qupath/ext/astra/LauncherPreviewApp.java,4393,,java-visual-literal,2,"""body width + 2 * HeaderGeometry.ACTION_RIBBON_SLOPE_WIDTH"");",generated/test-only,closed-test-only,Keep as proof scaffolding or generated-token mirror; do not treat as production visual source.,rendered button alpha + live path segment zero-delta table,Diagnostic or source-test mirror only; production source of truth is tokenized and guarded by focused tests.
GVT-0923,bevels-radii-arcs-tab-curvature,java-usage,src/test/java/qupath/ext/astra/LauncherPreviewApp.java,4395,,java-visual-literal,2.0d,"outputBounds.getWidth() - (bevelRadius * LauncherGeometryTokens.BEVEL_DIAMETER_DIVISOR),",tokenized-pass-1,closed-proven,Keep preview proof tied to same bevel divisor as live path code.,rendered alpha bounds + path segment extraction + curve tangent/end-point proof,Pass 1 moved proof math off local literal.
GVT-0924,header-footer-tab-shape-metrics,java-usage,src/test/java/qupath/ext/astra/LauncherPreviewApp.java,4397,,radius/arc,2,"""output pane width - 2 * HeaderGeometry.ACTION_RIBBON_BEVEL_RADIUS"");",generated/test-only,closed-test-only,Keep as proof scaffolding or generated-token mirror; do not treat as production visual source.,rendered button alpha + live path segment zero-delta table,Diagnostic or source-test mirror only; production source of truth is tokenized and guarded by focused tests.
GVT-0925,bevels-radii-arcs-tab-curvature,java-usage,src/test/java/qupath/ext/astra/LauncherPreviewApp.java,4425,,java-visual-literal,2.0d 1.0d 4.0d 3.0d,return radius * LauncherGeometryTokens.CUBIC_ARC_HANDLE_RATIO;,tokenized-pass-1,closed-proven,Keep preview proof tied to same cubic arc handle ratio as live path code.,rendered alpha bounds + path segment extraction + curve tangent/end-point proof,Pass 1 moved proof math off local cubic handle literal.
GVT-0926,header-footer-tab-shape-metrics,java-usage,src/test/java/qupath/ext/astra/LauncherPreviewApp.java,4440,,java-visual-literal,2.0d,"double slopeWidth = Math.min(nestedStaticField(""FooterGeometry"", ""ACTION_SHELL_SLOPE_WIDTH""), width / 2.0d);",generated/test-only,closed-test-only,Keep as proof scaffolding or generated-token mirror; do not treat as production visual source.,rendered button alpha + live path segment zero-delta table,Diagnostic or source-test mirror only; production source of truth is tokenized and guarded by focused tests.
GVT-0927,header-footer-tab-shape-metrics,java-usage,src/test/java/qupath/ext/astra/LauncherPreviewApp.java,4441,,radius/arc,2.0d,"double bevelRadius = Math.min(nestedStaticField(""FooterGeometry"", ""ACTION_SHELL_BEVEL_RADIUS""), height / 2.0d);",generated/test-only,closed-test-only,Keep as proof scaffolding or generated-token mirror; do not treat as production visual source.,rendered button alpha + live path segment zero-delta table,Diagnostic or source-test mirror only; production source of truth is tokenized and guarded by focused tests.
GVT-0928,header-footer-tab-shape-metrics,java-usage,src/test/java/qupath/ext/astra/LauncherPreviewApp.java,4518,,java-visual-literal,2,"""body width + 2 * FooterGeometry.ACTION_SHELL_SLOPE_WIDTH"");",generated/test-only,closed-test-only,Keep as proof scaffolding or generated-token mirror; do not treat as production visual source.,rendered button alpha + live path segment zero-delta table,Diagnostic or source-test mirror only; production source of truth is tokenized and guarded by focused tests.
GVT-0929,bevels-radii-arcs-tab-curvature,java-usage,src/test/java/qupath/ext/astra/LauncherPreviewApp.java,4520,,java-visual-literal,2.0d,"width - (bevelRadius * LauncherGeometryTokens.BEVEL_DIAMETER_DIVISOR),",tokenized-pass-1,closed-proven,Keep footer preview proof tied to same bevel divisor as live path code.,rendered alpha bounds + path segment extraction + curve tangent/end-point proof,Pass 1 moved proof math off local literal.
GVT-0930,header-footer-tab-shape-metrics,java-usage,src/test/java/qupath/ext/astra/LauncherPreviewApp.java,4522,,radius/arc,2,"""body width - 2 * FooterGeometry.ACTION_SHELL_BEVEL_RADIUS"");",generated/test-only,closed-test-only,Keep as proof scaffolding or generated-token mirror; do not treat as production visual source.,rendered button alpha + live path segment zero-delta table,Diagnostic or source-test mirror only; production source of truth is tokenized and guarded by focused tests.
GVT-0931,header-footer-tab-shape-metrics,java-usage,src/test/java/qupath/ext/astra/LauncherPreviewApp.java,4553,,java-visual-literal,2.0d,"double slopeWidth = Math.min(nestedStaticField(""HeaderGeometry"", ""ACTION_RIBBON_SLOPE_WIDTH""), width / 2.0d);",generated/test-only,closed-test-only,Keep as proof scaffolding or generated-token mirror; do not treat as production visual source.,rendered button alpha + live path segment zero-delta table,Diagnostic or source-test mirror only; production source of truth is tokenized and guarded by focused tests.
GVT-0932,header-footer-tab-shape-metrics,java-usage,src/test/java/qupath/ext/astra/LauncherPreviewApp.java,4554,,radius/arc,2.0d,"double bevelRadius = Math.min(nestedStaticField(""HeaderGeometry"", ""ACTION_RIBBON_BEVEL_RADIUS""), height / 2.0d);",generated/test-only,closed-test-only,Keep as proof scaffolding or generated-token mirror; do not treat as production visual source.,rendered button alpha + live path segment zero-delta table,Diagnostic or source-test mirror only; production source of truth is tokenized and guarded by focused tests.
GVT-0933,colors-theme-semantic-roles,java-usage,src/test/java/qupath/ext/astra/LauncherPreviewApp.java,4559,,color,255 193 7,"Color topColor = new Color(255, 193, 7);",generated/test-only,closed-test-only,Keep as diagnostic overlay color unless it becomes production UI.,preview diagnostic screenshot QA only,"Preview-only diagnostic paint, not a launcher user-facing theme source."
GVT-0934,colors-theme-semantic-roles,java-usage,src/test/java/qupath/ext/astra/LauncherPreviewApp.java,4560,,color,0 184 212,"Color bodyColor = new Color(0, 184, 212);",generated/test-only,closed-test-only,Keep as diagnostic overlay color unless it becomes production UI.,preview diagnostic screenshot QA only,"Preview-only diagnostic paint, not a launcher user-facing theme source."
GVT-0935,bevels-radii-arcs-tab-curvature,java-usage,src/test/java/qupath/ext/astra/LauncherPreviewApp.java,4561,,color,255 0 110,"Color bevelColor = new Color(255, 0, 110);",generated/test-only,closed-test-only,Keep as proof scaffolding or generated-token mirror; do not treat as production visual source.,rendered alpha bounds + path segment extraction + curve tangent/end-point proof,Diagnostic or source-test mirror only; production source of truth is tokenized and guarded by focused tests.
GVT-0936,colors-theme-semantic-roles,java-usage,src/test/java/qupath/ext/astra/LauncherPreviewApp.java,4562,,color,80 220 100,"Color bottomColor = new Color(80, 220, 100);",generated/test-only,closed-test-only,Keep as diagnostic overlay color unless it becomes production UI.,preview diagnostic screenshot QA only,"Preview-only diagnostic paint, not a launcher user-facing theme source."
GVT-0937,colors-theme-semantic-roles,java-usage,src/test/java/qupath/ext/astra/LauncherPreviewApp.java,4563,,color,124 77 255,"Color outputColor = new Color(124, 77, 255);",generated/test-only,closed-test-only,Keep as diagnostic overlay color unless it becomes production UI.,preview diagnostic screenshot QA only,"Preview-only diagnostic paint, not a launcher user-facing theme source."
GVT-0938,margins-padding-gaps-spacing,java-usage,src/test/java/qupath/ext/astra/LauncherPreviewApp.java,4590,,java-visual-literal,2.0d,"drawVerticalRail(g, xTopLeft, yTop, yTop + (LauncherGeometryTokens.INTRA_PANEL_MARGIN * 2.0d),",already-tokenized,closed-proven,Keep preview proof formula derived from LauncherGeometryTokens count tokens.,Focused PipelineLauncherTest plus targeted preview proof.,Preview diagnostic formula now uses semantic spacing count tokens instead of raw edge counts.
GVT-0939,margins-padding-gaps-spacing,java-usage,src/test/java/qupath/ext/astra/LauncherPreviewApp.java,4592,,java-visual-literal,2.0d,"drawVerticalRail(g, xTopRight, yTop, yTop + (LauncherGeometryTokens.INTRA_PANEL_MARGIN * 2.0d),",already-tokenized,closed-proven,Keep preview proof formula derived from LauncherGeometryTokens count tokens.,Focused PipelineLauncherTest plus targeted preview proof.,Preview diagnostic formula now uses semantic spacing count tokens instead of raw edge counts.
GVT-0940,header-footer-tab-shape-metrics,java-usage,src/test/java/qupath/ext/astra/LauncherPreviewApp.java,4604,,java-visual-literal,2.0d,"double slopeWidth = Math.min(nestedStaticField(""FooterGeometry"", ""ACTION_SHELL_SLOPE_WIDTH""), width / 2.0d);",generated/test-only,closed-test-only,Keep as proof scaffolding or generated-token mirror; do not treat as production visual source.,rendered button alpha + live path segment zero-delta table,Diagnostic or source-test mirror only; production source of truth is tokenized and guarded by focused tests.
GVT-0941,header-footer-tab-shape-metrics,java-usage,src/test/java/qupath/ext/astra/LauncherPreviewApp.java,4605,,radius/arc,2.0d,"double bevelRadius = Math.min(nestedStaticField(""FooterGeometry"", ""ACTION_SHELL_BEVEL_RADIUS""), height / 2.0d);",generated/test-only,closed-test-only,Keep as proof scaffolding or generated-token mirror; do not treat as production visual source.,rendered button alpha + live path segment zero-delta table,Diagnostic or source-test mirror only; production source of truth is tokenized and guarded by focused tests.
GVT-0942,colors-theme-semantic-roles,java-usage,src/test/java/qupath/ext/astra/LauncherPreviewApp.java,4610,,color,255 193 7,"Color topColor = new Color(255, 193, 7);",generated/test-only,closed-test-only,Keep as diagnostic overlay color unless it becomes production UI.,preview diagnostic screenshot QA only,"Preview-only diagnostic paint, not a launcher user-facing theme source."
GVT-0943,colors-theme-semantic-roles,java-usage,src/test/java/qupath/ext/astra/LauncherPreviewApp.java,4611,,color,0 184 212,"Color bodyColor = new Color(0, 184, 212);",generated/test-only,closed-test-only,Keep as diagnostic overlay color unless it becomes production UI.,preview diagnostic screenshot QA only,"Preview-only diagnostic paint, not a launcher user-facing theme source."
GVT-0944,bevels-radii-arcs-tab-curvature,java-usage,src/test/java/qupath/ext/astra/LauncherPreviewApp.java,4612,,color,255 0 110,"Color bevelColor = new Color(255, 0, 110);",generated/test-only,closed-test-only,Keep as proof scaffolding or generated-token mirror; do not treat as production visual source.,rendered alpha bounds + path segment extraction + curve tangent/end-point proof,Diagnostic or source-test mirror only; production source of truth is tokenized and guarded by focused tests.
GVT-0945,colors-theme-semantic-roles,java-usage,src/test/java/qupath/ext/astra/LauncherPreviewApp.java,4613,,color,80 220 100,"Color bottomColor = new Color(80, 220, 100);",generated/test-only,closed-test-only,Keep as diagnostic overlay color unless it becomes production UI.,preview diagnostic screenshot QA only,"Preview-only diagnostic paint, not a launcher user-facing theme source."
GVT-0946,colors-theme-semantic-roles,java-usage,src/test/java/qupath/ext/astra/LauncherPreviewApp.java,4614,,color,124 77 255,"Color outputColor = new Color(124, 77, 255);",generated/test-only,closed-test-only,Keep as diagnostic overlay color unless it becomes production UI.,preview diagnostic screenshot QA only,"Preview-only diagnostic paint, not a launcher user-facing theme source."
GVT-0947,colors-theme-semantic-roles,java-usage,src/test/java/qupath/ext/astra/LauncherPreviewApp.java,4661,,color,0 200 255,"Color wallColor = new Color(0, 200, 255);",generated/test-only,closed-test-only,Keep as diagnostic overlay color unless it becomes production UI.,preview diagnostic screenshot QA only,"Preview-only diagnostic paint, not a launcher user-facing theme source."
GVT-0948,colors-theme-semantic-roles,java-usage,src/test/java/qupath/ext/astra/LauncherPreviewApp.java,4662,,color,255 193 7,"Color buttonColor = new Color(255, 193, 7);",generated/test-only,closed-test-only,Keep as diagnostic overlay color unless it becomes production UI.,preview diagnostic screenshot QA only,"Preview-only diagnostic paint, not a launcher user-facing theme source."
GVT-0949,colors-theme-semantic-roles,java-usage,src/test/java/qupath/ext/astra/LauncherPreviewApp.java,4993,,color,188 71 73,"new Color(188, 71, 73))));",generated/test-only,closed-test-only,Keep as diagnostic overlay color unless it becomes production UI.,preview diagnostic screenshot QA only,"Preview-only diagnostic paint, not a launcher user-facing theme source."
GVT-0950,colors-theme-semantic-roles,java-usage,src/test/java/qupath/ext/astra/LauncherPreviewApp.java,4997,,color,120 0 160,"new Color(120, 0, 160)));",generated/test-only,closed-test-only,Keep as diagnostic overlay color unless it becomes production UI.,preview diagnostic screenshot QA only,"Preview-only diagnostic paint, not a launcher user-facing theme source."
GVT-0951,colors-theme-semantic-roles,java-usage,src/test/java/qupath/ext/astra/LauncherPreviewApp.java,5004,,color,0 95 115,"new Color(0, 95, 115)));",generated/test-only,closed-test-only,Keep as diagnostic overlay color unless it becomes production UI.,preview diagnostic screenshot QA only,"Preview-only diagnostic paint, not a launcher user-facing theme source."
GVT-0952,colors-theme-semantic-roles,java-usage,src/test/java/qupath/ext/astra/LauncherPreviewApp.java,5008,,color,10 147 150,"new Color(10, 147, 150)));",generated/test-only,closed-test-only,Keep as diagnostic overlay color unless it becomes production UI.,preview diagnostic screenshot QA only,"Preview-only diagnostic paint, not a launcher user-facing theme source."
GVT-0953,colors-theme-semantic-roles,java-usage,src/test/java/qupath/ext/astra/LauncherPreviewApp.java,5013,,color,230 57 70,"new Color(230, 57, 70)));",generated/test-only,closed-test-only,Keep as diagnostic overlay color unless it becomes production UI.,preview diagnostic screenshot QA only,"Preview-only diagnostic paint, not a launcher user-facing theme source."
GVT-0954,colors-theme-semantic-roles,java-usage,src/test/java/qupath/ext/astra/LauncherPreviewApp.java,5021,,color,255 102 0,"new Color(255, 102, 0)));",generated/test-only,closed-test-only,Keep as diagnostic overlay color unless it becomes production UI.,preview diagnostic screenshot QA only,"Preview-only diagnostic paint, not a launcher user-facing theme source."
GVT-0955,colors-theme-semantic-roles,java-usage,src/test/java/qupath/ext/astra/LauncherPreviewApp.java,5025,,color,255 190 11,"new Color(255, 190, 11)));",generated/test-only,closed-test-only,Keep as diagnostic overlay color unless it becomes production UI.,preview diagnostic screenshot QA only,"Preview-only diagnostic paint, not a launcher user-facing theme source."
GVT-0956,colors-theme-semantic-roles,java-usage,src/test/java/qupath/ext/astra/LauncherPreviewApp.java,5032,,color,46 196 182,"new Color(46, 196, 182))));",generated/test-only,closed-test-only,Keep as diagnostic overlay color unless it becomes production UI.,preview diagnostic screenshot QA only,"Preview-only diagnostic paint, not a launcher user-facing theme source."
GVT-0957,colors-theme-semantic-roles,java-usage,src/test/java/qupath/ext/astra/LauncherPreviewApp.java,5038,,color,255 159 28,"new Color(255, 159, 28))));",generated/test-only,closed-test-only,Keep as diagnostic overlay color unless it becomes production UI.,preview diagnostic screenshot QA only,"Preview-only diagnostic paint, not a launcher user-facing theme source."
GVT-0958,colors-theme-semantic-roles,java-usage,src/test/java/qupath/ext/astra/LauncherPreviewApp.java,5044,,color,42 157 143,"new Color(42, 157, 143)));",generated/test-only,closed-test-only,Keep as diagnostic overlay color unless it becomes production UI.,preview diagnostic screenshot QA only,"Preview-only diagnostic paint, not a launcher user-facing theme source."
GVT-0959,colors-theme-semantic-roles,java-usage,src/test/java/qupath/ext/astra/LauncherPreviewApp.java,5051,,color,69 123 157,"new Color(69, 123, 157)));",generated/test-only,closed-test-only,Keep as diagnostic overlay color unless it becomes production UI.,preview diagnostic screenshot QA only,"Preview-only diagnostic paint, not a launcher user-facing theme source."
GVT-0960,colors-theme-semantic-roles,java-usage,src/test/java/qupath/ext/astra/LauncherPreviewApp.java,5055,,color,29 53 87,"new Color(29, 53, 87)));",generated/test-only,closed-test-only,Keep as diagnostic overlay color unless it becomes production UI.,preview diagnostic screenshot QA only,"Preview-only diagnostic paint, not a launcher user-facing theme source."
GVT-0961,colors-theme-semantic-roles,java-usage,src/test/java/qupath/ext/astra/LauncherPreviewApp.java,5061,,color,131 56 236,"new Color(131, 56, 236))));",generated/test-only,closed-test-only,Keep as diagnostic overlay color unless it becomes production UI.,preview diagnostic screenshot QA only,"Preview-only diagnostic paint, not a launcher user-facing theme source."
GVT-0962,colors-theme-semantic-roles,java-usage,src/test/java/qupath/ext/astra/LauncherPreviewApp.java,5069,,color,255 0 110,"new Color(255, 0, 110)));",generated/test-only,closed-test-only,Keep as diagnostic overlay color unless it becomes production UI.,preview diagnostic screenshot QA only,"Preview-only diagnostic paint, not a launcher user-facing theme source."
GVT-0963,colors-theme-semantic-roles,java-usage,src/test/java/qupath/ext/astra/LauncherPreviewApp.java,5073,,color,255 115 166,"new Color(255, 115, 166)));",generated/test-only,closed-test-only,Keep as diagnostic overlay color unless it becomes production UI.,preview diagnostic screenshot QA only,"Preview-only diagnostic paint, not a launcher user-facing theme source."
GVT-0964,colors-theme-semantic-roles,java-usage,src/test/java/qupath/ext/astra/LauncherPreviewApp.java,5080,,color,87 117 144,"new Color(87, 117, 144))));",generated/test-only,closed-test-only,Keep as diagnostic overlay color unless it becomes production UI.,preview diagnostic screenshot QA only,"Preview-only diagnostic paint, not a launcher user-facing theme source."
GVT-0965,colors-theme-semantic-roles,java-usage,src/test/java/qupath/ext/astra/LauncherPreviewApp.java,5096,,color,255 255 255 235,"g.setColor(new Color(255, 255, 255, 235));",generated/test-only,closed-test-only,Keep as diagnostic overlay color unless it becomes production UI.,preview diagnostic screenshot QA only,"Preview-only diagnostic paint, not a launcher user-facing theme source."
GVT-0966,colors-theme-semantic-roles,java-usage,src/test/java/qupath/ext/astra/LauncherPreviewApp.java,5180,,color,255 255 255 235,"g.setColor(new Color(255, 255, 255, 235));",generated/test-only,closed-test-only,Keep as diagnostic overlay color unless it becomes production UI.,preview diagnostic screenshot QA only,"Preview-only diagnostic paint, not a launcher user-facing theme source."
GVT-0967,colors-theme-semantic-roles,java-usage,src/test/java/qupath/ext/astra/LauncherPreviewApp.java,5188,,color,230 57 70,"new Color(230, 57, 70),",generated/test-only,closed-test-only,Keep as diagnostic overlay color unless it becomes production UI.,preview diagnostic screenshot QA only,"Preview-only diagnostic paint, not a launcher user-facing theme source."
GVT-0968,colors-theme-semantic-roles,java-usage,src/test/java/qupath/ext/astra/LauncherPreviewApp.java,5189,,color,42 157 143,"new Color(42, 157, 143),",generated/test-only,closed-test-only,Keep as diagnostic overlay color unless it becomes production UI.,preview diagnostic screenshot QA only,"Preview-only diagnostic paint, not a launcher user-facing theme source."
GVT-0969,colors-theme-semantic-roles,java-usage,src/test/java/qupath/ext/astra/LauncherPreviewApp.java,5190,,color,69 123 157,"new Color(69, 123, 157),",generated/test-only,closed-test-only,Keep as diagnostic overlay color unless it becomes production UI.,preview diagnostic screenshot QA only,"Preview-only diagnostic paint, not a launcher user-facing theme source."
GVT-0970,colors-theme-semantic-roles,java-usage,src/test/java/qupath/ext/astra/LauncherPreviewApp.java,5191,,color,255 159 28,"new Color(255, 159, 28),",generated/test-only,closed-test-only,Keep as diagnostic overlay color unless it becomes production UI.,preview diagnostic screenshot QA only,"Preview-only diagnostic paint, not a launcher user-facing theme source."
GVT-0971,colors-theme-semantic-roles,java-usage,src/test/java/qupath/ext/astra/LauncherPreviewApp.java,5192,,color,131 56 236,"new Color(131, 56, 236),",generated/test-only,closed-test-only,Keep as diagnostic overlay color unless it becomes production UI.,preview diagnostic screenshot QA only,"Preview-only diagnostic paint, not a launcher user-facing theme source."
GVT-0972,colors-theme-semantic-roles,java-usage,src/test/java/qupath/ext/astra/LauncherPreviewApp.java,5193,,color,0 95 115,"new Color(0, 95, 115),",generated/test-only,closed-test-only,Keep as diagnostic overlay color unless it becomes production UI.,preview diagnostic screenshot QA only,"Preview-only diagnostic paint, not a launcher user-facing theme source."
GVT-0973,colors-theme-semantic-roles,java-usage,src/test/java/qupath/ext/astra/LauncherPreviewApp.java,5194,,color,255 0 110,"new Color(255, 0, 110),",generated/test-only,closed-test-only,Keep as diagnostic overlay color unless it becomes production UI.,preview diagnostic screenshot QA only,"Preview-only diagnostic paint, not a launcher user-facing theme source."
GVT-0974,colors-theme-semantic-roles,java-usage,src/test/java/qupath/ext/astra/LauncherPreviewApp.java,5195,,color,88 129 87,"new Color(88, 129, 87)",generated/test-only,closed-test-only,Keep as diagnostic overlay color unless it becomes production UI.,preview diagnostic screenshot QA only,"Preview-only diagnostic paint, not a launcher user-facing theme source."
GVT-0975,header-footer-tab-shape-metrics,java-usage,src/test/java/qupath/ext/astra/LauncherPreviewApp.java,5679,,java-visual-literal,2.0d,"- (nestedStaticField(""HeaderGeometry"", ""ACTION_RIBBON_INSET"") * 2.0d)",generated/test-only,closed-test-only,Keep as proof scaffolding or generated-token mirror; do not treat as production visual source.,rendered button alpha + live path segment zero-delta table,Diagnostic or source-test mirror only; production source of truth is tokenized and guarded by focused tests.
GVT-0976,header-footer-tab-shape-metrics,java-usage,src/test/java/qupath/ext/astra/LauncherPreviewApp.java,5689,,java-visual-literal,2.0d,"+ (nestedStaticField(""FooterGeometry"", ""ACTION_SHELL_INSET"") * 2.0d);",generated/test-only,closed-test-only,Keep as proof scaffolding or generated-token mirror; do not treat as production visual source.,rendered button alpha + live path segment zero-delta table,Diagnostic or source-test mirror only; production source of truth is tokenized and guarded by focused tests.
GVT-0977,colors-theme-semantic-roles,java-usage,src/test/java/qupath/ext/astra/LauncherPreviewApp.java,6660,,color,0,"ImageChannel.getInstance(""DAPI"", ImageChannel.getDefaultChannelColor(0)),",generated/test-only,closed-test-only,Keep as diagnostic overlay color unless it becomes production UI.,preview diagnostic screenshot QA only,"Preview-only diagnostic paint, not a launcher user-facing theme source."
GVT-0978,colors-theme-semantic-roles,java-usage,src/test/java/qupath/ext/astra/LauncherPreviewApp.java,6661,,color,55 1,"ImageChannel.getInstance(""AF555"", ImageChannel.getDefaultChannelColor(1)),",generated/test-only,closed-test-only,Keep as diagnostic overlay color unless it becomes production UI.,preview diagnostic screenshot QA only,"Preview-only diagnostic paint, not a launcher user-facing theme source."
GVT-0979,colors-theme-semantic-roles,java-usage,src/test/java/qupath/ext/astra/LauncherPreviewApp.java,6662,,color,47 2,"ImageChannel.getInstance(""AF647"", ImageChannel.getDefaultChannelColor(2))));",generated/test-only,closed-test-only,Keep as diagnostic overlay color unless it becomes production UI.,preview diagnostic screenshot QA only,"Preview-only diagnostic paint, not a launcher user-facing theme source."
GVT-0980,control-geometry,java-usage,src/test/java/qupath/ext/astra/LauncherPreviewApp.java,6700,,java-visual-literal,2.0d,"double height = (staticField(""PARAMETER_ROW_HEIGHT"") * 2.0d)",generated/test-only,closed-test-only,Keep diagnostic/test-only geometry derived from named tokens; do not use these values as production layout constants.,preview diagnostic artifact or focused test guard,Control-geometry pass 3 resolved this test/diagnostic row as generated or token-derived proof code.
GVT-0981,control-geometry,java-usage,src/test/java/qupath/ext/astra/LauncherPreviewApp.java,6879,,java-visual-literal,2.0d,"double height = (staticField(""PARAMETER_ROW_HEIGHT"") * 2.0d)",generated/test-only,closed-test-only,Keep diagnostic/test-only geometry derived from named tokens; do not use these values as production layout constants.,preview diagnostic artifact or focused test guard,Control-geometry pass 3 resolved this test/diagnostic row as generated or token-derived proof code.
GVT-0982,control-geometry,java-usage,src/test/java/qupath/ext/astra/LauncherPreviewApp.java,6897,,java-visual-literal,3.0d,"double caseHeight = (staticField(""PARAMETER_ROW_HEIGHT"") * 3.0d)",generated/test-only,closed-test-only,Keep diagnostic/test-only geometry derived from named tokens; do not use these values as production layout constants.,preview diagnostic artifact or focused test guard,Control-geometry pass 3 resolved this test/diagnostic row as generated or token-derived proof code.
GVT-0983,margins-padding-gaps-spacing,java-usage,src/test/java/qupath/ext/astra/LauncherPreviewApp.java,6899,,java-visual-literal,4.0d,+ (LauncherGeometryTokens.INTRA_PANEL_TIGHT_GAP * 4.0d);,already-tokenized,closed-proven,Keep preview proof formula derived from LauncherGeometryTokens count tokens.,Focused PipelineLauncherTest plus targeted preview proof.,Preview diagnostic formula now uses semantic spacing count tokens instead of raw edge counts.
GVT-0984,control-geometry,java-usage,src/test/java/qupath/ext/astra/LauncherPreviewApp.java,6917,,java-visual-literal,3.0d,"double height = (staticField(""PARAMETER_ROW_HEIGHT"") * 3.0d)",generated/test-only,closed-test-only,Keep diagnostic/test-only geometry derived from named tokens; do not use these values as production layout constants.,preview diagnostic artifact or focused test guard,Control-geometry pass 3 resolved this test/diagnostic row as generated or token-derived proof code.
GVT-0985,margins-padding-gaps-spacing,java-usage,src/test/java/qupath/ext/astra/LauncherPreviewApp.java,6918,,java-visual-literal,2.0d,"+ (staticField(""PARAMETER_ROW_GAP"") * 2.0d)",already-tokenized,closed-proven,Keep preview proof formula derived from LauncherGeometryTokens count tokens.,Focused PipelineLauncherTest plus targeted preview proof.,Preview diagnostic formula now uses semantic spacing count tokens instead of raw edge counts.
GVT-0986,control-geometry,java-usage,src/test/java/qupath/ext/astra/LauncherPreviewApp.java,6936,,java-visual-literal,5.0d,"double height = (staticField(""PARAMETER_ROW_HEIGHT"") * 5.0d)",generated/test-only,closed-test-only,Keep diagnostic/test-only geometry derived from named tokens; do not use these values as production layout constants.,preview diagnostic artifact or focused test guard,Control-geometry pass 3 resolved this test/diagnostic row as generated or token-derived proof code.
GVT-0987,margins-padding-gaps-spacing,java-usage,src/test/java/qupath/ext/astra/LauncherPreviewApp.java,6937,,java-visual-literal,5.0d,"+ (staticField(""STRUCTURED_VALUE_EDITOR_GAP"") * 5.0d)",already-tokenized,closed-proven,Keep preview proof formula derived from LauncherGeometryTokens count tokens.,Focused PipelineLauncherTest plus targeted preview proof.,Preview diagnostic formula now uses semantic spacing count tokens instead of raw edge counts.
GVT-0988,control-geometry,java-usage,src/test/java/qupath/ext/astra/LauncherPreviewApp.java,6956,,java-visual-literal,2.0d,"double editorHeight = (staticField(""PARAMETER_ROW_HEIGHT"") * 2.0d)",generated/test-only,closed-test-only,Keep diagnostic/test-only geometry derived from named tokens; do not use these values as production layout constants.,preview diagnostic artifact or focused test guard,Control-geometry pass 3 resolved this test/diagnostic row as generated or token-derived proof code.
GVT-0989,margins-padding-gaps-spacing,java-usage,src/test/java/qupath/ext/astra/LauncherPreviewApp.java,6957,,java-visual-literal,2.0d,"+ (nestedStaticField(""SelectionGeometry"", ""EDITOR_STACK_GAP"") * 2.0d);",already-tokenized,closed-proven,Keep preview proof formula derived from LauncherGeometryTokens count tokens.,Focused PipelineLauncherTest plus targeted preview proof.,Preview diagnostic formula now uses semantic spacing count tokens instead of raw edge counts.
GVT-0990,margins-padding-gaps-spacing,java-usage,src/test/java/qupath/ext/astra/LauncherPreviewApp.java,6959,,java-visual-literal,2.0d,"+ (staticField(""PARAMETER_ROW_GAP"") * 2.0d)",already-tokenized,closed-proven,Keep preview proof formula derived from LauncherGeometryTokens count tokens.,Focused PipelineLauncherTest plus targeted preview proof.,Preview diagnostic formula now uses semantic spacing count tokens instead of raw edge counts.
GVT-0991,control-geometry,java-usage,src/test/java/qupath/ext/astra/LauncherPreviewApp.java,6977,,java-visual-literal,6.0d,"double height = (staticField(""PARAMETER_ROW_HEIGHT"") * 6.0d)",generated/test-only,closed-test-only,Keep diagnostic/test-only geometry derived from named tokens; do not use these values as production layout constants.,preview diagnostic artifact or focused test guard,Control-geometry pass 3 resolved this test/diagnostic row as generated or token-derived proof code.
GVT-0992,margins-padding-gaps-spacing,java-usage,src/test/java/qupath/ext/astra/LauncherPreviewApp.java,6978,,java-visual-literal,5.0d,"+ (staticField(""PARAMETER_ROW_GAP"") * 5.0d)",already-tokenized,closed-proven,Keep preview proof formula derived from LauncherGeometryTokens count tokens.,Focused PipelineLauncherTest plus targeted preview proof.,Preview diagnostic formula now uses semantic spacing count tokens instead of raw edge counts.
GVT-0993,control-geometry,java-usage,src/test/java/qupath/ext/astra/PipelineLauncherTest.java,314,,width,620.0,"assertFalse(source.contains(""dialog.getDialogPane().setPrefWidth(620.0);""));",generated/test-only,closed-test-only,Confirm test/diagnostic literals do not become false proof; derive from live nodes where possible.,rendered body bounds + same-family width/height deltas,Java visual/layout/timing literal or formula candidate.
GVT-0994,bevels-radii-arcs-tab-curvature,java-usage,src/test/java/qupath/ext/astra/PipelineLauncherTest.java,319,,java-visual-literal,6,"+ ""    -fx-background-radius: 6;\n""",generated/test-only,closed-test-only,Keep as proof scaffolding or generated-token mirror; do not treat as production visual source.,rendered alpha bounds + path segment extraction + curve tangent/end-point proof,Diagnostic or source-test mirror only; production source of truth is tokenized and guarded by focused tests.
GVT-0995,bevels-radii-arcs-tab-curvature,java-usage,src/test/java/qupath/ext/astra/PipelineLauncherTest.java,320,,java-visual-literal,6,"+ ""    -fx-border-radius: 6;\n""",generated/test-only,closed-test-only,Keep as proof scaffolding or generated-token mirror; do not treat as production visual source.,rendered alpha bounds + path segment extraction + curve tangent/end-point proof,Diagnostic or source-test mirror only; production source of truth is tokenized and guarded by focused tests.
GVT-0996,borders-strokes,java-usage,src/test/java/qupath/ext/astra/PipelineLauncherTest.java,346,,java-visual-literal,2.0,"assertTrue(source.contains(""SURFACE_BORDER_WIDTH / 2.0""));",generated/test-only,closed-test-only,Confirm test/diagnostic literals do not become false proof; derive from live nodes where possible.,rendered stroke alpha bounds + border width pixel scans,Java visual/layout/timing literal or formula candidate.
GVT-0997,control-geometry,java-usage,src/test/java/qupath/ext/astra/PipelineLauncherTest.java,352,,width,3,"assertFalse(source.contains(""cards.setMinWidth(3 *""));",generated/test-only,closed-test-only,Confirm test/diagnostic literals do not become false proof; derive from live nodes where possible.,rendered body bounds + same-family width/height deltas,Java visual/layout/timing literal or formula candidate.
GVT-0998,bevels-radii-arcs-tab-curvature,java-usage,src/test/java/qupath/ext/astra/PipelineLauncherTest.java,417,,java-visual-literal,6,"+ ""    -fx-border-radius: 6;\n""",generated/test-only,closed-test-only,Keep as proof scaffolding or generated-token mirror; do not treat as production visual source.,rendered alpha bounds + path segment extraction + curve tangent/end-point proof,Diagnostic or source-test mirror only; production source of truth is tokenized and guarded by focused tests.
GVT-0999,bevels-radii-arcs-tab-curvature,java-usage,src/test/java/qupath/ext/astra/PipelineLauncherTest.java,418,,java-visual-literal,6,"+ ""    -fx-background-radius: 6;\n""",generated/test-only,closed-test-only,Keep as proof scaffolding or generated-token mirror; do not treat as production visual source.,rendered alpha bounds + path segment extraction + curve tangent/end-point proof,Diagnostic or source-test mirror only; production source of truth is tokenized and guarded by focused tests.
GVT-1000,bevels-radii-arcs-tab-curvature,java-usage,src/test/java/qupath/ext/astra/PipelineLauncherTest.java,423,,java-visual-literal,6,"+ ""    -fx-border-radius: 6;\n""",generated/test-only,closed-test-only,Keep as proof scaffolding or generated-token mirror; do not treat as production visual source.,rendered alpha bounds + path segment extraction + curve tangent/end-point proof,Diagnostic or source-test mirror only; production source of truth is tokenized and guarded by focused tests.
GVT-1001,bevels-radii-arcs-tab-curvature,java-usage,src/test/java/qupath/ext/astra/PipelineLauncherTest.java,424,,java-visual-literal,6,"+ ""    -fx-background-radius: 6;\n""",generated/test-only,closed-test-only,Keep as proof scaffolding or generated-token mirror; do not treat as production visual source.,rendered alpha bounds + path segment extraction + curve tangent/end-point proof,Diagnostic or source-test mirror only; production source of truth is tokenized and guarded by focused tests.
GVT-1002,bevels-radii-arcs-tab-curvature,java-usage,src/test/java/qupath/ext/astra/PipelineLauncherTest.java,428,,java-visual-literal,6,"+ ""    -fx-background-radius: 6;\n""",generated/test-only,closed-test-only,Keep as proof scaffolding or generated-token mirror; do not treat as production visual source.,rendered alpha bounds + path segment extraction + curve tangent/end-point proof,Diagnostic or source-test mirror only; production source of truth is tokenized and guarded by focused tests.
GVT-1003,bevels-radii-arcs-tab-curvature,java-usage,src/test/java/qupath/ext/astra/PipelineLauncherTest.java,430,,java-visual-literal,6,"+ ""    -fx-border-radius: 6;\n""",generated/test-only,closed-test-only,Keep as proof scaffolding or generated-token mirror; do not treat as production visual source.,rendered alpha bounds + path segment extraction + curve tangent/end-point proof,Diagnostic or source-test mirror only; production source of truth is tokenized and guarded by focused tests.
GVT-1004,colors-theme-semantic-roles,java-usage,src/test/java/qupath/ext/astra/PipelineLauncherTest.java,440,,setStyle,173747 #173747,"assertFalse(source.contains(""header.setStyle(\""-fx-background-color: #173747""));",generated/test-only,closed-test-only,Confirm test/diagnostic literals do not become false proof; derive from live nodes where possible.,pixel sampling against theme tokens + state screenshots,Java visual/layout/timing literal or formula candidate.
GVT-1005,header-footer-tab-shape-metrics,java-usage,src/test/java/qupath/ext/astra/PipelineLauncherTest.java,474,,java-visual-literal,2.0,"assertTrue(source.contains(""- (HeaderGeometry.ACTION_RIBBON_INSET * 2.0)""));",generated/test-only,closed-test-only,Confirm test/diagnostic literals do not become false proof; derive from live nodes where possible.,rendered button alpha + live path segment zero-delta table,Java visual/layout/timing literal or formula candidate.
GVT-1006,header-footer-tab-shape-metrics,java-usage,src/test/java/qupath/ext/astra/PipelineLauncherTest.java,479,,java-visual-literal,2.0,"assertTrue(source.contains(""return PARAMETER_ROW_HEIGHT + (ACTION_RIBBON_INSET * 2.0);""));",generated/test-only,closed-test-only,Confirm test/diagnostic literals do not become false proof; derive from live nodes where possible.,rendered button alpha + live path segment zero-delta table,Java visual/layout/timing literal or formula candidate.
GVT-1007,colors-theme-semantic-roles,java-usage,src/test/java/qupath/ext/astra/PipelineLauncherTest.java,624,,setStyle,0d 430 #0d2430,"assertFalse(animatedHeader.contains(""setStyle(\""-fx-background-color: #0d2430""));",generated/test-only,closed-test-only,Confirm test/diagnostic literals do not become false proof; derive from live nodes where possible.,pixel sampling against theme tokens + state screenshots,Java visual/layout/timing literal or formula candidate.
GVT-1008,motion-animation-gradient-speed,java-usage,src/test/java/qupath/ext/astra/PipelineLauncherTest.java,701,,motion/duration,1.0,"assertTrue(source.contains(""new Timeline(new KeyFrame(javafx.util.Duration.seconds(1.0)""));",generated/test-only,closed-test-only,Confirm test/diagnostic literals do not become false proof; derive from live nodes where possible.,source token checks + active surface count + seam/speed diagnostics,Java visual/layout/timing literal or formula candidate.
GVT-1009,margins-padding-gaps-spacing,java-usage,src/test/java/qupath/ext/astra/PipelineLauncherTest.java,706,,spacing,10,"assertFalse(source.contains(""new HBox(10""));",generated/test-only,closed-test-only,Confirm test/diagnostic literals do not become false proof; derive from live nodes where possible.,rendered bounds + overlay line deltas + CSV expected/observed/delta,Java visual/layout/timing literal or formula candidate.
GVT-1010,margins-padding-gaps-spacing,java-usage,src/test/java/qupath/ext/astra/PipelineLauncherTest.java,707,,spacing,10,"assertFalse(source.contains(""new VBox(10""));",generated/test-only,closed-test-only,Confirm test/diagnostic literals do not become false proof; derive from live nodes where possible.,rendered bounds + overlay line deltas + CSV expected/observed/delta,Java visual/layout/timing literal or formula candidate.
GVT-1011,margins-padding-gaps-spacing,java-usage,src/test/java/qupath/ext/astra/PipelineLauncherTest.java,708,,padding/insets,12,"assertFalse(source.contains(""new Insets(12""));",generated/test-only,closed-test-only,Confirm test/diagnostic literals do not become false proof; derive from live nodes where possible.,rendered bounds + overlay line deltas + CSV expected/observed/delta,Java visual/layout/timing literal or formula candidate.
GVT-1012,bevels-radii-arcs-tab-curvature,java-usage,src/test/java/qupath/ext/astra/PipelineLauncherTest.java,798,,radius/arc,12.0d,"assertFalse(source.contains(""clip.setArcWidth(12.0d);""));",generated/test-only,closed-test-only,Confirm test/diagnostic literals do not become false proof; derive from live nodes where possible.,rendered alpha bounds + path segment extraction + curve tangent/end-point proof,Java visual/layout/timing literal or formula candidate.
GVT-1013,bevels-radii-arcs-tab-curvature,java-usage,src/test/java/qupath/ext/astra/PipelineLauncherTest.java,799,,radius/arc,12.0d,"assertFalse(source.contains(""clip.setArcHeight(12.0d);""));",generated/test-only,closed-test-only,Confirm test/diagnostic literals do not become false proof; derive from live nodes where possible.,rendered alpha bounds + path segment extraction + curve tangent/end-point proof,Java visual/layout/timing literal or formula candidate.
GVT-1014,motion-animation-gradient-speed,java-usage,src/test/java/qupath/ext/astra/PipelineLauncherTest.java,1024,,motion/duration,350.0,"assertTrue(source.contains(""Duration.millis(350.0)""));",generated/test-only,closed-test-only,Confirm test/diagnostic literals do not become false proof; derive from live nodes where possible.,source token checks + active surface count + seam/speed diagnostics,Java visual/layout/timing literal or formula candidate.
GVT-1015,margins-padding-gaps-spacing,java-constant,src/test/java/qupath/ext/astra/PipelineLauncherTest.java,1422,INTRA_PANEL_MARGIN,java-visual-literal,2.0,"assertTrue(sharedGeometry.contains(""static final double INTRA_PANEL_MARGIN = OUTER_MARGIN / 2.0;""));",already-tokenized,closed-proven,Keep semantic spacing token/formula and verify with targeted geometry overlay.,geometry-overlay CSV expected/observed/delta; /private/tmp/astra-spacing-pass-final,Test guard now expects BILATERAL_EDGE_COUNT source of truth.
GVT-1016,margins-padding-gaps-spacing,java-constant,src/test/java/qupath/ext/astra/PipelineLauncherTest.java,1423,INTRA_PANEL_TIGHT_GAP,java-visual-literal,3.0,"assertTrue(sharedGeometry.contains(""static final double INTRA_PANEL_TIGHT_GAP = INTRA_PANEL_MARGIN / 3.0;""));",already-tokenized,closed-proven,Keep semantic spacing token/formula and verify with targeted geometry overlay.,geometry-overlay CSV expected/observed/delta; /private/tmp/astra-spacing-pass-final,Test guard now expects TRILATERAL_EDGE_COUNT source of truth.
GVT-1017,margins-padding-gaps-spacing,java-constant,src/test/java/qupath/ext/astra/PipelineLauncherTest.java,1424,INTRA_PANEL_SUBTLE_GAP,java-visual-literal,2.0 3.0,"assertTrue(sharedGeometry.contains(""static final double INTRA_PANEL_SUBTLE_GAP = INTRA_PANEL_MARGIN * 2.0 / 3.0;""));",already-tokenized,closed-proven,Keep semantic spacing token/formula and verify with targeted geometry overlay.,geometry-overlay CSV expected/observed/delta; /private/tmp/astra-spacing-pass-final,Test guard now expects BILATERAL_EDGE_COUNT / TRILATERAL_EDGE_COUNT source of truth.
GVT-1018,borders-strokes,java-constant,src/test/java/qupath/ext/astra/PipelineLauncherTest.java,1425,SURFACE_BORDER_WIDTH,java-visual-literal,24.0,"assertTrue(sharedGeometry.contains(""static final double SURFACE_BORDER_WIDTH = LAYOUT_UNIT / 24.0;""));",generated/test-only,closed-test-only,Confirm test/diagnostic literals do not become false proof; derive from live nodes where possible.,rendered stroke alpha bounds + border width pixel scans,Java visual/layout/timing literal or formula candidate.
GVT-1019,control-geometry,java-constant,src/test/java/qupath/ext/astra/PipelineLauncherTest.java,1436,SCROLLBAR_THUMB_WIDTH,java-visual-literal,3.0,"assertTrue(source.contains(""private static final double SCROLLBAR_THUMB_WIDTH = SCROLLBAR_GUTTER_WIDTH / 3.0;""));",generated/test-only,closed-test-only,Confirm test/diagnostic literals do not become false proof; derive from live nodes where possible.,rendered body bounds + same-family width/height deltas,Java visual/layout/timing literal or formula candidate.
GVT-1020,control-geometry,java-usage,src/test/java/qupath/ext/astra/PipelineLauncherTest.java,1437,,java-visual-literal,2.0,"assertTrue(source.contains(""(SCROLLBAR_GUTTER_WIDTH - SCROLLBAR_THUMB_WIDTH) / 2.0""));",generated/test-only,closed-test-only,Confirm test/diagnostic literals do not become false proof; derive from live nodes where possible.,rendered body bounds + same-family width/height deltas,Java visual/layout/timing literal or formula candidate.
GVT-1021,borders-strokes,java-usage,src/test/java/qupath/ext/astra/PipelineLauncherTest.java,1453,,java-visual-literal,2.0,"+ ""                    - (BORDER_WIDTH * 2.0);""));",generated/test-only,closed-test-only,Keep as proof scaffolding or generated-token mirror; do not treat as production visual source.,rendered stroke alpha bounds + border width pixel scans,Diagnostic or source-test mirror only; production source of truth is tokenized and guarded by focused tests.
GVT-1022,control-geometry,java-usage,src/test/java/qupath/ext/astra/PipelineLauncherTest.java,1463,,java-visual-literal,2.0,"+ ""            Math.min(PARAMETER_ANCHOR_WIDTH, PARAMETER_FIRST_ROW_HEIGHT) / 2.0;""));",generated/test-only,closed-test-only,Keep diagnostic/test-only geometry derived from named tokens; do not use these values as production layout constants.,preview diagnostic artifact or focused test guard,Control-geometry pass 3 resolved this test/diagnostic row as generated or token-derived proof code.
GVT-1023,bevels-radii-arcs-tab-curvature,java-usage,src/test/java/qupath/ext/astra/PipelineLauncherTest.java,1465,,radius/arc,2.0,"+ ""            PARAMETER_ANCHOR_PAINT_RADIUS * LauncherGeometryTokens.BEVEL_DIAMETER_DIVISOR;""));",tokenized-pass-1,closed-proven,Keep source test asserting shared bevel divisor rather than local literal.,rendered alpha bounds + path segment extraction + curve tangent/end-point proof,Pass 1 updated stale source assertion.
GVT-1024,margins-padding-gaps-spacing,java-usage,src/test/java/qupath/ext/astra/PipelineLauncherTest.java,1492,,java-visual-literal,2.0,"+ ""            ACCENT_INDENT - (BORDER_WIDTH * 2.0) - PARAMETER_ROW_EDGE_TO_BAR_GAP;""));",already-tokenized,closed-proven,Keep semantic spacing token/formula and verify with targeted geometry overlay.,geometry-overlay CSV expected/observed/delta; /private/tmp/astra-spacing-pass-final,Test guard now expects dependent inset BILATERAL_EDGE_COUNT formula.
GVT-1025,margins-padding-gaps-spacing,java-usage,src/test/java/qupath/ext/astra/PipelineLauncherTest.java,1548,,java-visual-literal,2.0,"+ ""                OPTIONS_PANEL_INSET - (SURFACE_BORDER_WIDTH * 2.0);""));",already-tokenized,closed-proven,Keep semantic spacing token/formula and verify with targeted geometry overlay.,geometry-overlay CSV expected/observed/delta; /private/tmp/astra-spacing-pass-final,Test guard now expects simple menu item BILATERAL_EDGE_COUNT formula.
GVT-1026,margins-padding-gaps-spacing,java-usage,src/test/java/qupath/ext/astra/PipelineLauncherTest.java,1550,,java-visual-literal,2.0,"+ ""                MENU_WIDTH - (OPTIONS_PANEL_INSET * 2.0);""));",already-tokenized,closed-proven,Keep semantic spacing token/formula and verify with targeted geometry overlay.,geometry-overlay CSV expected/observed/delta; /private/tmp/astra-spacing-pass-final,Test guard now expects menu item BILATERAL_EDGE_COUNT formula.
GVT-1027,margins-padding-gaps-spacing,java-usage,src/test/java/qupath/ext/astra/PipelineLauncherTest.java,1604,,java-visual-literal,12.0,"assertFalse(source.contains(""WORKSPACE_GAP = 12.0""));",generated/test-only,closed-test-only,Confirm test/diagnostic literals do not become false proof; derive from live nodes where possible.,rendered bounds + overlay line deltas + CSV expected/observed/delta,Java visual/layout/timing literal or formula candidate.
GVT-1028,margins-padding-gaps-spacing,java-usage,src/test/java/qupath/ext/astra/PipelineLauncherTest.java,1620,,spacing,0 0,"assertFalse(Pattern.compile(""(new VBox|new HBox|super)\\(0\\.0\\)"")",generated/test-only,closed-test-only,Confirm test/diagnostic literals do not become false proof; derive from live nodes where possible.,rendered bounds + overlay line deltas + CSV expected/observed/delta,Java visual/layout/timing literal or formula candidate.
GVT-1029,margins-padding-gaps-spacing,java-usage,src/test/java/qupath/ext/astra/PipelineLauncherTest.java,1623,,padding/insets,0,"assertFalse(Pattern.compile(""new Insets\\(0\\)"")",generated/test-only,closed-test-only,Confirm test/diagnostic literals do not become false proof; derive from live nodes where possible.,rendered bounds + overlay line deltas + CSV expected/observed/delta,Java visual/layout/timing literal or formula candidate.
GVT-1030,bevels-radii-arcs-tab-curvature,java-usage,src/test/java/qupath/ext/astra/PipelineLauncherTest.java,1765,,java-visual-literal,2.0d,"assertEquals(Math.min(anchorWidth, firstRowHeight) / bevelDiameterDivisor, anchorPaintRadius);",tokenized-pass-1,closed-proven,Keep numeric test derived from live BEVEL_DIAMETER_DIVISOR.,rendered alpha bounds + path segment extraction + curve tangent/end-point proof,Pass 1 updated stale numeric assertion.
GVT-1031,bevels-radii-arcs-tab-curvature,java-usage,src/test/java/qupath/ext/astra/PipelineLauncherTest.java,1766,,java-visual-literal,2.0d,"assertEquals(anchorPaintRadius * bevelDiameterDivisor, anchorPaintArc);",tokenized-pass-1,closed-proven,Keep numeric test derived from live BEVEL_DIAMETER_DIVISOR.,rendered alpha bounds + path segment extraction + curve tangent/end-point proof,Pass 1 updated stale numeric assertion.
GVT-1032,margins-padding-gaps-spacing,java-usage,src/test/java/qupath/ext/astra/PipelineLauncherTest.java,1878,,java-visual-literal,2.0,"assertTrue(source.contains(""MENU_POPUP_WIDTH + (MENU_EDGE_MARGIN * 2.0)""));",generated/test-only,closed-test-only,Confirm test/diagnostic literals do not become false proof; derive from live nodes where possible.,rendered bounds + overlay line deltas + CSV expected/observed/delta,Java visual/layout/timing literal or formula candidate.
GVT-1033,bevels-radii-arcs-tab-curvature,java-usage,src/test/java/qupath/ext/astra/PipelineLauncherTest.java,1969,,java-visual-literal,7,"+ ""    -fx-border-radius: 7;\n""",generated/test-only,closed-test-only,Keep as proof scaffolding or generated-token mirror; do not treat as production visual source.,rendered alpha bounds + path segment extraction + curve tangent/end-point proof,Diagnostic or source-test mirror only; production source of truth is tokenized and guarded by focused tests.
GVT-1034,bevels-radii-arcs-tab-curvature,java-usage,src/test/java/qupath/ext/astra/PipelineLauncherTest.java,1970,,java-visual-literal,7,"+ ""    -fx-background-radius: 7;\n""",generated/test-only,closed-test-only,Keep as proof scaffolding or generated-token mirror; do not treat as production visual source.,rendered alpha bounds + path segment extraction + curve tangent/end-point proof,Diagnostic or source-test mirror only; production source of truth is tokenized and guarded by focused tests.
GVT-1035,control-geometry,java-constant,src/test/java/qupath/ext/astra/PipelineLauncherTest.java,1972,MULTI_SELECT_BUTTON_SUMMARY_LIMIT,java-visual-literal,64,"assertTrue(source.contains(""private static final int MULTI_SELECT_BUTTON_SUMMARY_LIMIT = 64;""));",generated/test-only,closed-test-only,Confirm test/diagnostic literals do not become false proof; derive from live nodes where possible.,rendered body bounds + same-family width/height deltas,Java visual/layout/timing literal or formula candidate.
GVT-1036,typography-text-ink,java-usage,src/test/java/qupath/ext/astra/PipelineLauncherTest.java,1983,,java-visual-literal,12px,"+ ""    -fx-font-size: 12px;\n""",generated/test-only,closed-test-only,Keep as test/diagnostic source scaffolding guarded by focused tests.,Focused source tests and generated token staleness checks.,Typography pass 4 classifies test-only text assertions separately from production visual source.
GVT-1037,typography-text-ink,java-usage,src/test/java/qupath/ext/astra/PipelineLauncherTest.java,2026,,java-visual-literal,12px,"assertFalse(css.contains("".astra-dependent-panel-title {\n    -fx-font-size: 12px;\n""",generated/test-only,closed-test-only,Keep as test/diagnostic source scaffolding guarded by focused tests.,Focused source tests and generated token staleness checks.,Typography pass 4 classifies test-only text assertions separately from production visual source.
GVT-1038,typography-text-ink,java-usage,src/test/java/qupath/ext/astra/PipelineLauncherTest.java,2210,,java-visual-literal,1.0d,"assertTrue(surface.contains(""SEAM_OVERLAP_LOGICAL_LENGTH = 1.0d / TEXTURE_SCALE""));",generated/test-only,closed-test-only,Keep as test/diagnostic source scaffolding guarded by focused tests.,Focused source tests and generated token staleness checks.,Typography pass 4 classifies test-only text assertions separately from production visual source.
GVT-1039,margins-padding-gaps-spacing,java-usage,src/test/java/qupath/ext/astra/PipelineLauncherTest.java,2561,,java-visual-literal,2.0,"+ ""                LauncherGeometry.INTRA_PANEL_MARGIN - (SURFACE_BORDER_WIDTH * 2.0);""));",already-tokenized,closed-proven,Keep source assertion aligned with semantic spacing formula.,Focused PipelineLauncherTest.,Test assertion now follows BILATERAL_EDGE_COUNT formula.
GVT-1040,typography-text-ink,java-usage,src/test/java/qupath/ext/astra/PipelineLauncherTest.java,2588,,setStyle,12px,"assertFalse(source.contains(""setStyle(\""-fx-font-family: \"" + FONT_STACK + \""; -fx-font-size: 12px;\"")""));",generated/test-only,closed-test-only,Keep as test/diagnostic source scaffolding guarded by focused tests.,Focused source tests and generated token staleness checks.,Typography pass 4 classifies test-only text assertions separately from production visual source.
GVT-1041,control-geometry,java-usage,src/test/java/qupath/ext/astra/PipelineLauncherTest.java,2597,,width,520.0,"assertFalse(source.contains(""box.setMaxWidth(520.0);""));",generated/test-only,closed-test-only,Confirm test/diagnostic literals do not become false proof; derive from live nodes where possible.,rendered body bounds + same-family width/height deltas,Java visual/layout/timing literal or formula candidate.
GVT-1042,margins-padding-gaps-spacing,java-usage,src/test/java/qupath/ext/astra/PipelineLauncherTest.java,2906,,spacing,12.0,"assertFalse(source.contains(""new HBox(12.0, availableBox, moveButtons, chosenBox)""));",generated/test-only,closed-test-only,Confirm test/diagnostic literals do not become false proof; derive from live nodes where possible.,rendered bounds + overlay line deltas + CSV expected/observed/delta,Java visual/layout/timing literal or formula candidate.
GVT-1043,margins-padding-gaps-spacing,java-usage,src/test/java/qupath/ext/astra/PipelineLauncherTest.java,2907,,spacing,10.0,"assertFalse(source.contains(""new VBox(10.0, filter, chooser)""));",generated/test-only,closed-test-only,Confirm test/diagnostic literals do not become false proof; derive from live nodes where possible.,rendered bounds + overlay line deltas + CSV expected/observed/delta,Java visual/layout/timing literal or formula candidate.
GVT-1044,margins-padding-gaps-spacing,java-usage,src/test/java/qupath/ext/astra/PipelineLauncherTest.java,2908,,spacing,5.0,"assertFalse(source.contains(""return new VBox(5.0, label, list)""));",generated/test-only,closed-test-only,Confirm test/diagnostic literals do not become false proof; derive from live nodes where possible.,rendered bounds + overlay line deltas + CSV expected/observed/delta,Java visual/layout/timing literal or formula candidate.
GVT-1045,motion-animation-gradient-speed,java-usage,src/test/java/qupath/ext/astra/PipelineLauncherTest.java,3287,,motion/duration,1.2,"assertTrue(view.contains(""new PauseTransition(Duration.seconds(1.2))""));",generated/test-only,closed-test-only,Confirm test/diagnostic literals do not become false proof; derive from live nodes where possible.,source token checks + active surface count + seam/speed diagnostics,Java visual/layout/timing literal or formula candidate.
GVT-1046,colors-theme-semantic-roles,java-usage,src/test/java/qupath/ext/astra/PipelineLauncherTest.java,3330,,setStyle,102733 #102733,"assertFalse(view.contains(""card.setStyle(\""-fx-background-color: #102733""));",generated/test-only,closed-test-only,Confirm test/diagnostic literals do not become false proof; derive from live nodes where possible.,pixel sampling against theme tokens + state screenshots,Java visual/layout/timing literal or formula candidate.
GVT-1047,colors-theme-semantic-roles,java-usage,src/test/java/qupath/ext/astra/PipelineLauncherTest.java,3331,,setStyle,121d 7 #121d27,"assertFalse(view.contains(""card.setStyle(\""-fx-background-color: #121d27""));",generated/test-only,closed-test-only,Confirm test/diagnostic literals do not become false proof; derive from live nodes where possible.,pixel sampling against theme tokens + state screenshots,Java visual/layout/timing literal or formula candidate.
GVT-1048,motion-animation-gradient-speed,java-usage,src/test/java/qupath/ext/astra/PipelineLauncherTest.java,3343,,motion/duration,1.0,"assertTrue(source.contains(""new Timeline(new KeyFrame(Duration.seconds(1.0)""));",generated/test-only,closed-test-only,Confirm test/diagnostic literals do not become false proof; derive from live nodes where possible.,source token checks + active surface count + seam/speed diagnostics,Java visual/layout/timing literal or formula candidate.
GVT-1049,typography-text-ink,java-usage,src/test/java/qupath/ext/astra/ExtensionContractTest.java,195,,java-visual-literal,3.0d,"assertTrue(surface.contains(""TEXTURE_SCALE = 3.0d""));",generated/test-only,closed-test-only,Keep as test/diagnostic source scaffolding guarded by focused tests.,Focused source tests and generated token staleness checks.,Typography pass 4 classifies test-only text assertions separately from production visual source.
GVT-1050,typography-text-ink,java-usage,src/test/java/qupath/ext/astra/ExtensionContractTest.java,197,,java-visual-literal,128,"assertTrue(surface.contains(""TEXTURE_MAX_PIXEL_HEIGHT = 128""));",generated/test-only,closed-test-only,Keep as test/diagnostic source scaffolding guarded by focused tests.,Focused source tests and generated token staleness checks.,Typography pass 4 classifies test-only text assertions separately from production visual source.
GVT-1051,motion-animation-gradient-speed,java-usage,src/test/java/qupath/ext/astra/ExtensionContractTest.java,606,,motion/duration,1,"assertTrue(RuntimeInstaller.terminateProcessForCancellation(process, Duration.ofMillis(1)));",generated/test-only,closed-test-only,Confirm test/diagnostic literals do not become false proof; derive from live nodes where possible.,source token checks + active surface count + seam/speed diagnostics,Java visual/layout/timing literal or formula candidate.
GVT-1052,control-geometry,java-inline-style,src/main/java/qupath/ext/astra/PipelineLauncher.java,3262,,setStyle,"combo.setStyle("""");","combo.setStyle("""");",tokenized-pass-3,closed-proven,Control geometry now routes through named LauncherGeometryTokens or explicit control helper methods; keep focused control diagnostics in sync.,focused control geometry diagnostics plus PipelineLauncherTest source guards,Control-geometry pass 3 resolved this production row with a named token/helper; screenshot review remains QA only.
GVT-1053,control-geometry,java-inline-style,src/main/java/qupath/ext/astra/PipelineLauncher.java,3266,,setStyle,"combo.getEditor().setStyle("""");","combo.getEditor().setStyle("""");",tokenized-pass-3,closed-proven,Control geometry now routes through named LauncherGeometryTokens or explicit control helper methods; keep focused control diagnostics in sync.,focused control geometry diagnostics plus PipelineLauncherTest source guards,Control-geometry pass 3 resolved this production row with a named token/helper; screenshot review remains QA only.
GVT-1054,control-geometry,java-inline-style,src/main/java/qupath/ext/astra/PipelineLauncher.java,3282,,setStyle,"arrowButton.setStyle("""");","arrowButton.setStyle("""");",tokenized-pass-3,closed-proven,Control geometry now routes through named LauncherGeometryTokens or explicit control helper methods; keep focused control diagnostics in sync.,focused control geometry diagnostics plus PipelineLauncherTest source guards,Control-geometry pass 3 resolved this production row with a named token/helper; screenshot review remains QA only.
GVT-1055,css-java-uncategorized-visual-literals,java-inline-style,src/main/java/qupath/ext/astra/PipelineLauncher.java,3287,,setStyle,"arrow.setStyle("""");",clearInlineStyle(arrow),tokenized-pass-8,closed-proven,Resolved by named JavaFX inline-style reset helper; keep CSS-owned visual state outside renderer subnode residue.,docs/gui-uncategorized-visual-literal-proof.md,Intentional renderer reset path uses CLEARED_INLINE_STYLE through clearInlineStyle(Node).
GVT-1056,control-geometry,java-inline-style,src/main/java/qupath/ext/astra/PipelineLauncher.java,3292,,setStyle,"textField.setStyle("""");","textField.setStyle("""");",tokenized-pass-3,closed-proven,Keep inline style reset routed through clearInlineStyle and the control-geometry pass source guard.,Control-geometry proof and source guard; not typography alpha proof.,"Reclassified out of typography during pass 4; empty style reset is control hygiene, not text rendering."
GVT-1057,css-java-uncategorized-visual-literals,java-inline-style,src/main/java/qupath/ext/astra/PipelineLauncher.java,3297,,setStyle,"selectedCell.setStyle("""");",clearInlineStyle(selectedCell),tokenized-pass-8,closed-proven,Resolved by named JavaFX inline-style reset helper; keep CSS-owned visual state outside renderer subnode residue.,docs/gui-uncategorized-visual-literal-proof.md,Intentional renderer reset path uses CLEARED_INLINE_STYLE through clearInlineStyle(Node).
GVT-1058,css-java-uncategorized-visual-literals,java-inline-style,src/main/java/qupath/ext/astra/PipelineLauncher.java,3322,,setStyle,"cell.setStyle("""");",clearInlineStyle(cell),tokenized-pass-8,closed-proven,Resolved by named JavaFX inline-style reset helper; keep CSS-owned visual state outside renderer subnode residue.,docs/gui-uncategorized-visual-literal-proof.md,Intentional renderer reset path uses CLEARED_INLINE_STYLE through clearInlineStyle(Node).
GVT-1059,css-java-uncategorized-visual-literals,java-inline-style,src/main/java/qupath/ext/astra/PipelineLauncher.java,3334,,setStyle,"setStyle("""");",clearInlineStyle(this),tokenized-pass-8,closed-proven,Resolved by named JavaFX inline-style reset helper; keep CSS-owned visual state outside renderer subnode residue.,docs/gui-uncategorized-visual-literal-proof.md,Intentional renderer reset path uses CLEARED_INLINE_STYLE through clearInlineStyle(Node).
GVT-1060,control-geometry,java-inline-style,src/main/java/qupath/ext/astra/PipelineLauncher.java,4164,,setStyle,"button.setStyle("""");","button.setStyle("""");",tokenized-pass-3,closed-proven,Control geometry now routes through named LauncherGeometryTokens or explicit control helper methods; keep focused control diagnostics in sync.,focused control geometry diagnostics plus PipelineLauncherTest source guards,Control-geometry pass 3 resolved this production row with a named token/helper; screenshot review remains QA only.
GVT-1061,control-geometry,java-inline-style,src/main/java/qupath/ext/astra/PipelineLauncher.java,5507,,setStyle,"button.setStyle("""");","button.setStyle("""");",tokenized-pass-3,closed-proven,Control geometry now routes through named LauncherGeometryTokens or explicit control helper methods; keep focused control diagnostics in sync.,focused control geometry diagnostics plus PipelineLauncherTest source guards,Control-geometry pass 3 resolved this production row with a named token/helper; screenshot review remains QA only.
GVT-1062,css-java-uncategorized-visual-literals,java-inline-style,src/main/java/qupath/ext/astra/PipelineLauncher.java,5573,,setStyle,"box.setStyle("""");",clearInlineStyle(box),tokenized-pass-8,closed-proven,Resolved by named JavaFX inline-style reset helper; keep CSS-owned visual state outside renderer subnode residue.,docs/gui-uncategorized-visual-literal-proof.md,Intentional renderer reset path uses CLEARED_INLINE_STYLE through clearInlineStyle(Node).
GVT-1063,css-java-uncategorized-visual-literals,java-inline-style,src/main/java/qupath/ext/astra/PipelineLauncher.java,7382,,setStyle,"setStyle("""");",clearInlineStyle(this),tokenized-pass-8,closed-proven,Resolved by named JavaFX inline-style reset helper; keep CSS-owned visual state outside renderer subnode residue.,docs/gui-uncategorized-visual-literal-proof.md,Intentional renderer reset path uses CLEARED_INLINE_STYLE through clearInlineStyle(Node).
GVT-1064,css-java-uncategorized-visual-literals,java-inline-style,src/main/java/qupath/ext/astra/PipelineLauncher.java,8383,,setStyle,editor.setStyle(isAtDefaultValue() ? baseStyle : baseStyle + changedStyle);,rememberBaseInlineStyle(editor); restoreBaseInlineStyle(editor); astra-editor-changed-from-default,tokenized-pass-8,closed-proven,Resolved by named base inline-style cache/restore helpers plus CSS changed-state class.,docs/gui-uncategorized-visual-literal-proof.md,Default-state restoration is semantic JavaFX state management; changed visual styling remains CSS-owned.
GVT-1065,control-geometry,java-inline-style,src/test/java/qupath/ext/astra/PipelineLauncherTest.java,3326,,setStyle,"assertFalse(view.contains(""copy.setStyle(copiedLogButtonStyle())""));","assertFalse(view.contains(""copy.setStyle(copiedLogButtonStyle())""));",generated/test-only,closed-test-only,Keep diagnostic/test-only geometry derived from named tokens; do not use these values as production layout constants.,preview diagnostic artifact or focused test guard,Control-geometry pass 3 resolved this test/diagnostic row as generated or token-derived proof code.
GVT-1066,control-geometry,java-inline-style,src/test/java/qupath/ext/astra/PipelineLauncherTest.java,3327,,setStyle,"assertFalse(view.contains(""currentHiddenToggle.setStyle(disclosureButtonStyle())""));","assertFalse(view.contains(""currentHiddenToggle.setStyle(disclosureButtonStyle())""));",generated/test-only,closed-test-only,Keep diagnostic/test-only geometry derived from named tokens; do not use these values as production layout constants.,preview diagnostic artifact or focused test guard,Control-geometry pass 3 resolved this test/diagnostic row as generated or token-derived proof code.
GVT-1067,control-geometry,java-inline-style,src/test/java/qupath/ext/astra/PipelineLauncherTest.java,3328,,setStyle,"assertFalse(view.contains(""title.setStyle(\""-fx-font-family: \"" + FONT_STACK""));","assertFalse(view.contains(""title.setStyle(\""-fx-font-family: \"" + FONT_STACK""));",tokenized-pass-3,closed-proven,Keep inline style reset routed through clearInlineStyle and the control-geometry pass source guard.,Control-geometry proof and source guard; not typography alpha proof.,"Reclassified out of typography during pass 4; empty style reset is control hygiene, not text rendering."
GVT-1068,control-geometry,java-inline-style,src/test/java/qupath/ext/astra/PipelineLauncherTest.java,3329,,setStyle,"assertFalse(view.contains(""badge.setStyle(\""-fx-font-family: \"" + FONT_STACK""));","assertFalse(view.contains(""badge.setStyle(\""-fx-font-family: \"" + FONT_STACK""));",tokenized-pass-3,closed-proven,Keep inline style reset routed through clearInlineStyle and the control-geometry pass source guard.,Control-geometry proof and source guard; not typography alpha proof.,"Reclassified out of typography during pass 4; empty style reset is control hygiene, not text rendering."
